"Customer_Name","Promo_Transactions","Total_Transactions","Promo_Response_Rate"
Anthony Dunn,5,5,100.0
Valerie Wagner,6,6,100.0
Veronica Ward,6,6,100.0
Veronica Peterson,8,8,100.0
Christopher Morton,5,5,100.0
Jacob Price,7,7,100.0
Amber Ramos,7,7,100.0
Kevin Luna,5,5,100.0
Theresa Parker,6,6,100.0
Amy Bowman,6,6,100.0
Adam Medina,5,5,100.0
Chad Sanchez,5,5,100.0
Mitchell White,5,5,100.0
Gregory Medina,8,8,100.0
David Brennan,7,7,100.0
Ashley Gordon,7,7,100.0
Christopher Chang,5,5,100.0
Heather Hart,6,6,100.0
Richard Carr,7,7,100.0
Daniel Ingram,5,5,100.0
Teresa Arnold,8,8,100.0
Paul Santos,6,6,100.0
Amanda Leonard,5,5,100.0
Alex Roberts,6,6,100.0
Kayla Rose,5,5,100.0
Jeff King,5,5,100.0
Joseph Barker,9,9,100.0
Cynthia Gordon,6,6,100.0
Denise Gomez,8,8,100.0
Melissa Anthony,5,5,100.0
Robert Hines,10,10,100.0
Jennifer Kirk,6,6,100.0
Karen Lawrence,5,5,100.0
Joseph Cantu,5,5,100.0
Scott Freeman,5,5,100.0
Richard Snyder,5,5,100.0
Wanda Rodriguez,6,6,100.0
Mary Graves,9,9,100.0
Andrew Conway,5,5,100.0
Kimberly Tyler,6,6,100.0
Cassandra Henderson,5,5,100.0
Jean Davis,5,5,100.0
Rebecca Whitaker,5,5,100.0
Heather Davidson,5,5,100.0
Cheryl Price,5,5,100.0
Cynthia Ross,7,7,100.0
Megan Harrison,5,5,100.0
Riley Johnson,5,5,100.0
Heather Mills,5,5,100.0
Amber Dunn,6,6,100.0
Ashley Vega,7,7,100.0
David Rowe,5,5,100.0
Jennifer Jacobson,5,5,100.0
Daniel Webb,8,8,100.0
Amy Kennedy,6,6,100.0
Lauren Sherman,5,5,100.0
Timothy French,6,6,100.0
Brett Hamilton,5,5,100.0
Ann Wilson,10,10,100.0
James Chen,6,6,100.0
Jennifer Hurst,8,8,100.0
William Vaughan,6,6,100.0
Brenda Willis,7,7,100.0
Jessica Nicholson,6,6,100.0
David Cameron,5,5,100.0
Monica Woods,5,5,100.0
Mark Stuart,5,5,100.0
Ashley Schmidt,7,7,100.0
Nicole Stevenson,5,5,100.0
Monica Dunn,5,5,100.0
Richard Mcmahon,5,5,100.0
Teresa Bennett,5,5,100.0
Adrian Young,5,5,100.0
Devin Lopez,6,6,100.0
Chad Wright,5,5,100.0
Jason Leblanc,5,5,100.0
Anthony Russell,10,10,100.0
Cindy Morgan,5,5,100.0
Jeffrey Drake,5,5,100.0
Brandon Franklin,7,7,100.0
Richard Kelly,13,13,100.0
Jeremy Jimenez,5,5,100.0
Joseph Norton,6,6,100.0
Ashley Cochran,5,5,100.0
Lisa Shea,5,5,100.0
Mary Vazquez,6,6,100.0
Michelle Leach,5,5,100.0
Felicia Sanders,6,6,100.0
Charles Burton,6,6,100.0
Michele Barnes,5,5,100.0
Robert Davila,6,6,100.0
Diane Rodriguez,10,10,100.0
Cody Mitchell,7,7,100.0
Larry Owens,6,6,100.0
Cynthia Simon,5,5,100.0
Joseph Caldwell,5,5,100.0
Christopher Zuniga,5,5,100.0
Elizabeth Garner,7,7,100.0
Taylor Romero,5,5,100.0
Tyler Rivera,6,6,100.0
Carl Allen,5,5,100.0
Edward Hunter,5,5,100.0
Chad Harrison,5,5,100.0
Carol Miller,6,6,100.0
Brian Douglas,5,5,100.0
Rachel Adams,6,6,100.0
Lisa Cain,7,7,100.0
William Luna,5,5,100.0
Jon Kelly,5,5,100.0
Heather Ray,5,5,100.0
Sarah Hart,7,7,100.0
William Landry,5,5,100.0
Timothy Bennett,6,6,100.0
Stephanie Welch,7,7,100.0
Gabriel Benson,5,5,100.0
Donna Perry,7,7,100.0
Jonathan Hansen,6,6,100.0
Amanda Daugherty,6,6,100.0
Zachary Harrison,5,5,100.0
Jacqueline Adams,8,8,100.0
Katherine Morton,5,5,100.0
Brandi Lee,9,9,100.0
William Mejia,6,6,100.0
Christine Kaiser,5,5,100.0
Brenda Wong,5,5,100.0
Heather Graham,6,6,100.0
Jennifer Rojas,7,7,100.0
Bradley Watson,5,5,100.0
Angela Ball,6,6,100.0
Melanie Hall,6,6,100.0
Wanda King,5,5,100.0
Gregory Gray,9,9,100.0
Kevin Mosley,6,6,100.0
Patricia Foster,5,5,100.0
Andrea Oliver,6,6,100.0
Joshua Bowman,5,5,100.0
Tyler Wells,5,5,100.0
Emily Reynolds,5,5,100.0
Wendy Hawkins,5,5,100.0
Donna Harper,5,5,100.0
Ryan Russell,5,5,100.0
Robert Acosta,5,5,100.0
Daniel Abbott,6,6,100.0
Katherine Newman,5,5,100.0
Barbara Alvarez,5,5,100.0
Dominique Jones,6,6,100.0
Joseph Lucas,6,6,100.0
Michelle Vega,6,6,100.0
Troy Rivera,5,5,100.0
Anna Bailey,5,5,100.0
Shawn Ramirez,8,8,100.0
Jonathan Cortez,5,5,100.0
John Barry,9,9,100.0
Penny King,5,5,100.0
James Park,10,10,100.0
Mitchell Ross,5,5,100.0
Heather Johnston,6,6,100.0
Mackenzie Williams,5,5,100.0
Madison Stewart,6,6,100.0
Nicole Ortega,7,7,100.0
Deborah Stevens,6,6,100.0
Douglas Gibson,5,5,100.0
Steven Cohen,5,5,100.0
Kathleen Ruiz,6,6,100.0
Eric Frederick,5,5,100.0
Joshua Chandler,5,5,100.0
Sarah Quinn,5,5,100.0
James Hull,8,8,100.0
Angela Barrera,5,5,100.0
Cheryl Kim,5,5,100.0
Paul Wheeler,7,7,100.0
Jason Franklin,5,5,100.0
Tina Rhodes,6,6,100.0
Susan Stevens,6,6,100.0
Matthew Beltran,5,5,100.0
John Mccann,5,5,100.0
Amy Fischer,5,5,100.0
Kathryn Jordan,5,5,100.0
Dustin Hayes,6,6,100.0
Jeff Anderson,6,6,100.0
Joseph Adkins,5,5,100.0
Christina Arnold,7,7,100.0
Jordan Pierce,5,5,100.0
Bruce Knight,5,5,100.0
Crystal Marshall,6,6,100.0
John Mora,5,5,100.0
Amy Douglas,6,6,100.0
James Montoya,10,10,100.0
Timothy Gates,6,6,100.0
Timothy Pope,5,5,100.0
Deborah Bell,5,5,100.0
Chad Wood,5,5,100.0
Richard Pham,5,5,100.0
Todd Hanson,5,5,100.0
Sarah Arellano,5,5,100.0
Jennifer Harvey,5,5,100.0
Bradley Griffin,6,6,100.0
Elizabeth Armstrong,8,8,100.0
Sherri Morgan,5,5,100.0
Rhonda Perez,5,5,100.0
Nicholas Cummings,5,5,100.0
Bonnie Jackson,6,6,100.0
Paula Myers,5,5,100.0
Brian Maxwell,5,5,100.0
Paul Ruiz,7,7,100.0
Andrea Mendoza,7,7,100.0
Gregory Newman,5,5,100.0
Jason Le,6,6,100.0
Brittany Morris,5,5,100.0
Christopher Fitzpatrick,6,6,100.0
Nathan Walters,5,5,100.0
Thomas Curtis,7,7,100.0
Janice Nguyen,5,5,100.0
Kaitlyn Hill,5,5,100.0
Dylan Perez,7,7,100.0
Andrew Oliver,5,5,100.0
Gary Ferguson,5,5,100.0
Denise Hamilton,5,5,100.0
Gloria Thomas,7,7,100.0
Ashley Nunez,5,5,100.0
Crystal King,5,5,100.0
Jessica Rivers,5,5,100.0
Kenneth Powers,5,5,100.0
Lisa Mcgee,5,5,100.0
Christina Dixon,6,6,100.0
Thomas Henson,5,5,100.0
Jennifer Gallagher,6,6,100.0
Joseph Moreno,5,5,100.0
Amanda Knapp,5,5,100.0
Ian Martin,6,6,100.0
Mitchell Lee,5,5,100.0
Charles Mendoza,5,5,100.0
John Grimes,9,9,100.0
Tony Moore,9,9,100.0
Benjamin Meyer,5,5,100.0
Adrian Harris,6,6,100.0
Beth Scott,5,5,100.0
Roger Cox,5,5,100.0
Jeffrey Walls,5,5,100.0
Brian Bowen,6,6,100.0
Mark Koch,6,6,100.0
Keith Munoz,5,5,100.0
Stephen Johnston,5,5,100.0
Cynthia Bell,9,9,100.0
Kelly Mendoza,9,9,100.0
Laura Soto,5,5,100.0
James Benton,5,5,100.0
Eric Pitts,5,5,100.0
Kimberly Chen,6,6,100.0
Dennis Morris,5,5,100.0
Mark Munoz,5,5,100.0
Brian Olson,7,7,100.0
Christina Obrien,7,7,100.0
Curtis Walker,6,6,100.0
Johnathan Davis,9,9,100.0
Patricia Bishop,5,5,100.0
Mary Chen,5,5,100.0
Nancy Rivera,7,7,100.0
Lauren Jordan,5,5,100.0
Victor Peterson,6,6,100.0
Sarah Thornton,6,6,100.0
Stephen Schneider,5,5,100.0
Rhonda Baker,7,7,100.0
Laura Snyder,9,9,100.0
Carolyn Hernandez,5,5,100.0
Thomas Briggs,5,5,100.0
Edward Russell,11,11,100.0
Melissa Cobb,5,5,100.0
Alexander Ortiz,5,5,100.0
William Wall,5,5,100.0
David Decker,6,6,100.0
Joseph Mann,5,5,100.0
Samuel Harvey,5,5,100.0
Michelle Hopkins,6,6,100.0
Christina Gill,5,5,100.0
Thomas Logan,6,6,100.0
Roger Moore,7,7,100.0
Darlene Sanchez,5,5,100.0
Kenneth Weber,5,5,100.0
Michelle Carrillo,5,5,100.0
Andrea Wallace,5,5,100.0
Christopher Finley,5,5,100.0
David Barton,6,6,100.0
Kevin Silva,5,5,100.0
Richard Baldwin,6,6,100.0
Rachel Mann,5,5,100.0
Robert Ayala,5,5,100.0
Christina Barajas,5,5,100.0
Jessica Howe,6,6,100.0
John Murillo,5,5,100.0
Kimberly Reeves,6,6,100.0
Grace Dunn,5,5,100.0
Barbara Nichols,6,6,100.0
Richard Valdez,5,5,100.0
Sharon Reynolds,7,7,100.0
Adam Bailey,8,8,100.0
Carrie Fisher,5,5,100.0
Julie Wu,5,5,100.0
Justin Wise,5,5,100.0
William Mosley,6,6,100.0
Andrea Moran,5,5,100.0
Charles Duncan,5,5,100.0
Howard Williams,7,7,100.0
Steven Berg,6,6,100.0
Lisa Hurst,7,7,100.0
Ryan Norton,6,6,100.0
Brian Cardenas,5,5,100.0
Nicholas Nichols,5,5,100.0
Kevin Leach,6,6,100.0
Melissa Wade,5,5,100.0
Lauren Soto,5,5,100.0
Ronald Morgan,5,5,100.0
Debra Morgan,6,6,100.0
Steven Jensen,5,5,100.0
Denise Mcdaniel,5,5,100.0
Stephanie Hanson,5,5,100.0
Nicole Stevens,7,7,100.0
Jamie Holmes,5,5,100.0
Kenneth Skinner,5,5,100.0
Kenneth Hanson,5,5,100.0
Ryan Walsh,5,5,100.0
Yolanda White,6,6,100.0
Vanessa Harrison,6,6,100.0
Kenneth Vincent,5,5,100.0
Michael Mathis,5,5,100.0
Andrew Holland,5,5,100.0
Samuel Edwards,5,5,100.0
Brenda Foster,5,5,100.0
Gary Craig,5,5,100.0
Cynthia Fuller,5,5,100.0
Sherry Walker,5,5,100.0
Bryan Malone,5,5,100.0
Jamie Bishop,5,5,100.0
Jessica Foley,6,6,100.0
Ariana Smith,8,8,100.0
Jeffrey Hartman,6,6,100.0
Jordan Long,7,7,100.0
Lori Tran,6,6,100.0
David Burnett,6,6,100.0
Benjamin Shaw,5,5,100.0
Morgan Lewis,7,7,100.0
Haley Sanchez,5,5,100.0
Jeffrey Banks,6,6,100.0
Jennifer Lloyd,7,7,100.0
Brian Christensen,6,6,100.0
Nicole Hoffman,5,5,100.0
Jennifer Winters,6,6,100.0
William Ewing,6,6,100.0
Linda Wallace,5,5,100.0
Pamela Bates,5,5,100.0
Philip Watkins,6,6,100.0
Theresa Reid,6,6,100.0
Laura Olson,5,5,100.0
Larry Woods,6,6,100.0
Matthew Lowery,6,6,100.0
Timothy Williamson,5,5,100.0
Kevin Dickerson,6,6,100.0
Jessica Estrada,8,8,100.0
Melissa Sparks,5,5,100.0
Kyle Jordan,9,9,100.0
Michele Martin,5,5,100.0
Jacqueline Jordan,5,5,100.0
Sandra Carpenter,5,5,100.0
Deanna Lopez,6,6,100.0
Justin Medina,6,6,100.0
Stephanie Leonard,5,5,100.0
Angela Gilbert,6,6,100.0
Melissa Cannon,5,5,100.0
Rachael Jones,6,6,100.0
Thomas Camacho,6,6,100.0
Kevin Joseph,5,5,100.0
Miguel Jackson,6,6,100.0
Cassandra Holmes,5,5,100.0
Tara Watkins,5,5,100.0
Carlos Hall,5,5,100.0
Amy Robbins,5,5,100.0
Brian Fuller,7,7,100.0
Russell Rodriguez,8,8,100.0
Cheryl Graham,5,5,100.0
Kimberly Munoz,6,6,100.0
Leslie Turner,7,7,100.0
Tracy Mejia,5,5,100.0
Karen Gomez,9,9,100.0
Rachel Lawrence,6,6,100.0
Nicole Mcdaniel,6,6,100.0
Steven Buck,7,7,100.0
Richard Bradley,8,8,100.0
Amy Morse,5,5,100.0
Lisa Malone,5,5,100.0
James Cooke,5,5,100.0
Hannah Moore,8,8,100.0
Joseph Pace,5,5,100.0
Tammy Craig,5,5,100.0
Stephanie Cross,6,6,100.0
Jeremy Pearson,5,5,100.0
Nicole Sutton,5,5,100.0
Kevin Powers,5,5,100.0
Kerry Garcia,5,5,100.0
Edwin Rodriguez,5,5,100.0
Michael Colon,9,9,100.0
Jamie Austin,5,5,100.0
Michael Yu,6,6,100.0
Wendy Gonzalez,5,5,100.0
Kimberly Warner,5,5,100.0
Amanda Charles,5,5,100.0
Karen Hawkins,7,7,100.0
Andrew Mclaughlin,5,5,100.0
John Benton,6,6,100.0
Sheila Ward,5,5,100.0
Amy Wolfe,5,5,100.0
Erica Jenkins,8,8,100.0
Krystal Hernandez,6,6,100.0
Mark Hopkins,5,5,100.0
Todd Russell,6,6,100.0
Craig Allen,5,5,100.0
Patrick Carr,5,5,100.0
Jeremy Cox,8,8,100.0
Howard King,5,5,100.0
Oscar Miller,6,6,100.0
Mark Rose,6,6,100.0
Nicholas Daniels,5,5,100.0
Nicholas Hamilton,7,7,100.0
Tony Clark,5,5,100.0
Billy Clark,5,5,100.0
Emily Erickson,5,5,100.0
Paul Mendoza,5,5,100.0
Andrew Holt,5,5,100.0
Kenneth Neal,6,6,100.0
Michelle Drake,6,6,100.0
Aaron Banks,8,8,100.0
Julia Green,10,10,100.0
Kathy Mitchell,6,6,100.0
Elizabeth Howell,5,5,100.0
Eric Rice,10,10,100.0
Jordan Hart,5,5,100.0
Dana Barnes,5,5,100.0
Heather Calderon,7,7,100.0
Marc Green,6,6,100.0
Andrew Chen,8,8,100.0
Dawn Edwards,6,6,100.0
Teresa Choi,5,5,100.0
Meredith Williams,6,6,100.0
Morgan Coleman,6,6,100.0
Bryan Chen,5,5,100.0
James Randolph,5,5,100.0
Donna Myers,5,5,100.0
William Blanchard,5,5,100.0
Tracy Colon,5,5,100.0
Scott Lynch,5,5,100.0
Dan Johnson,5,5,100.0
Mark Lawson,6,6,100.0
Henry White,7,7,100.0
Renee Martin,5,5,100.0
Allison Boone,6,6,100.0
Faith Johnson,5,5,100.0
Susan Dixon,8,8,100.0
Allison Bell,5,5,100.0
Jonathan Patterson,9,9,100.0
Benjamin Edwards,6,6,100.0
Susan Benson,7,7,100.0
Megan Gordon,10,10,100.0
Catherine Simmons,5,5,100.0
Heather Bowman,5,5,100.0
Christina Berry,5,5,100.0
Rebecca Copeland,5,5,100.0
Janet Diaz,5,5,100.0
Jill Hill,6,6,100.0
Jon Wilson,6,6,100.0
Cynthia Tucker,6,6,100.0
Shannon Oconnell,5,5,100.0
Tammy Reid,5,5,100.0
Rebecca Alexander,7,7,100.0
Elizabeth Gamble,5,5,100.0
Alec Smith,5,5,100.0
Scott Mckinney,5,5,100.0
Darrell Garcia,5,5,100.0
Melissa Browning,5,5,100.0
Travis Hernandez,6,6,100.0
Joseph Hood,6,6,100.0
Kyle Shepherd,6,6,100.0
Maria Mcdaniel,5,5,100.0
Jennifer Mays,7,7,100.0
Robert Cervantes,9,9,100.0
Tina Henderson,5,5,100.0
Corey Peterson,5,5,100.0
Rebecca Vasquez,6,6,100.0
Jeffrey Terry,5,5,100.0
Melissa Vaughn,9,9,100.0
Anthony Weber,5,5,100.0
Michael Johns,5,5,100.0
Amanda Brady,7,7,100.0
Dillon Rodriguez,5,5,100.0
Victoria Mason,5,5,100.0
Mary Schmidt,8,8,100.0
Scott Marshall,6,6,100.0
Danny Collins,5,5,100.0
Rodney Tucker,5,5,100.0
Jacob Jimenez,9,9,100.0
Denise Silva,5,5,100.0
Lisa Marquez,6,6,100.0
Jesse Nguyen,5,5,100.0
Amanda Rivas,6,6,100.0
Jordan Holmes,6,6,100.0
Jose Wilson,12,12,100.0
Joseph Bean,5,5,100.0
Donna Olson,5,5,100.0
Tony Walker,7,7,100.0
Stephanie Warren,10,10,100.0
Lisa Li,5,5,100.0
Danielle Franco,5,5,100.0
Joseph Hopkins,5,5,100.0
Heidi Lane,5,5,100.0
Tammy Mann,5,5,100.0
Charles Landry,5,5,100.0
William Randall,6,6,100.0
Daniel Daniel,7,7,100.0
Colleen Anderson,6,6,100.0
Craig Wood,5,5,100.0
John Michael,9,9,100.0
Corey Robinson,6,6,100.0
John Sampson,6,6,100.0
Lisa Werner,5,5,100.0
Katie Griffin,6,6,100.0
Derrick Lopez,6,6,100.0
Richard Schwartz,5,5,100.0
Gregory Bass,6,6,100.0
Abigail Nelson,10,10,100.0
Nicholas Fischer,5,5,100.0
Kelly Ray,6,6,100.0
Julia Wright,5,5,100.0
April Nguyen,5,5,100.0
Angela Cain,5,5,100.0
Christopher Cooke,7,7,100.0
Matthew Franklin,6,6,100.0
Jeffery Pierce,6,6,100.0
Matthew Ritter,5,5,100.0
Susan Steele,6,6,100.0
Maria Lynch,6,6,100.0
John Lawson,5,5,100.0
Daniel Lam,5,5,100.0
Ronald Walker,11,11,100.0
Emily Hardy,7,7,100.0
Douglas Washington,5,5,100.0
Benjamin Armstrong,5,5,100.0
Sarah Gross,5,5,100.0
Katherine Maxwell,5,5,100.0
George Lopez,7,7,100.0
David Griffith,9,9,100.0
Tyler Ward,8,8,100.0
Michelle Hanson,8,8,100.0
Angel Lopez,7,7,100.0
Kathryn Gardner,5,5,100.0
Mary Chavez,10,10,100.0
Nicole Hogan,5,5,100.0
Olivia Evans,5,5,100.0
Amy Weaver,7,7,100.0
Amy Pittman,6,6,100.0
Becky Brown,5,5,100.0
Tammy Guzman,5,5,100.0
Marvin Smith,10,10,100.0
Bobby White,5,5,100.0
Brandi Scott,5,5,100.0
Nicole Barton,5,5,100.0
Angelica Jackson,5,5,100.0
Kimberly Shelton,5,5,100.0
Donna James,5,5,100.0
Lindsay Gonzalez,5,5,100.0
Joshua Parsons,6,6,100.0
Mark Rocha,5,5,100.0
Erin Collins,8,8,100.0
Samantha Robles,5,5,100.0
Ricardo Perez,5,5,100.0
Stacey Martinez,5,5,100.0
Anthony Miles,5,5,100.0
Michelle Franklin,9,9,100.0
Christine Hoffman,6,6,100.0
Angela Hunt,6,6,100.0
Amy Romero,5,5,100.0
Theresa Fernandez,6,6,100.0
Tammy Montgomery,5,5,100.0
Audrey Reynolds,5,5,100.0
Brittany Fernandez,6,6,100.0
Corey Taylor,5,5,100.0
Toni Williams,6,6,100.0
Sara Cooper,7,7,100.0
Anthony Roth,7,7,100.0
Patrick Simpson,5,5,100.0
Jennifer Casey,6,6,100.0
Nicholas Andrews,7,7,100.0
Todd Grant,6,6,100.0
Daniel Ayers,5,5,100.0
Danielle Paul,5,5,100.0
Patrick Cooper,7,7,100.0
Annette Harris,5,5,100.0
Joseph Bridges,7,7,100.0
Megan Myers,10,10,100.0
Patrick Henson,5,5,100.0
Aaron Todd,5,5,100.0
Erin Long,6,6,100.0
Cristian Miller,5,5,100.0
Amanda Thornton,7,7,100.0
Jacqueline Gonzales,5,5,100.0
Victor Ward,5,5,100.0
Joshua Cummings,5,5,100.0
Melissa Pena,5,5,100.0
Jamie Griffin,6,6,100.0
Cody Jacobs,5,5,100.0
Derrick Martin,5,5,100.0
Michelle Dixon,7,7,100.0
Jacob Butler,6,6,100.0
Brandon Kennedy,6,6,100.0
Jordan Nash,5,5,100.0
Debra Boyd,6,6,100.0
Tiffany Wood,8,8,100.0
Thomas Bishop,8,8,100.0
Nicole Wheeler,5,5,100.0
Louis Robinson,5,5,100.0
Roy Jackson,5,5,100.0
Nathan Larson,5,5,100.0
Sarah Randall,9,9,100.0
Taylor Stevenson,5,5,100.0
Abigail Taylor,6,6,100.0
Kathryn Scott,9,9,100.0
Sandra Owens,6,6,100.0
Heather Gardner,9,9,100.0
Tony Perry,5,5,100.0
Julia Alexander,5,5,100.0
Joseph Atkinson,5,5,100.0
Charles Haynes,5,5,100.0
Steven Blake,7,7,100.0
Tina Watson,8,8,100.0
Lindsey Salazar,6,6,100.0
Lauren Ward,7,7,100.0
Jeffrey Matthews,5,5,100.0
Linda Dunn,6,6,100.0
Wendy Robertson,5,5,100.0
Kenneth Hunter,6,6,100.0
Andrea Klein,5,5,100.0
Paul Garrett,5,5,100.0
Steven Richards,5,5,100.0
Jeffrey Brennan,5,5,100.0
Joshua Hensley,5,5,100.0
Steven Mathews,5,5,100.0
Steven Castro,6,6,100.0
Tony Green,5,5,100.0
Hannah Perkins,5,5,100.0
Catherine Dominguez,5,5,100.0
Jennifer Petersen,6,6,100.0
Carolyn Bailey,5,5,100.0
Anthony Carpenter,6,6,100.0
Virginia Brown,5,5,100.0
Crystal Daniels,5,5,100.0
Brian Gill,7,7,100.0
Gary Watson,7,7,100.0
John Mullen,5,5,100.0
Casey Parker,7,7,100.0
Nathan Reed,8,8,100.0
Samantha Kane,5,5,100.0
Angela Zimmerman,6,6,100.0
Mary Reeves,7,7,100.0
Karen Rios,5,5,100.0
Timothy Reilly,5,5,100.0
Cameron Sanchez,5,5,100.0
Kimberly Kemp,6,6,100.0
Kristen Mcdonald,6,6,100.0
Glenn Gonzalez,6,6,100.0
Jessica Moses,5,5,100.0
William Cardenas,7,7,100.0
Henry Martinez,5,5,100.0
Sandra Fuentes,5,5,100.0
Jessica Castaneda,5,5,100.0
Charles Moss,5,5,100.0
Nicholas Matthews,5,5,100.0
Shannon Ramos,5,5,100.0
Kimberly Dunn,5,5,100.0
Crystal Alvarado,5,5,100.0
Anthony Nicholson,8,8,100.0
Danielle Mason,7,7,100.0
Kelly Freeman,8,8,100.0
Eric Massey,5,5,100.0
Roger Nguyen,6,6,100.0
Tracey Gonzalez,5,5,100.0
Holly Nelson,6,6,100.0
April Edwards,6,6,100.0
Donna Burns,6,6,100.0
Kenneth Freeman,10,10,100.0
Courtney Wood,6,6,100.0
Ashley Beck,6,6,100.0
Joshua Sims,5,5,100.0
Tammy Brooks,5,5,100.0
Tammy Jimenez,5,5,100.0
Kelly Chandler,5,5,100.0
Brooke Adams,5,5,100.0
John Sexton,5,5,100.0
Crystal Moreno,5,5,100.0
Timothy Mosley,5,5,100.0
Michelle Alvarez,7,7,100.0
Terry Martinez,8,8,100.0
George Sullivan,5,5,100.0
Richard Fernandez,5,5,100.0
Christopher Lin,6,6,100.0
Cameron Wilson,6,6,100.0
Maureen Lee,5,5,100.0
Bryan Flores,5,5,100.0
Stephen Hunter,9,9,100.0
Tracy Perry,9,9,100.0
Susan Richards,8,8,100.0
Alexander Fitzgerald,5,5,100.0
Amber Bradley,5,5,100.0
Nicole Morrison,5,5,100.0
Nancy Chavez,5,5,100.0
Patrick Walton,6,6,100.0
Wendy Holmes,7,7,100.0
Erin Stokes,5,5,100.0
Eric Gallagher,6,6,100.0
Anthony Frederick,6,6,100.0
Julie Aguilar,6,6,100.0
Madison Miller,7,7,100.0
Danielle Castro,6,6,100.0
Andrew Bradley,6,6,100.0
Karen Berry,6,6,100.0
Ryan Alexander,5,5,100.0
Cheryl Scott,10,10,100.0
Brittany Simmons,5,5,100.0
Molly Ramirez,6,6,100.0
Stacy Lopez,5,5,100.0
Diana Bryant,5,5,100.0
Joseph Elliott,10,10,100.0
Scott Hines,5,5,100.0
Dana Ramirez,5,5,100.0
Cathy Anderson,6,6,100.0
Kelly Owens,5,5,100.0
Catherine Rogers,8,8,100.0
Erica Willis,5,5,100.0
Rhonda Allen,5,5,100.0
Michelle Peters,5,5,100.0
Jennifer Crosby,5,5,100.0
Nicholas Washington,8,8,100.0
Wendy Armstrong,5,5,100.0
Joshua Fox,6,6,100.0
Thomas Chapman,7,7,100.0
Kimberly Barr,5,5,100.0
Jonathan Shelton,6,6,100.0
Eric Gross,6,6,100.0
Brandon Bryant,5,5,100.0
Timothy Gill,5,5,100.0
Teresa Morgan,5,5,100.0
Laura Chase,5,5,100.0
Joseph Benton,6,6,100.0
Amy Summers,5,5,100.0
James Pace,5,5,100.0
Heather Price,10,10,100.0
Margaret Cruz,6,6,100.0
Nicholas Rios,5,5,100.0
Justin Hicks,9,9,100.0
Dustin Perez,10,10,100.0
Olivia Anderson,5,5,100.0
Lisa Burch,5,5,100.0
Holly Peterson,5,5,100.0
Karen Sherman,5,5,100.0
Denise Hunt,5,5,100.0
Jessica Poole,9,9,100.0
Jason Orozco,5,5,100.0
Daniel Rivers,5,5,100.0
Patrick Fisher,6,6,100.0
Adam Mccarthy,5,5,100.0
Traci Davis,5,5,100.0
Nicholas Wade,5,5,100.0
Amy Benson,5,5,100.0
Robert Obrien,12,12,100.0
Adam Morris,6,6,100.0
Lisa Gould,5,5,100.0
Shannon Larson,5,5,100.0
Kevin Mills,10,10,100.0
Stacy Flores,5,5,100.0
Jeffrey Casey,5,5,100.0
Jeffrey May,7,7,100.0
Monique Robinson,5,5,100.0
Angela Higgins,7,7,100.0
Laura Gross,5,5,100.0
Julie Chandler,6,6,100.0
Jeffrey Sutton,5,5,100.0
Dustin Torres,5,5,100.0
Emily Richards,5,5,100.0
Veronica Miller,13,13,100.0
Misty Martin,6,6,100.0
Anthony Herman,5,5,100.0
Grace Rodriguez,5,5,100.0
Rodney Perry,5,5,100.0
John Colon,5,5,100.0
Crystal Hayes,8,8,100.0
Christopher Sloan,10,10,100.0
Richard Weber,7,7,100.0
Robert Pearson,5,5,100.0
George Chambers,5,5,100.0
Bryan Lynch,5,5,100.0
Courtney Larson,6,6,100.0
Gary Peterson,7,7,100.0
Teresa Ortiz,6,6,100.0
Catherine Hall,8,8,100.0
Victoria Walsh,5,5,100.0
Randy Lopez,6,6,100.0
John Snow,5,5,100.0
Alicia Cooper,6,6,100.0
Danielle Lawrence,5,5,100.0
Andrew Davidson,7,7,100.0
Adam Carroll,5,5,100.0
Allison Watson,5,5,100.0
Leslie Cole,6,6,100.0
Jordan Hansen,5,5,100.0
Sharon Reyes,5,5,100.0
Joseph Watkins,9,9,100.0
Angela Ortega,5,5,100.0
Christopher Hogan,5,5,100.0
Michael Blankenship,5,5,100.0
Patricia George,6,6,100.0
Carolyn Coleman,5,5,100.0
Amy Sandoval,5,5,100.0
Barbara Ramirez,5,5,100.0
Mark Ray,8,8,100.0
Justin Terry,5,5,100.0
Katie Ellis,5,5,100.0
Stacey Lawson,5,5,100.0
Sharon Ross,7,7,100.0
Steve Rodriguez,5,5,100.0
Jason Solis,5,5,100.0
Steven Charles,6,6,100.0
Ryan Cantu,5,5,100.0
Kenneth Patel,7,7,100.0
Barbara Tucker,6,6,100.0
Angela Hughes,5,5,100.0
John Phelps,7,7,100.0
William Christensen,8,8,100.0
Andrew Hanson,7,7,100.0
Amanda Salas,5,5,100.0
Samuel Gibson,6,6,100.0
Eric Fields,6,6,100.0
Jennifer Zuniga,5,5,100.0
Victoria Walters,5,5,100.0
Natasha Harris,9,9,100.0
Gregory Mcdonald,5,5,100.0
Thomas Monroe,5,5,100.0
Austin Collins,5,5,100.0
Donna Richardson,7,7,100.0
Allison Garcia,7,7,100.0
Scott Vasquez,8,8,100.0
Gregory Kaiser,5,5,100.0
Amy Steele,5,5,100.0
Eric Mckinney,5,5,100.0
Jonathan Gilmore,5,5,100.0
Kelly Sparks,6,6,100.0
Dawn Harper,6,6,100.0
Eileen Brown,7,7,100.0
Brianna Perez,5,5,100.0
Brittany Willis,5,5,100.0
Kevin Shaw,7,7,100.0
Patricia Ryan,6,6,100.0
Jason Gilbert,6,6,100.0
Cody Marshall,5,5,100.0
Phillip Olson,5,5,100.0
Sue Davis,5,5,100.0
Calvin Harris,5,5,100.0
Calvin Rodriguez,5,5,100.0
Jason Shaffer,5,5,100.0
Margaret Stewart,11,11,100.0
Timothy Cardenas,6,6,100.0
Christopher Kline,6,6,100.0
Alyssa Bell,6,6,100.0
Nancy Parker,9,9,100.0
Victor Grant,5,5,100.0
Amanda Valencia,6,6,100.0
Samantha Bowers,5,5,100.0
Kevin Villanueva,6,6,100.0
Heather Trujillo,5,5,100.0
Jennifer Rasmussen,5,5,100.0
Brett Anderson,7,7,100.0
Rebecca Nichols,5,5,100.0
Tony Taylor,8,8,100.0
Abigail Mendez,5,5,100.0
Timothy Schmidt,5,5,100.0
Brandon Weaver,7,7,100.0
Veronica Chavez,5,5,100.0
Brittany Miranda,5,5,100.0
Jeremiah Gonzalez,5,5,100.0
Scott Santos,7,7,100.0
Ashley Lawrence,8,8,100.0
Mary Wang,8,8,100.0
Brianna Clark,10,10,100.0
Samantha Hunter,8,8,100.0
Timothy Cline,5,5,100.0
Victoria Bowman,6,6,100.0
William Frey,6,6,100.0
Debra Fields,5,5,100.0
Jennifer Guerrero,12,12,100.0
Raymond Hall,8,8,100.0
Jennifer Mcneil,5,5,100.0
Troy Martinez,6,6,100.0
Randy Campbell,6,6,100.0
Richard Munoz,8,8,100.0
Jessica Aguirre,5,5,100.0
Kimberly Mcguire,5,5,100.0
Kyle Bridges,5,5,100.0
Amanda Holloway,5,5,100.0
Jamie Spencer,6,6,100.0
Crystal Steele,5,5,100.0
Daniel Garrett,6,6,100.0
Patrick Caldwell,5,5,100.0
James Bird,5,5,100.0
Jeremy Reynolds,6,6,100.0
John Krueger,5,5,100.0
Kathleen Wagner,5,5,100.0
Tyler Mclaughlin,5,5,100.0
Kimberly Gilbert,6,6,100.0
Ashley Fowler,6,6,100.0
Nicholas Silva,7,7,100.0
Jeffrey Carroll,8,8,100.0
Jimmy Garcia,8,8,100.0
Benjamin Ingram,7,7,100.0
Laura Simpson,5,5,100.0
Anne Moore,6,6,100.0
Christopher Walters,8,8,100.0
Megan Cunningham,6,6,100.0
Matthew Marquez,6,6,100.0
Ashley Wiggins,6,6,100.0
Donald Parker,7,7,100.0
Jessica Rich,5,5,100.0
Anthony Skinner,5,5,100.0
Daniel Callahan,5,5,100.0
Wayne Rodriguez,5,5,100.0
Alicia Evans,5,5,100.0
Eric Fitzgerald,7,7,100.0
Krystal Rogers,5,5,100.0
Jackson Smith,6,6,100.0
Kevin Duncan,5,5,100.0
Jennifer Ritter,6,6,100.0
Sherry Wright,5,5,100.0
Robert Joyce,5,5,100.0
Tammy Peters,6,6,100.0
Kimberly Jacobs,9,9,100.0
Olivia Thompson,6,6,100.0
Tammy Ellis,5,5,100.0
Robert Faulkner,5,5,100.0
Brandon Johnston,6,6,100.0
Jennifer Maddox,7,7,100.0
Daniel Todd,5,5,100.0
Emily Blake,5,5,100.0
Lisa Patton,5,5,100.0
Raymond Evans,7,7,100.0
Teresa Stewart,5,5,100.0
Cindy Martin,7,7,100.0
Ryan Mcintyre,5,5,100.0
Timothy Becker,6,6,100.0
Timothy Robertson,6,6,100.0
Cindy Bennett,7,7,100.0
Kevin Fischer,6,6,100.0
Anthony Kelley,9,9,100.0
Jeffrey David,5,5,100.0
Jonathan Neal,5,5,100.0
Robert Monroe,6,6,100.0
James Dougherty,6,6,100.0
Kelli Rogers,5,5,100.0
Jonathan Fletcher,7,7,100.0
Joshua Morrison,8,8,100.0
Thomas Fernandez,6,6,100.0
Veronica Owens,6,6,100.0
Monique Williams,5,5,100.0
Tyler Bowen,5,5,100.0
Larry George,5,5,100.0
Christopher Wade,7,7,100.0
Mark Spencer,6,6,100.0
Sarah Wilcox,5,5,100.0
Robert Griffith,8,8,100.0
Joseph Krueger,7,7,100.0
Nicole Montgomery,5,5,100.0
Krystal Moore,7,7,100.0
Kenneth Ruiz,5,5,100.0
Jared Nelson,5,5,100.0
Stephanie Adkins,5,5,100.0
Katherine Ward,9,9,100.0
Steven Conley,6,6,100.0
Melissa Black,7,7,100.0
Tiffany Porter,6,6,100.0
Rebecca Chapman,5,5,100.0
Jorge Davis,6,6,100.0
Lawrence Scott,5,5,100.0
Sara Simpson,5,5,100.0
Cynthia Wong,6,6,100.0
William Delgado,5,5,100.0
Eric Haley,6,6,100.0
Diana Sanders,5,5,100.0
Erica Wallace,6,6,100.0
Alex Jenkins,5,5,100.0
Mary Hodge,6,6,100.0
Cameron Edwards,5,5,100.0
Amy Willis,6,6,100.0
Tiffany Morris,5,5,100.0
Angela Roth,5,5,100.0
Richard Williamson,5,5,100.0
Daniel Robles,6,6,100.0
Matthew Calderon,5,5,100.0
Joseph Ware,5,5,100.0
Brittany Patel,6,6,100.0
April Murphy,7,7,100.0
Daniel Barrett,13,13,100.0
William Charles,5,5,100.0
Shawn Allen,8,8,100.0
Lauren Navarro,5,5,100.0
Brian Maldonado,5,5,100.0
Jennifer Stevenson,5,5,100.0
Susan Reyes,5,5,100.0
Lisa Oconnor,5,5,100.0
Kenneth Burgess,5,5,100.0
Nicholas Strong,5,5,100.0
Sara Munoz,7,7,100.0
Lisa Garner,5,5,100.0
Amanda Contreras,5,5,100.0
Christopher Yang,9,9,100.0
Brenda Hughes,6,6,100.0
Kevin Bates,6,6,100.0
Raymond Hill,7,7,100.0
Ashley Leon,5,5,100.0
Benjamin Dixon,5,5,100.0
Kelly Vasquez,6,6,100.0
James Case,5,5,100.0
Scott Murray,6,6,100.0
Courtney Weaver,6,6,100.0
Ronald Harrison,5,5,100.0
Amanda Medina,8,8,100.0
Leah Moore,5,5,100.0
Theresa Castro,5,5,100.0
Debra Griffin,5,5,100.0
Mary Hawkins,6,6,100.0
Brandon Russell,8,8,100.0
Shelby Martinez,5,5,100.0
Gina Myers,5,5,100.0
Joel Curtis,6,6,100.0
Laura Lawrence,5,5,100.0
Kayla Cooper,5,5,100.0
Tara Young,7,7,100.0
Nicole Guerrero,6,6,100.0
Daniel Summers,6,6,100.0
Antonio Long,5,5,100.0
Jonathan Caldwell,7,7,100.0
Michelle Schneider,6,6,100.0
Michelle Hoover,7,7,100.0
Walter Wright,5,5,100.0
Karen Burton,5,5,100.0
Thomas Mendez,8,8,100.0
Melissa Spencer,7,7,100.0
Michael Werner,6,6,100.0
Jennifer Nolan,5,5,100.0
Stephanie Hobbs,5,5,100.0
Jason Deleon,6,6,100.0
Paul Carroll,7,7,100.0
Kathryn Kim,5,5,100.0
Paul Ortiz,7,7,100.0
Stephen Collins,9,9,100.0
Allison Wheeler,5,5,100.0
Sandra Cunningham,5,5,100.0
Jose Warren,7,7,100.0
Michelle Bush,5,5,100.0
Laura Weber,6,6,100.0
Jenna Wilson,9,9,100.0
Samuel Kramer,5,5,100.0
Heather Burgess,9,9,100.0
Lauren Horton,5,5,100.0
Denise Rose,5,5,100.0
William Riley,7,7,100.0
Michael Lara,5,5,100.0
Vanessa Parker,6,6,100.0
Morgan Watson,5,5,100.0
Alexandra White,7,7,100.0
Lisa Gaines,5,5,100.0
William Guerra,5,5,100.0
Ethan Gonzalez,6,6,100.0
Sheri Martinez,8,8,100.0
Matthew Lang,6,6,100.0
Katie Young,6,6,100.0
Chris Hall,5,5,100.0
Leslie Ramirez,7,7,100.0
Alexandra Wilcox,5,5,100.0
Thomas Mosley,5,5,100.0
David Zhang,8,8,100.0
Patricia Mills,5,5,100.0
Andrea Pierce,6,6,100.0
Michelle Bridges,5,5,100.0
James Briggs,5,5,100.0
Thomas Molina,5,5,100.0
Sandra Richard,5,5,100.0
Daniel Golden,7,7,100.0
Todd Hayes,5,5,100.0
Cindy Walker,6,6,100.0
Julie Garrett,7,7,100.0
Sharon Perry,6,6,100.0
Julia Gonzalez,12,12,100.0
Raymond Baker,8,8,100.0
Kristine Taylor,5,5,100.0
Elizabeth Francis,5,5,100.0
Bradley Hanson,5,5,100.0
Michael Maddox,6,6,100.0
Martin Campbell,5,5,100.0
Gregory Collins,8,8,100.0
Ashley Salazar,8,8,100.0
Joseph Lane,6,6,100.0
Thomas Snow,5,5,100.0
Daniel Khan,6,6,100.0
Cindy Perez,5,5,100.0
Mary Leon,7,7,100.0
Dakota Thomas,5,5,100.0
Paul Sherman,5,5,100.0
Susan Garza,5,5,100.0
Richard Fleming,5,5,100.0
Mark Kaiser,5,5,100.0
Zachary Grant,5,5,100.0
Jennifer Abbott,6,6,100.0
David Fields,10,10,100.0
Amanda Yates,5,5,100.0
Matthew Brewer,6,6,100.0
Renee Nelson,5,5,100.0
Cody Roberts,7,7,100.0
Katie Lewis,5,5,100.0
Debra Russell,6,6,100.0
Andre Hill,5,5,100.0
Dana Stewart,5,5,100.0
Stephen Cole,7,7,100.0
Douglas Evans,6,6,100.0
Angela Valencia,7,7,100.0
Sarah Baldwin,5,5,100.0
Erica Turner,7,7,100.0
Hannah Cooper,5,5,100.0
Rebecca Gallagher,5,5,100.0
Jonathan Marshall,5,5,100.0
Luis Gonzalez,6,6,100.0
Daniel Gaines,5,5,100.0
Jeffrey Nichols,7,7,100.0
Jessica Caldwell,8,8,100.0
Jennifer Ibarra,5,5,100.0
Steven Roberson,6,6,100.0
Angela Moss,6,6,100.0
Diana Jenkins,5,5,100.0
Laura Navarro,5,5,100.0
Matthew Rodgers,8,8,100.0
Kevin Maldonado,5,5,100.0
Billy Reyes,5,5,100.0
Christina Kemp,5,5,100.0
Karen Cochran,5,5,100.0
Susan Newton,7,7,100.0
Robert Friedman,10,10,100.0
Martin Davis,7,7,100.0
Ashley Lin,5,5,100.0
Jared Lewis,5,5,100.0
Jessica Erickson,6,6,100.0
Elizabeth Summers,5,5,100.0
Stephanie Parks,5,5,100.0
Elizabeth Bruce,5,5,100.0
Robert Hale,6,6,100.0
Keith Leonard,5,5,100.0
Anthony Branch,5,5,100.0
Matthew Austin,8,8,100.0
Sarah Austin,8,8,100.0
Emily Alvarez,8,8,100.0
Cynthia Mcdonald,5,5,100.0
Kelsey Reynolds,5,5,100.0
Megan Hicks,6,6,100.0
Harold Rodriguez,6,6,100.0
Bradley Marshall,5,5,100.0
Stephen Howell,7,7,100.0
James Conley,6,6,100.0
Lindsey Reyes,5,5,100.0
Cynthia Sandoval,5,5,100.0
Erin Scott,10,10,100.0
Valerie Andrews,5,5,100.0
Troy Reed,5,5,100.0
Brian Salinas,5,5,100.0
Robert Preston,5,5,100.0
Robert Horn,7,7,100.0
Stephanie Lamb,5,5,100.0
Austin Nelson,7,7,100.0
Jennifer Santana,8,8,100.0
Janice Taylor,6,6,100.0
David Wiley,5,5,100.0
Amanda Khan,6,6,100.0
Kimberly Mccarthy,5,5,100.0
Angel Rogers,5,5,100.0
Stephen Watson,8,8,100.0
Scott Alvarado,6,6,100.0
Mariah Brown,5,5,100.0
Jacqueline James,5,5,100.0
Tiffany Dixon,5,5,100.0
Joseph Norman,6,6,100.0
Andrew Carlson,8,8,100.0
Anthony Chase,5,5,100.0
Mary Wilkins,5,5,100.0
Vincent Perez,5,5,100.0
Jeffrey Pope,5,5,100.0
Robert Stout,6,6,100.0
Ryan Barber,6,6,100.0
Keith Freeman,5,5,100.0
Brittney Martinez,5,5,100.0
Rodney Brown,12,12,100.0
Pamela Black,5,5,100.0
Deborah Walsh,5,5,100.0
Breanna Jackson,5,5,100.0
Tammy Dominguez,6,6,100.0
Angela Barton,5,5,100.0
Adam Mason,6,6,100.0
Christine Hunter,6,6,100.0
Brandon Barton,6,6,100.0
Stephen Shaw,5,5,100.0
Jessica Rhodes,9,9,100.0
Rebecca Goodwin,6,6,100.0
Anthony Bailey,6,6,100.0
Patricia Wagner,5,5,100.0
Christine Hicks,6,6,100.0
Dana Alexander,5,5,100.0
Tina Sullivan,6,6,100.0
Paul Pittman,5,5,100.0
Lauren Ball,5,5,100.0
Valerie Nelson,5,5,100.0
Brett Morgan,5,5,100.0
Kelly Wade,5,5,100.0
Mark Hester,5,5,100.0
Scott Cross,5,5,100.0
Tina Weaver,5,5,100.0
Jeremy Myers,8,8,100.0
Jessica Fischer,5,5,100.0
Susan West,13,13,100.0
Connie Morgan,5,5,100.0
Scott Brady,5,5,100.0
Stacy Moreno,5,5,100.0
Sandra Patterson,5,5,100.0
Sharon Sandoval,5,5,100.0
Kimberly Walsh,6,6,100.0
Eduardo Johnson,5,5,100.0
Mary Barber,7,7,100.0
Jeffrey Hawkins,5,5,100.0
Christina Daniels,6,6,100.0
Anthony Meyer,6,6,100.0
Jacqueline Sullivan,6,6,100.0
Paul Dominguez,5,5,100.0
Natasha Brown,7,7,100.0
Angela Wong,12,12,100.0
Amy Henson,5,5,100.0
Jay Garcia,5,5,100.0
Brian Morrison,6,6,100.0
Laura Oliver,9,9,100.0
Nicholas Little,5,5,100.0
Renee Murphy,6,6,100.0
Julie Bowen,7,7,100.0
Angela Liu,5,5,100.0
Devin Miller,8,8,100.0
Ian Howard,5,5,100.0
Marie Harris,5,5,100.0
Nicole Sparks,6,6,100.0
Arthur King,5,5,100.0
Ann Turner,5,5,100.0
Paul Armstrong,7,7,100.0
Angela Cross,10,10,100.0
Donald Burke,5,5,100.0
Benjamin Potter,7,7,100.0
Crystal Graham,7,7,100.0
Jack Moore,6,6,100.0
Rachel Wong,5,5,100.0
Jennifer Heath,8,8,100.0
Robert Osborn,5,5,100.0
Nicole Gardner,6,6,100.0
Julia Woods,6,6,100.0
Elizabeth Delgado,8,8,100.0
Sheryl Williams,7,7,100.0
Jacqueline Henry,5,5,100.0
Thomas Warren,8,8,100.0
Courtney Davidson,5,5,100.0
Barbara Ward,5,5,100.0
David Fletcher,12,12,100.0
Erika Wilson,8,8,100.0
Jeremy Schmidt,5,5,100.0
Peter Bailey,5,5,100.0
Cassandra Garcia,6,6,100.0
Bradley Gill,5,5,100.0
Tina Barnes,7,7,100.0
Briana Jones,5,5,100.0
Anna Murray,5,5,100.0
John Norris,6,6,100.0
Thomas Morton,5,5,100.0
Joseph Schmidt,5,5,100.0
Stephanie Harper,5,5,100.0
Mary Floyd,5,5,100.0
Maureen Brown,5,5,100.0
Donald Barnes,6,6,100.0
Jesse Baldwin,6,6,100.0
Brian Wilkerson,5,5,100.0
Christopher Christian,7,7,100.0
Lisa Farmer,5,5,100.0
Nicholas Boyd,5,5,100.0
Ashley Carroll,7,7,100.0
Thomas Burton,6,6,100.0
Steven Michael,5,5,100.0
Stacy Little,5,5,100.0
Melanie Rodriguez,8,8,100.0
Deborah Reynolds,5,5,100.0
Daniel Chan,5,5,100.0
Stephen Ryan,5,5,100.0
Karen Cain,5,5,100.0
Amanda Todd,5,5,100.0
Ryan Gomez,8,8,100.0
Timothy Morris,11,11,100.0
Megan Lawson,5,5,100.0
Jacob Reese,6,6,100.0
Hannah Flores,6,6,100.0
Aaron Weaver,5,5,100.0
Anthony Hogan,5,5,100.0
Jordan Burns,5,5,100.0
Katelyn Davis,5,5,100.0
Victoria Rivera,11,11,100.0
Kim Jordan,5,5,100.0
Jennifer Hardy,6,6,100.0
Rhonda Howard,6,6,100.0
Albert Miller,7,7,100.0
Ann Rodriguez,5,5,100.0
Eric Barker,5,5,100.0
Laura Douglas,6,6,100.0
Valerie Lane,6,6,100.0
Mary Hart,7,7,100.0
Barbara Holmes,5,5,100.0
Barbara Vazquez,5,5,100.0
Duane Robinson,5,5,100.0
Michael Donaldson,6,6,100.0
Kimberly Jensen,7,7,100.0
Jamie Jordan,5,5,100.0
Christine Quinn,6,6,100.0
Tonya Robinson,5,5,100.0
Joshua Jacobs,7,7,100.0
Edward Harrison,6,6,100.0
George Pena,5,5,100.0
Shannon Wood,5,5,100.0
Angela Weaver,5,5,100.0
George Ortiz,5,5,100.0
Haley Lopez,6,6,100.0
Rodney Thompson,7,7,100.0
Crystal Castillo,6,6,100.0
Stephen Reyes,7,7,100.0
Brittany Ruiz,5,5,100.0
Angela Escobar,5,5,100.0
Thomas Ball,7,7,100.0
Ryan Paul,5,5,100.0
Jacob Wheeler,5,5,100.0
Gregory Hamilton,7,7,100.0
Elizabeth Bowman,6,6,100.0
Victoria Bell,8,8,100.0
Allison Brooks,6,6,100.0
Jasmine Moore,6,6,100.0
Samantha Sanders,6,6,100.0
Rachel Bates,5,5,100.0
Jeremy Mills,5,5,100.0
Lauren Gray,7,7,100.0
Catherine Graham,7,7,100.0
Hannah Evans,5,5,100.0
Stephen Murray,6,6,100.0
Alexis King,5,5,100.0
Karen Thornton,5,5,100.0
Nicholas Cohen,5,5,100.0
Jonathan Fischer,5,5,100.0
Douglas Reyes,6,6,100.0
Todd Morales,6,6,100.0
Victor Murphy,7,7,100.0
Melissa Daugherty,5,5,100.0
Elizabeth Mendoza,6,6,100.0
Lori Spencer,5,5,100.0
Mariah Rodriguez,5,5,100.0
Lisa Daniel,5,5,100.0
Rita Mendoza,5,5,100.0
Walter Moore,6,6,100.0
Allison Jimenez,5,5,100.0
Emily George,6,6,100.0
Alexander Butler,6,6,100.0
Leonard Johnson,6,6,100.0
Katherine Coleman,5,5,100.0
Sarah Mathews,5,5,100.0
Monique Murphy,7,7,100.0
Andrew Craig,7,7,100.0
Laura Gibson,8,8,100.0
Kevin Wang,5,5,100.0
Michael Levine,8,8,100.0
Stephanie Caldwell,5,5,100.0
Austin Morales,5,5,100.0
Anthony Gilbert,6,6,100.0
Tammy Patel,6,6,100.0
Jonathan Rice,8,8,100.0
Alex Anderson,7,7,100.0
Tyler Russell,5,5,100.0
Scott Greene,7,7,100.0
Rebecca Hogan,5,5,100.0
Ruben Smith,6,6,100.0
Hannah Gomez,6,6,100.0
Jordan Foster,5,5,100.0
Amber Webb,7,7,100.0
Lawrence Robinson,5,5,100.0
Barry Hall,5,5,100.0
Jason Castro,7,7,100.0
Kristen Cook,5,5,100.0
Julia Martin,6,6,100.0
Jessica Combs,5,5,100.0
Kathleen Howard,6,6,100.0
Andrea Tucker,10,10,100.0
Garrett Adams,5,5,100.0
Kyle Romero,8,8,100.0
James Allison,6,6,100.0
Jonathan Butler,6,6,100.0
Nathan Brooks,7,7,100.0
Juan Tucker,5,5,100.0
Brenda Montgomery,5,5,100.0
Amy Griffin,5,5,100.0
Amy Webster,6,6,100.0
Sarah Cardenas,7,7,100.0
Jamie Cook,9,9,100.0
Charles Price,7,7,100.0
Nicholas Horton,5,5,100.0
Matthew Sweeney,5,5,100.0
Ryan Alvarado,5,5,100.0
Ashley Hayes,5,5,100.0
Kenneth Stephens,7,7,100.0
Nicholas Mccoy,6,6,100.0
Tammie Wilson,5,5,100.0
Amanda Valenzuela,5,5,100.0
Gregory Stone,5,5,100.0
Angel Flores,5,5,100.0
John Ware,7,7,100.0
Shannon Butler,5,5,100.0
Victoria Todd,5,5,100.0
Angel Banks,5,5,100.0
Robin Griffith,5,5,100.0
Nicole Carroll,7,7,100.0
Nicole Parsons,6,6,100.0
Katherine Mills,7,7,100.0
Larry Perez,9,9,100.0
Victoria Day,5,5,100.0
Lindsay Mitchell,6,6,100.0
Lori Wilkerson,6,6,100.0
Danielle Clayton,5,5,100.0
Rodney Jackson,6,6,100.0
Teresa Burns,5,5,100.0
Diane Phillips,5,5,100.0
Jacob Marshall,5,5,100.0
Jeffrey Stanley,5,5,100.0
Jennifer Valencia,5,5,100.0
Adrian Evans,5,5,100.0
Tamara Moore,5,5,100.0
Kristin Richardson,5,5,100.0
Richard Bass,8,8,100.0
Patrick Hamilton,6,6,100.0
Jason Mccann,6,6,100.0
Leslie Ryan,5,5,100.0
Jeffery Robinson,5,5,100.0
Sean Gutierrez,5,5,100.0
Sharon Gutierrez,6,6,100.0
Jamie Carter,11,11,100.0
Erica Morris,5,5,100.0
Claudia Williams,6,6,100.0
Carrie Anderson,5,5,100.0
Jared Rodriguez,5,5,100.0
Alexis Austin,5,5,100.0
Bethany Anderson,5,5,100.0
Sarah Golden,5,5,100.0
Jeffrey Dunn,8,8,100.0
Amy Estes,5,5,100.0
Christine James,7,7,100.0
Paul Mann,5,5,100.0
Timothy Soto,5,5,100.0
David Calderon,5,5,100.0
Robin Hayes,5,5,100.0
Derrick Fernandez,5,5,100.0
Barry Moore,6,6,100.0
Stephen Mcdaniel,7,7,100.0
Barry Martinez,6,6,100.0
Zachary Massey,5,5,100.0
Mark Browning,5,5,100.0
Harold Miller,6,6,100.0
Thomas Shah,5,5,100.0
Alexander Peterson,5,5,100.0
Deborah Castro,5,5,100.0
Ashley Barrett,9,9,100.0
Brian Briggs,6,6,100.0
Robert Leach,6,6,100.0
Natasha Hernandez,5,5,100.0
Kristi Johnson,8,8,100.0
Lauren Solis,5,5,100.0
Brittany Brooks,6,6,100.0
Monica Parker,7,7,100.0
Julie Flores,8,8,100.0
Jared Gibson,5,5,100.0
Caitlin Rogers,5,5,100.0
Timothy Knox,5,5,100.0
Casey Turner,5,5,100.0
Kelly Daniels,7,7,100.0
Debra Watson,5,5,100.0
Jennifer Goodman,10,10,100.0
Alicia Howard,8,8,100.0
Crystal Tran,6,6,100.0
Justin Barber,5,5,100.0
Sarah Blair,6,6,100.0
Raymond Chen,5,5,100.0
Jamie Stewart,5,5,100.0
Angela Deleon,5,5,100.0
Jonathon Smith,5,5,100.0
Brandon Daniels,6,6,100.0
Rachael Baker,5,5,100.0
Joseph Kent,5,5,100.0
Sheila Allen,5,5,100.0
Samantha Hayes,5,5,100.0
Jessica Rowland,6,6,100.0
Ryan Kerr,5,5,100.0
Thomas Obrien,6,6,100.0
Daniel Kerr,6,6,100.0
Linda Sullivan,6,6,100.0
Carol Garcia,9,9,100.0
Richard Miranda,5,5,100.0
Melissa Mcgrath,5,5,100.0
Suzanne Thomas,7,7,100.0
Sean Ray,9,9,100.0
Sarah Hunt,6,6,100.0
Jordan Ryan,5,5,100.0
Brittany Ball,5,5,100.0
Douglas Franklin,6,6,100.0
Jeremy Black,7,7,100.0
Kevin Mann,6,6,100.0
Tammy Bennett,7,7,100.0
Jennifer Mosley,5,5,100.0
Kimberly Moran,6,6,100.0
Patricia Elliott,5,5,100.0
Jesus Hernandez,6,6,100.0
Timothy Obrien,8,8,100.0
Kelly Oliver,5,5,100.0
Andrew Graves,8,8,100.0
Samantha Gilbert,6,6,100.0
Kelli Young,6,6,100.0
Jeff Williams,5,5,100.0
Tracy Ross,5,5,100.0
Dawn Jimenez,7,7,100.0
Kevin Murray,10,10,100.0
Cody Edwards,5,5,100.0
Angela Garrison,5,5,100.0
Daniel Cervantes,6,6,100.0
Matthew Bender,5,5,100.0
Jordan Blake,6,6,100.0
Erin Ryan,5,5,100.0
Kenneth Turner,6,6,100.0
Laura Ball,5,5,100.0
Sara Evans,8,8,100.0
Amanda Buck,5,5,100.0
Amy Guerra,6,6,100.0
Dana Ramos,5,5,100.0
Brenda Hart,5,5,100.0
Melissa Avery,5,5,100.0
Rachel Warren,6,6,100.0
Joshua Boyle,5,5,100.0
Dawn Dillon,6,6,100.0
Christine Avila,5,5,100.0
Desiree Jones,5,5,100.0
Alicia Hughes,8,8,100.0
Katherine Holmes,8,8,100.0
Heather Keller,5,5,100.0
Christopher Wilkins,6,6,100.0
Theresa Ramirez,8,8,100.0
Jill Kelley,5,5,100.0
Kathy Ross,7,7,100.0
Lisa Hensley,7,7,100.0
Haley Taylor,5,5,100.0
Robert Mccann,6,6,100.0
Jason Velazquez,5,5,100.0
Steven Spencer,7,7,100.0
Daniel Chang,6,6,100.0
Kimberly Vincent,7,7,100.0
James Calhoun,7,7,100.0
Noah Brown,6,6,100.0
Jennifer Riddle,5,5,100.0
Jason Barton,6,6,100.0
Kristina Ortiz,5,5,100.0
James Gamble,5,5,100.0
Scott Silva,6,6,100.0
James Odom,5,5,100.0
Barry Jackson,5,5,100.0
Mary Hines,6,6,100.0
Theresa Rogers,5,5,100.0
Randall Turner,6,6,100.0
Misty Clark,5,5,100.0
Richard Francis,5,5,100.0
Victor Hunter,5,5,100.0
Mark Blankenship,5,5,100.0
William Manning,5,5,100.0
Kelly West,7,7,100.0
Donald Mccoy,5,5,100.0
Kevin Mcclure,5,5,100.0
Christy Lopez,5,5,100.0
Elizabeth Wiley,5,5,100.0
Kristen Edwards,6,6,100.0
Randy Lewis,6,6,100.0
Charles Garrett,6,6,100.0
Kelly Klein,5,5,100.0
Amy Patton,5,5,100.0
Edward Chavez,5,5,100.0
Angela Jefferson,6,6,100.0
Diane Porter,5,5,100.0
Kenneth Wise,7,7,100.0
Sarah Guzman,10,10,100.0
Brandon Weeks,5,5,100.0
Kimberly Mckinney,7,7,100.0
Sean Moreno,5,5,100.0
Leslie Schmidt,5,5,100.0
Erin Barnes,5,5,100.0
John Holden,5,5,100.0
Brian Estrada,8,8,100.0
Courtney Hamilton,5,5,100.0
Sharon Wagner,5,5,100.0
Michelle Salas,5,5,100.0
Gary Ward,5,5,100.0
Paul Wolf,6,6,100.0
Natasha Thomas,6,6,100.0
Christine Hansen,5,5,100.0
Rebecca Frank,7,7,100.0
Monica Long,5,5,100.0
Heather Rose,7,7,100.0
Benjamin Ray,5,5,100.0
Gary Garza,5,5,100.0
Anna Phillips,8,8,100.0
Elizabeth Fields,11,11,100.0
Robert Heath,5,5,100.0
Sarah Townsend,6,6,100.0
Amanda Saunders,5,5,100.0
Christine West,5,5,100.0
Kari White,6,6,100.0
Paula Taylor,7,7,100.0
Misty Martinez,5,5,100.0
Brittany Gonzales,5,5,100.0
Timothy Baldwin,7,7,100.0
Kevin Duran,6,6,100.0
Mark Rivers,6,6,100.0
Sara Carlson,5,5,100.0
Debbie Perez,6,6,100.0
Alexander Mcdonald,5,5,100.0
Scott Medina,6,6,100.0
Joseph Warren,12,12,100.0
Melanie Myers,6,6,100.0
William Mann,9,9,100.0
Karen Roach,5,5,100.0
Thomas Bryan,6,6,100.0
Debbie Davis,8,8,100.0
Crystal Shaw,5,5,100.0
Mark Sweeney,5,5,100.0
Brett Martinez,5,5,100.0
Nancy Myers,6,6,100.0
Timothy Watts,5,5,100.0
Alex Robertson,5,5,100.0
Courtney Harrison,5,5,100.0
Pamela Aguilar,5,5,100.0
Joshua Mcgrath,5,5,100.0
Frank Duran,5,5,100.0
Ashley Leonard,6,6,100.0
Nathan Green,5,5,100.0
Beth Campbell,6,6,100.0
Amy Sharp,6,6,100.0
Dawn Richardson,5,5,100.0
Matthew Wagner,13,13,100.0
James Parsons,5,5,100.0
Laura Cain,5,5,100.0
Danielle Yates,5,5,100.0
Andrea Bush,5,5,100.0
Zachary Sims,5,5,100.0
Laura Palmer,12,12,100.0
Deanna Mitchell,5,5,100.0
Jamie Mcgee,5,5,100.0
Jason Cross,5,5,100.0
Nicole Nunez,5,5,100.0
Susan Mann,5,5,100.0
Richard Curtis,5,5,100.0
Katelyn Rodriguez,5,5,100.0
Shannon Sullivan,8,8,100.0
Cynthia Summers,5,5,100.0
April Cruz,5,5,100.0
Mark Howell,5,5,100.0
Gloria Bell,5,5,100.0
Denise Turner,6,6,100.0
Danielle Ortiz,10,10,100.0
Megan Patel,7,7,100.0
Scott Blair,5,5,100.0
Lisa Clayton,6,6,100.0
Stacy Robinson,6,6,100.0
Lisa Archer,5,5,100.0
Valerie Baker,5,5,100.0
Jordan Sanchez,6,6,100.0
Lisa Hoffman,5,5,100.0
Jacob Perry,7,7,100.0
Jennifer Shea,5,5,100.0
Jeremy Wagner,5,5,100.0
Brian Moran,8,8,100.0
Christina Banks,6,6,100.0
Ann Campbell,5,5,100.0
Amanda Townsend,5,5,100.0
Elizabeth Moreno,6,6,100.0
Carl Rivera,5,5,100.0
John Park,6,6,100.0
Ronald Reese,5,5,100.0
George Henry,5,5,100.0
Megan Paul,6,6,100.0
Cynthia Tran,5,5,100.0
Erica Hayes,5,5,100.0
Susan Shaw,5,5,100.0
Karen Frederick,5,5,100.0
Teresa Campbell,9,9,100.0
Richard Hale,5,5,100.0
Jennifer Mathews,7,7,100.0
Amber Gutierrez,7,7,100.0
Katie Garcia,9,9,100.0
Susan Cox,7,7,100.0
Katherine Moreno,5,5,100.0
Kristen Ward,7,7,100.0
Stephanie Robles,5,5,100.0
Amy Blair,5,5,100.0
Christine Weiss,5,5,100.0
Denise Powell,5,5,100.0
Amy Maxwell,6,6,100.0
David Werner,5,5,100.0
Richard Cobb,5,5,100.0
Kevin Lawson,6,6,100.0
Allen Moore,6,6,100.0
Gina Allen,5,5,100.0
Brittany Cunningham,6,6,100.0
Barbara Alexander,5,5,100.0
Ashley Frank,6,6,100.0
Amber Hayes,6,6,100.0
Rebecca Hansen,5,5,100.0
William Hoover,5,5,100.0
Edward Wood,5,5,100.0
Adrian Martinez,6,6,100.0
Patrick Ramirez,8,8,100.0
Eduardo Williams,6,6,100.0
Erika Gray,5,5,100.0
Douglas Walker,6,6,100.0
Gregory Wagner,6,6,100.0
Alexander Sanders,5,5,100.0
James Villanueva,5,5,100.0
Wesley Lewis,5,5,100.0
David Buck,8,8,100.0
Jeremy Santiago,5,5,100.0
Christine Reyes,5,5,100.0
David Ibarra,6,6,100.0
Joel Burns,5,5,100.0
Darlene Williams,8,8,100.0
Tiffany Little,6,6,100.0
Jacob Shelton,5,5,100.0
Caitlin Hernandez,5,5,100.0
Krista Miller,7,7,100.0
Stephen Pope,5,5,100.0
Jack Jimenez,6,6,100.0
Anthony Dickson,5,5,100.0
Phillip Ferguson,5,5,100.0
Robert Burgess,5,5,100.0
Alexander Baker,11,11,100.0
Pamela Mendez,8,8,100.0
Kenneth Graves,6,6,100.0
Victoria Ortega,7,7,100.0
Jeffrey Montgomery,6,6,100.0
Lisa Ritter,5,5,100.0
Peggy Jones,7,7,100.0
Sean Hunt,6,6,100.0
Kyle Duncan,7,7,100.0
Kristy Hill,6,6,100.0
Diane Nelson,6,6,100.0
Sara Edwards,5,5,100.0
Kristen Watts,5,5,100.0
Cynthia Cross,5,5,100.0
Frank James,6,6,100.0
Charles Espinoza,7,7,100.0
Stephanie Bates,5,5,100.0
Victor Walker,6,6,100.0
Danielle Hall,13,13,100.0
Nicholas Villanueva,5,5,100.0
Jessica Drake,5,5,100.0
Michele Cox,5,5,100.0
Justin Vazquez,7,7,100.0
Nicole Meyer,6,6,100.0
Lindsay Flores,5,5,100.0
Austin Fuller,5,5,100.0
Shannon Lowe,5,5,100.0
Courtney Baker,7,7,100.0
Brian Valdez,5,5,100.0
Bradley Roberts,9,9,100.0
David Michael,6,6,100.0
Cynthia Kelley,7,7,100.0
Kimberly Dougherty,5,5,100.0
Samantha Alvarado,5,5,100.0
Curtis Carter,6,6,100.0
Amber Jenkins,9,9,100.0
Patricia Cobb,5,5,100.0
Jason Burton,8,8,100.0
David Church,6,6,100.0
Steven Banks,6,6,100.0
Juan Lee,7,7,100.0
Brittany Adams,5,5,100.0
Roger Davis,7,7,100.0
Maria Myers,10,10,100.0
Susan Mcgee,5,5,100.0
Travis Gutierrez,5,5,100.0
Edgar Garcia,6,6,100.0
Elizabeth Garrison,5,5,100.0
Aaron Knight,8,8,100.0
Courtney Ingram,5,5,100.0
Lindsay Miller,16,16,100.0
Emily York,5,5,100.0
Jeffrey Austin,6,6,100.0
Andres Smith,5,5,100.0
Patricia Palmer,5,5,100.0
Michelle Gilbert,5,5,100.0
Michael Frye,6,6,100.0
Karen Roman,5,5,100.0
Charles Simpson,7,7,100.0
William Webster,5,5,100.0
Adam Harrison,5,5,100.0
Thomas Wagner,9,9,100.0
Stephen Rodgers,5,5,100.0
Paul Prince,5,5,100.0
Misty Lee,5,5,100.0
Denise Cruz,6,6,100.0
Elizabeth Walton,5,5,100.0
Christopher Moon,6,6,100.0
Jeffrey Paul,5,5,100.0
Bruce Nelson,7,7,100.0
Bonnie Lewis,6,6,100.0
Margaret Robinson,7,7,100.0
Olivia Rodriguez,8,8,100.0
Sarah Franklin,6,6,100.0
Robert Velazquez,5,5,100.0
Jodi Brown,10,10,100.0
Richard Burgess,5,5,100.0
Joshua Reese,5,5,100.0
Kathleen Carlson,5,5,100.0
Robert Villarreal,7,7,100.0
Catherine Jimenez,6,6,100.0
Andrea Kennedy,5,5,100.0
David Hines,7,7,100.0
Sarah Douglas,6,6,100.0
Jessica Sparks,7,7,100.0
Jesus Ward,5,5,100.0
Kevin Fuller,5,5,100.0
Kayla Gray,5,5,100.0
Charles Matthews,5,5,100.0
Alexander Harvey,7,7,100.0
John Davenport,8,8,100.0
Gina Harris,5,5,100.0
Chelsea Diaz,7,7,100.0
Donna Coleman,5,5,100.0
Jacob Arnold,5,5,100.0
Albert Murphy,6,6,100.0
Nicole Jennings,5,5,100.0
Julie Lane,5,5,100.0
Justin Cunningham,7,7,100.0
Shawn Cruz,6,6,100.0
Kevin Rojas,7,7,100.0
Laura Bush,5,5,100.0
Kayla Brock,5,5,100.0
Ann Gonzalez,9,9,100.0
Ashley Ingram,5,5,100.0
Brendan Taylor,5,5,100.0
Thomas Weber,7,7,100.0
Jane Ellis,5,5,100.0
Carl Evans,5,5,100.0
Cynthia Russell,6,6,100.0
Kimberly Kaiser,5,5,100.0
Katherine Berry,6,6,100.0
Samuel Willis,5,5,100.0
Patrick Nichols,5,5,100.0
Rodney Harris,8,8,100.0
Christopher Bartlett,6,6,100.0
Phillip Mitchell,8,8,100.0
David Huber,5,5,100.0
Kimberly Bautista,5,5,100.0
Christopher Salas,5,5,100.0
Melissa Montoya,6,6,100.0
Jacqueline Ferguson,5,5,100.0
Danielle Gill,5,5,100.0
Sarah Manning,6,6,100.0
Gabrielle Davis,6,6,100.0
Shawn Lewis,8,8,100.0
Sherri Moore,5,5,100.0
Thomas Frye,5,5,100.0
Jennifer Spears,7,7,100.0
Chris Mitchell,5,5,100.0
Jason Buchanan,5,5,100.0
Dylan Evans,5,5,100.0
Brian Banks,8,8,100.0
Jill Ward,5,5,100.0
Brian Hale,6,6,100.0
Timothy Delgado,5,5,100.0
Susan Reid,5,5,100.0
Joseph Drake,7,7,100.0
Wendy Nichols,8,8,100.0
Sandra Daniels,6,6,100.0
Mike Adams,5,5,100.0
Lisa Bean,8,8,100.0
Paul Pearson,5,5,100.0
Heather Prince,5,5,100.0
Benjamin Chavez,7,7,100.0
Noah Jones,5,5,100.0
Kimberly Huffman,5,5,100.0
Christopher Farrell,5,5,100.0
Stacey Gardner,5,5,100.0
Billy Hall,5,5,100.0
Shannon Ellis,5,5,100.0
Melissa Carrillo,6,6,100.0
Katherine Sharp,6,6,100.0
Jeffrey Vargas,5,5,100.0
April Bailey,6,6,100.0
Paul Humphrey,5,5,100.0
Alexander Graham,5,5,100.0
Brandon Henry,11,11,100.0
Joanne Williams,9,9,100.0
Mark Vasquez,8,8,100.0
Eduardo Brown,5,5,100.0
Angela Camacho,5,5,100.0
John Lloyd,5,5,100.0
Robin Simpson,6,6,100.0
Thomas Gilbert,8,8,100.0
Eric Schwartz,6,6,100.0
Travis Martin,7,7,100.0
Tiffany Patel,5,5,100.0
Donna Mcdonald,5,5,100.0
Emily Benson,6,6,100.0
Donald Warren,5,5,100.0
Gary Gomez,5,5,100.0
Maria Morgan,9,9,100.0
David Valenzuela,6,6,100.0
William Velasquez,7,7,100.0
Trevor Taylor,5,5,100.0
Victor Martinez,6,6,100.0
Sean Greene,5,5,100.0
Cynthia Richardson,7,7,100.0
Christopher Preston,7,7,100.0
Sandra Berg,5,5,100.0
Jason Gonzales,7,7,100.0
Anthony Cummings,5,5,100.0
Joseph Lynn,5,5,100.0
Mary Patton,7,7,100.0
Gary Fernandez,7,7,100.0
Jeffrey Bradley,9,9,100.0
Darren Campbell,5,5,100.0
Timothy Hoffman,6,6,100.0
Heather Mclaughlin,5,5,100.0
Omar Jones,5,5,100.0
Andrew Griffin,8,8,100.0
Jamie Cole,8,8,100.0
Katie Ortiz,5,5,100.0
Elizabeth Potter,6,6,100.0
Travis Hill,6,6,100.0
Robert Dyer,5,5,100.0
Justin Rosales,6,6,100.0
John Khan,5,5,100.0
Caleb Hernandez,5,5,100.0
Donna Tucker,6,6,100.0
John Bray,6,6,100.0
Cynthia Olson,7,7,100.0
Brian Bradley,8,8,100.0
Daniel Velasquez,6,6,100.0
Jacqueline Ramos,6,6,100.0
Kyle Ruiz,5,5,100.0
Pamela Gutierrez,5,5,100.0
Donald Holmes,5,5,100.0
Steven Baldwin,5,5,100.0
Brittany Dixon,5,5,100.0
Michelle Frederick,5,5,100.0
Kelly Griffith,8,8,100.0
Mitchell Moore,6,6,100.0
Teresa Jacobs,5,5,100.0
April Scott,5,5,100.0
Dana Silva,5,5,100.0
Sandra Matthews,7,7,100.0
Chelsea Nguyen,6,6,100.0
Alex Warner,7,7,100.0
Paul Woods,5,5,100.0
Shari Smith,5,5,100.0
Edward Patel,6,6,100.0
Thomas Lyons,7,7,100.0
Brett Neal,5,5,100.0
Angela Matthews,5,5,100.0
Katie Wood,5,5,100.0
Robert Noble,6,6,100.0
Erika White,5,5,100.0
Cynthia Mendez,5,5,100.0
Renee Howard,5,5,100.0
Angela Hudson,5,5,100.0
Matthew Warner,5,5,100.0
Madeline Smith,7,7,100.0
Julie Dominguez,5,5,100.0
Madison Sanchez,6,6,100.0
Mary Mathis,5,5,100.0
Tyler Baker,9,9,100.0
Carol Robinson,5,5,100.0
Katherine Quinn,5,5,100.0
James Duke,5,5,100.0
James Levine,6,6,100.0
George Flores,5,5,100.0
Brittany Cruz,7,7,100.0
Cody Peterson,5,5,100.0
David Richard,7,7,100.0
Kristen Boyd,5,5,100.0
Douglas Jordan,5,5,100.0
Douglas Mcgee,5,5,100.0
Julie Parrish,5,5,100.0
Shawn Brooks,6,6,100.0
Vanessa Walker,5,5,100.0
Casey Lambert,5,5,100.0
Justin Sullivan,6,6,100.0
Melanie Collins,5,5,100.0
Sharon Gray,6,6,100.0
Christina Oliver,5,5,100.0
Brian Dunlap,5,5,100.0
Daniel Rice,9,9,100.0
Casey Hill,5,5,100.0
Brett Kennedy,5,5,100.0
Benjamin Chambers,5,5,100.0
Christopher Copeland,6,6,100.0
Rebecca Matthews,6,6,100.0
Terry Flores,5,5,100.0
Kevin Boyle,5,5,100.0
Sara Wagner,5,5,100.0
Valerie Lopez,5,5,100.0
Chelsea Flores,5,5,100.0
Grace Smith,10,10,100.0
Richard Underwood,7,7,100.0
Tiffany Morales,8,8,100.0
Julie Hicks,5,5,100.0
Benjamin Lawrence,7,7,100.0
Tyler Carter,5,5,100.0
Heather Patel,7,7,100.0
Elizabeth Wilkinson,5,5,100.0
Ashley Fritz,7,7,100.0
Jeffrey Ross,5,5,100.0
Nicole Bell,7,7,100.0
Marcus Young,7,7,100.0
Kimberly Sutton,5,5,100.0
Jessica Arroyo,6,6,100.0
Scott Craig,6,6,100.0
Jill Cook,10,10,100.0
Elizabeth May,6,6,100.0
Brent Adams,5,5,100.0
Douglas Stone,5,5,100.0
George Watson,5,5,100.0
Tyler Allen,6,6,100.0
Christina Fowler,5,5,100.0
David Bryan,7,7,100.0
Amy Love,5,5,100.0
Melanie Nelson,6,6,100.0
Heather Gentry,6,6,100.0
Richard Mosley,6,6,100.0
Wendy Mcdonald,6,6,100.0
Monica Griffin,5,5,100.0
Molly Williams,8,8,100.0
Michelle Nichols,6,6,100.0
Keith Hopkins,5,5,100.0
Amber Mcdaniel,5,5,100.0
Manuel Clark,5,5,100.0
Alexandra Scott,8,8,100.0
Paul Norris,5,5,100.0
Stephanie Walton,5,5,100.0
Timothy Wells,9,9,100.0
Steven Douglas,5,5,100.0
Bradley James,6,6,100.0
Erin Schwartz,5,5,100.0
Adrian Davis,7,7,100.0
Jennifer Davenport,6,6,100.0
Zachary Woods,7,7,100.0
Erika Lewis,6,6,100.0
Brittany Riley,5,5,100.0
Jamie Reyes,10,10,100.0
John Shields,5,5,100.0
Emily Moody,7,7,100.0
Angela Fox,5,5,100.0
Monique Lewis,5,5,100.0
Cathy Rodriguez,5,5,100.0
Alicia Hunt,5,5,100.0
Angel Phillips,6,6,100.0
Albert Carter,6,6,100.0
Laura Blackwell,5,5,100.0
Kathleen Rivera,6,6,100.0
Nicole Summers,5,5,100.0
David Vaughan,5,5,100.0
Jake Smith,6,6,100.0
Brandon Norris,5,5,100.0
Renee Sanchez,8,8,100.0
Jeffrey Decker,5,5,100.0
Daniel Guerrero,5,5,100.0
Zachary Owens,5,5,100.0
Kimberly Garner,5,5,100.0
Rhonda Mitchell,6,6,100.0
Sharon Fowler,5,5,100.0
Christina Parrish,5,5,100.0
Daniel Hansen,11,11,100.0
Spencer Anderson,5,5,100.0
Thomas Dickson,6,6,100.0
Brandon Welch,5,5,100.0
Robert Randall,5,5,100.0
Tracy Patterson,8,8,100.0
Brandon Rogers,7,7,100.0
Joseph Lambert,8,8,100.0
Ian Lee,7,7,100.0
Nicole Wolfe,6,6,100.0
Michael Zamora,8,8,100.0
Caitlin White,6,6,100.0
Erica Ortiz,5,5,100.0
Mike Rodriguez,5,5,100.0
Jennifer Morton,5,5,100.0
Rick Smith,6,6,100.0
Dylan Wagner,5,5,100.0
Richard Colon,6,6,100.0
Jessica Gross,7,7,100.0
Ashley Griffith,5,5,100.0
Jason Juarez,7,7,100.0
David Garrett,9,9,100.0
Jodi Anderson,6,6,100.0
Sandra Ross,5,5,100.0
William Ibarra,5,5,100.0
Rebecca Vazquez,6,6,100.0
Amy Singleton,5,5,100.0
Andrew Soto,5,5,100.0
Heather Carpenter,11,11,100.0
April Fox,5,5,100.0
Joseph Love,6,6,100.0
Joshua Farmer,7,7,100.0
Catherine Cobb,5,5,100.0
Laura Maldonado,8,8,100.0
Frederick Perez,5,5,100.0
Dana King,9,9,100.0
Jacob Griffith,5,5,100.0
Janice Brown,10,10,100.0
Miguel White,5,5,100.0
Linda Green,8,8,100.0
Geoffrey Williams,5,5,100.0
Joshua Montgomery,5,5,100.0
Kayla Sullivan,5,5,100.0
Daniel Stevenson,6,6,100.0
Tammy Graham,5,5,100.0
Taylor Vaughn,6,6,100.0
Brian Bauer,5,5,100.0
Anthony Conley,5,5,100.0
Jose Doyle,5,5,100.0
Mary Bird,5,5,100.0
Karen Beck,5,5,100.0
Jessica Zimmerman,5,5,100.0
Jeffrey Campos,5,5,100.0
Kimberly Potter,5,5,100.0
Sandra Long,6,6,100.0
Tiffany Medina,5,5,100.0
Mark Obrien,7,7,100.0
Jeffery Nguyen,5,5,100.0
James Salas,5,5,100.0
Melinda Warren,5,5,100.0
Maria Woods,7,7,100.0
Emily Vaughn,5,5,100.0
Ronald Little,5,5,100.0
Christopher Mcbride,5,5,100.0
Tyler Porter,5,5,100.0
Brian Valentine,5,5,100.0
Sara Silva,7,7,100.0
Christopher Fry,5,5,100.0
Erin Morton,5,5,100.0
Kyle Heath,5,5,100.0
Patricia Bennett,7,7,100.0
Dana Gonzales,5,5,100.0
Melanie Cruz,8,8,100.0
Kimberly Klein,6,6,100.0
Shelley Parker,5,5,100.0
Erika Wright,5,5,100.0
Paul Herrera,6,6,100.0
Wendy Simpson,5,5,100.0
Megan Combs,6,6,100.0
David Serrano,6,6,100.0
Nicole Sharp,6,6,100.0
Ralph Brown,7,7,100.0
Deborah Daniels,5,5,100.0
Rebecca Owen,5,5,100.0
Megan Craig,5,5,100.0
Christopher Atkinson,5,5,100.0
Kristina Jackson,6,6,100.0
Dylan Hernandez,5,5,100.0
Julie Mcdonald,6,6,100.0
Sara Peters,11,11,100.0
Miranda Lee,6,6,100.0
Natalie Roberts,6,6,100.0
Elizabeth Ponce,6,6,100.0
Roberta Johnson,7,7,100.0
Danielle Rose,5,5,100.0
Laura Davenport,5,5,100.0
Gregory Norman,5,5,100.0
Phyllis Harris,5,5,100.0
Cassandra Thomas,7,7,100.0
Keith Alexander,7,7,100.0
Nicholas Carrillo,5,5,100.0
Taylor Watts,5,5,100.0
Teresa Evans,6,6,100.0
Jeffrey Sweeney,5,5,100.0
Brett Patterson,6,6,100.0
Jessica Calderon,5,5,100.0
Zachary Rose,9,9,100.0
Chris Jackson,5,5,100.0
Kenneth Palmer,6,6,100.0
Amanda Bass,6,6,100.0
Joseph Maynard,5,5,100.0
John Hardin,5,5,100.0
Rhonda Kelly,6,6,100.0
Amanda Stevenson,5,5,100.0
Kevin Cochran,7,7,100.0
Justin Freeman,7,7,100.0
Katie Butler,6,6,100.0
Kristen Ellis,7,7,100.0
Joshua Sawyer,5,5,100.0
Michael Maynard,13,13,100.0
Christopher Vincent,7,7,100.0
Tiffany Nguyen,9,9,100.0
Joseph Marsh,5,5,100.0
Jason Acosta,6,6,100.0
William Odonnell,6,6,100.0
Nathan Willis,5,5,100.0
Chase Jones,6,6,100.0
Gregory Sanders,9,9,100.0
Matthew Christian,5,5,100.0
Emily Griffin,6,6,100.0
Shaun Davis,5,5,100.0
Tyler Wood,5,5,100.0
Jeffrey Carlson,6,6,100.0
Austin Allen,10,10,100.0
Dylan Gomez,5,5,100.0
Benjamin Gordon,5,5,100.0
Shari Williams,7,7,100.0
Pamela Ortiz,7,7,100.0
Suzanne Patterson,5,5,100.0
Michael Middleton,6,6,100.0
Kevin Fowler,10,10,100.0
Christine Carroll,5,5,100.0
Jennifer Woodard,7,7,100.0
Jason Colon,6,6,100.0
Sean Jenkins,5,5,100.0
Amanda Vargas,7,7,100.0
Heather Beasley,7,7,100.0
Jason Gibson,12,12,100.0
Andrea Hayes,8,8,100.0
Mary Underwood,5,5,100.0
Melanie Ross,5,5,100.0
Mark Silva,8,8,100.0
Kathryn Long,5,5,100.0
Melissa Caldwell,5,5,100.0
Jamie Warren,7,7,100.0
Shane Munoz,5,5,100.0
Katherine Cole,6,6,100.0
James Carney,7,7,100.0
Joseph Douglas,6,6,100.0
Mark Nunez,8,8,100.0
Heather Crawford,9,9,100.0
Ryan Chapman,5,5,100.0
Mark Brady,6,6,100.0
Kevin Glover,5,5,100.0
Danielle Hines,5,5,100.0
Crystal Medina,5,5,100.0
Matthew Anthony,8,8,100.0
Rachel Gardner,6,6,100.0
Brandon Holland,5,5,100.0
Kelly Estrada,6,6,100.0
Tracy Levy,5,5,100.0
Katherine Hart,6,6,100.0
Elizabeth Zuniga,7,7,100.0
Joe Adams,7,7,100.0
William Snow,6,6,100.0
Mark Cordova,5,5,100.0
Kelly Holt,6,6,100.0
Pamela Mcguire,5,5,100.0
Morgan Robinson,5,5,100.0
Kimberly Snyder,6,6,100.0
Shannon Flores,6,6,100.0
Ashley Golden,5,5,100.0
Lindsay Murphy,5,5,100.0
William Tanner,5,5,100.0
Christina Tate,5,5,100.0
Timothy Page,5,5,100.0
Tammy Perry,6,6,100.0
Ashley Fletcher,6,6,100.0
Theresa Reyes,5,5,100.0
David Howe,6,6,100.0
Cassandra Gonzalez,5,5,100.0
Emma Garcia,8,8,100.0
David Peck,5,5,100.0
Robert Lindsey,6,6,100.0
Linda Delgado,6,6,100.0
Laura Hinton,5,5,100.0
Joseph Guzman,6,6,100.0
John Allison,6,6,100.0
Johnny Long,5,5,100.0
Shawn Collins,6,6,100.0
Larry Peterson,5,5,100.0
Susan Mason,6,6,100.0
William Holland,10,10,100.0
Timothy Pratt,6,6,100.0
Derrick Butler,5,5,100.0
Andrea Wagner,5,5,100.0
Sharon Watson,7,7,100.0
Anthony Oconnor,5,5,100.0
Sandra Gilbert,5,5,100.0
Christian Martinez,7,7,100.0
Joel Scott,5,5,100.0
Seth Thomas,6,6,100.0
Laura Fisher,7,7,100.0
Jim Smith,7,7,100.0
Nicole Walton,7,7,100.0
Nicole Fleming,6,6,100.0
Justin Dalton,5,5,100.0
Vickie Scott,5,5,100.0
Cynthia Bradley,5,5,100.0
Jason Wolfe,5,5,100.0
Zachary Warren,7,7,100.0
Ryan Ballard,5,5,100.0
Whitney Bennett,5,5,100.0
Sherry Clark,5,5,100.0
Deborah Marshall,5,5,100.0
Kim Shaw,6,6,100.0
Marvin Lopez,6,6,100.0
Lindsay Hill,6,6,100.0
Scott Arnold,5,5,100.0
Jaime Johnson,7,7,100.0
James Hickman,5,5,100.0
Kimberly Khan,5,5,100.0
Jeremy Washington,5,5,100.0
James Bean,5,5,100.0
Luis Howard,5,5,100.0
Hannah Barnes,5,5,100.0
Anthony Webb,7,7,100.0
Felicia Lopez,7,7,100.0
Gregory Hines,5,5,100.0
Rebecca Wolfe,5,5,100.0
Brandy Martin,5,5,100.0
Eric Fox,7,7,100.0
Raymond Medina,5,5,100.0
Tiffany Frazier,6,6,100.0
Joseph Wyatt,6,6,100.0
Stephanie Banks,6,6,100.0
Rebecca Hunter,5,5,100.0
Juan Hamilton,5,5,100.0
Sarah Buckley,5,5,100.0
Kristen Stevens,6,6,100.0
Brian Richard,6,6,100.0
Nancy Chen,6,6,100.0
Donna Kennedy,5,5,100.0
Robert Carroll,12,12,100.0
Heather Harper,8,8,100.0
Debra Roberts,6,6,100.0
Shannon Ryan,8,8,100.0
Richard Wise,5,5,100.0
Michelle Fields,5,5,100.0
Kathleen Gonzales,5,5,100.0
Renee Hill,6,6,100.0
Eric Sutton,6,6,100.0
Jillian Hill,5,5,100.0
Allison Cooper,6,6,100.0
Larry Murphy,6,6,100.0
Martin Stone,5,5,100.0
Andrea James,5,5,100.0
Mark Mcdaniel,5,5,100.0
Stephen Harrison,5,5,100.0
Wendy Simmons,5,5,100.0
Jeffrey Foster,6,6,100.0
Sandra Little,5,5,100.0
Sarah Meadows,5,5,100.0
Susan Montgomery,6,6,100.0
Shane Cook,5,5,100.0
Joanne Davis,5,5,100.0
David Blanchard,6,6,100.0
Christopher Owen,8,8,100.0
Kendra White,7,7,100.0
Crystal Alvarez,5,5,100.0
Sherri Morris,5,5,100.0
Crystal Stanley,5,5,100.0
Andrea Harmon,5,5,100.0
Vincent Scott,6,6,100.0
Kimberly Espinoza,7,7,100.0
Katherine Burns,5,5,100.0
Aaron Henry,7,7,100.0
Tony Allen,5,5,100.0
Samantha Marks,6,6,100.0
Chelsea Torres,6,6,100.0
Jordan Kennedy,6,6,100.0
Ashley Rios,5,5,100.0
David Chung,5,5,100.0
Taylor Torres,6,6,100.0
Jessica Cordova,5,5,100.0
Brian Wade,8,8,100.0
Steven Serrano,5,5,100.0
Charles Figueroa,5,5,100.0
Emily Rios,5,5,100.0
Mary Dillon,5,5,100.0
Jeffrey Moss,7,7,100.0
Timothy Levy,6,6,100.0
Jason Ellis,9,9,100.0
Susan Andrews,6,6,100.0
Derek Turner,6,6,100.0
Becky Thomas,6,6,100.0
Amber Wells,6,6,100.0
Tiffany Ford,5,5,100.0
Dustin Potter,5,5,100.0
Linda Cole,5,5,100.0
Diana Griffin,6,6,100.0
Gregory Gardner,6,6,100.0
Michael Mcmahon,6,6,100.0
Natalie Fisher,5,5,100.0
Tyler Lambert,5,5,100.0
Brian Pope,5,5,100.0
Louis Martinez,5,5,100.0
William Barker,6,6,100.0
Yvonne Carter,5,5,100.0
Janice Williams,9,9,100.0
Jacob Watson,9,9,100.0
Anthony Camacho,5,5,100.0
Monique Thomas,7,7,100.0
Jose Mendoza,5,5,100.0
Paul Bennett,8,8,100.0
Charlotte Wilson,5,5,100.0
Carlos Brooks,5,5,100.0
Patrick Alvarez,6,6,100.0
Jesse Hill,9,9,100.0
Kyle Torres,7,7,100.0
Amanda Benton,5,5,100.0
Stephanie Bradford,5,5,100.0
Rebecca Larson,5,5,100.0
Christina Hansen,5,5,100.0
Hannah Turner,5,5,100.0
Jennifer Howe,6,6,100.0
Emily Mendoza,5,5,100.0
Pamela Roberts,5,5,100.0
Joseph Neal,5,5,100.0
Karen Kelley,8,8,100.0
Joshua Donovan,5,5,100.0
Jeremy Hoffman,5,5,100.0
Jeremy Peterson,5,5,100.0
Kimberly Washington,7,7,100.0
Tracy Camacho,5,5,100.0
Michael Parsons,12,12,100.0
Kathleen Clayton,5,5,100.0
Matthew Jennings,5,5,100.0
Linda Vargas,5,5,100.0
Meredith Davis,5,5,100.0
Joshua Krueger,5,5,100.0
Michelle Love,6,6,100.0
Edward Spencer,5,5,100.0
Thomas Chandler,7,7,100.0
Jennifer Copeland,8,8,100.0
Kimberly Hartman,6,6,100.0
Kristin Fisher,5,5,100.0
Andrew Larsen,6,6,100.0
Todd Walters,5,5,100.0
Justin David,5,5,100.0
Timothy Cochran,5,5,100.0
Timothy Todd,5,5,100.0
Amber Willis,6,6,100.0
Samuel Diaz,5,5,100.0
Rhonda Rogers,5,5,100.0
Cindy Scott,5,5,100.0
Jeremy Jenkins,7,7,100.0
Martin Miller,7,7,100.0
Stephen Patterson,5,5,100.0
Leah Martinez,7,7,100.0
Ryan Fowler,5,5,100.0
Bradley Ramirez,6,6,100.0
Samantha Stuart,5,5,100.0
Johnny White,7,7,100.0
John Chase,5,5,100.0
Melissa Patel,10,10,100.0
Anthony Buchanan,6,6,100.0
John Rios,14,14,100.0
Sandra Carson,5,5,100.0
Andrew Fields,10,10,100.0
William Sandoval,5,5,100.0
Jesse Wallace,6,6,100.0
Kyle Morgan,5,5,100.0
Michelle Riley,7,7,100.0
Allison Hughes,7,7,100.0
Scott Thornton,5,5,100.0
Molly Lewis,6,6,100.0
Paula Martinez,6,6,100.0
Amy Frost,5,5,100.0
Sheila Hall,5,5,100.0
Holly Schneider,5,5,100.0
Taylor Murphy,5,5,100.0
Savannah Garcia,6,6,100.0
Andrea Patel,6,6,100.0
Cheryl Reed,6,6,100.0
Jane Miller,6,6,100.0
Justin Aguilar,7,7,100.0
Melissa Fitzpatrick,5,5,100.0
Jessica Lloyd,6,6,100.0
Crystal Diaz,11,11,100.0
Karen Bates,6,6,100.0
Samantha Hammond,6,6,100.0
Matthew Saunders,6,6,100.0
Donna Dennis,5,5,100.0
Eric Gaines,5,5,100.0
Mary Hoffman,11,11,100.0
James Pittman,5,5,100.0
Brittany Woods,6,6,100.0
Edward Lloyd,6,6,100.0
Thomas Reynolds,8,8,100.0
Steven Maldonado,5,5,100.0
Julie Hamilton,8,8,100.0
Jesse Bryant,6,6,100.0
Kayla Gutierrez,5,5,100.0
Cindy Green,7,7,100.0
John Woodard,6,6,100.0
David Shields,5,5,100.0
Jeffrey Fuller,5,5,100.0
David Zuniga,7,7,100.0
Kenneth Steele,5,5,100.0
Jennifer Manning,8,8,100.0
Diane Baker,6,6,100.0
Robert Gilmore,6,6,100.0
Amy Grant,5,5,100.0
Ricardo Jackson,5,5,100.0
Joshua Guerra,6,6,100.0
Alisha Williams,5,5,100.0
Johnny Hunt,5,5,100.0
Kevin Velasquez,6,6,100.0
Richard Bryant,10,10,100.0
Kristina Cox,5,5,100.0
Gary Parker,11,11,100.0
Kimberly Rose,6,6,100.0
James Blake,9,9,100.0
Joseph Parsons,5,5,100.0
William Beltran,5,5,100.0
Ashley Dickerson,5,5,100.0
Joseph Carroll,7,7,100.0
Sean Gregory,5,5,100.0
Christian Gray,6,6,100.0
Michelle Bright,5,5,100.0
Richard Blevins,6,6,100.0
Brian Serrano,5,5,100.0
David Pham,9,9,100.0
Anthony Beard,6,6,100.0
Jonathan Moss,5,5,100.0
Adam Goodwin,5,5,100.0
Savannah Anderson,7,7,100.0
Emily Cook,5,5,100.0
Andrea Simon,5,5,100.0
Scott Perry,8,8,100.0
Cynthia George,5,5,100.0
Catherine Carter,6,6,100.0
Karen Romero,7,7,100.0
Ray Lee,5,5,100.0
Robert Morse,5,5,100.0
Eric Obrien,7,7,100.0
Amanda Mcfarland,5,5,100.0
Brandon Lawson,5,5,100.0
Lisa Rowland,11,11,100.0
Jacob Reyes,6,6,100.0
Donna Moody,5,5,100.0
Michelle Mcpherson,5,5,100.0
Gregory Armstrong,5,5,100.0
Christopher Greer,9,9,100.0
Paul Watson,11,11,100.0
Shannon Gilmore,5,5,100.0
Patrick Sanders,9,9,100.0
Cheryl Willis,5,5,100.0
Laura Aguilar,5,5,100.0
Deanna Jordan,5,5,100.0
Amanda Harper,7,7,100.0
Ashley Sharp,7,7,100.0
Brian Hood,5,5,100.0
Vanessa Thomas,6,6,100.0
Chloe Williams,6,6,100.0
Keith Simpson,5,5,100.0
Tara Perez,6,6,100.0
Melissa Bush,5,5,100.0
Justin Jennings,7,7,100.0
Ronald Butler,7,7,100.0
Sara James,6,6,100.0
Dylan Allen,5,5,100.0
Christian Jenkins,7,7,100.0
Darlene Brown,7,7,100.0
Christine Howell,8,8,100.0
Kenneth Berger,5,5,100.0
Danielle Price,5,5,100.0
Mary Craig,5,5,100.0
Daniel Yu,5,5,100.0
Daniel Everett,5,5,100.0
Timothy Hudson,6,6,100.0
Connie Coleman,5,5,100.0
Catherine Paul,6,6,100.0
Joshua Fleming,7,7,100.0
Michelle Rios,9,9,100.0
John Potter,5,5,100.0
Carrie Scott,5,5,100.0
Emily Tanner,5,5,100.0
Raymond Henry,5,5,100.0
Gary Diaz,6,6,100.0
Lisa Craig,6,6,100.0
Joseph Cabrera,5,5,100.0
Angel Martinez,8,8,100.0
Nathan May,5,5,100.0
Katherine Warner,5,5,100.0
Lauren Riley,7,7,100.0
Melissa Strong,5,5,100.0
James Aguirre,6,6,100.0
Pamela Robertson,8,8,100.0
Madison Hill,5,5,100.0
Daisy Jones,5,5,100.0
Julia Campbell,6,6,100.0
Chad Perez,5,5,100.0
Sarah Wong,5,5,100.0
Hannah Rice,5,5,100.0
Steven Mata,5,5,100.0
David Middleton,6,6,100.0
Gina Wagner,7,7,100.0
Victor Rogers,6,6,100.0
Charles Erickson,6,6,100.0
Kimberly Church,5,5,100.0
Kathy Parker,7,7,100.0
Nicole Spears,5,5,100.0
Henry Adams,5,5,100.0
Nicole Gilbert,5,5,100.0
Shawn Parker,7,7,100.0
Justin Tate,5,5,100.0
Michelle Collier,6,6,100.0
Angela Pacheco,6,6,100.0
Ryan Mccoy,6,6,100.0
Jeffrey Stevenson,6,6,100.0
Sandra Ward,6,6,100.0
Joshua Hodges,6,6,100.0
Adam Park,6,6,100.0
Julia Evans,6,6,100.0
Taylor Melendez,5,5,100.0
Kevin Leonard,5,5,100.0
Andrew Sharp,7,7,100.0
Lindsey Morales,5,5,100.0
Vincent Clark,6,6,100.0
William Tucker,15,15,100.0
David Page,5,5,100.0
Brian Burnett,6,6,100.0
Alicia Herrera,5,5,100.0
Sean Powell,5,5,100.0
Matthew Riley,7,7,100.0
Chad Jenkins,6,6,100.0
Donald Collins,6,6,100.0
Nancy Ramirez,7,7,100.0
Mark Ochoa,6,6,100.0
Danielle Gonzales,7,7,100.0
Kimberly Caldwell,6,6,100.0
James Fletcher,7,7,100.0
Christopher Hutchinson,5,5,100.0
Brandon Barber,5,5,100.0
Alyssa Campbell,5,5,100.0
Keith Turner,7,7,100.0
Shawn Copeland,6,6,100.0
Brianna Martin,6,6,100.0
Michael Burch,8,8,100.0
Jessica Vazquez,7,7,100.0
Kevin Abbott,5,5,100.0
Lauren Newton,5,5,100.0
Sarah Ayala,6,6,100.0
Taylor King,9,9,100.0
Laura Powers,5,5,100.0
Melanie Young,6,6,100.0
Janice Morris,5,5,100.0
Kathleen Meyer,5,5,100.0
Joseph Delgado,6,6,100.0
Amanda Fuller,5,5,100.0
Mark Snyder,8,8,100.0
Gary Turner,6,6,100.0
Danny Lee,6,6,100.0
Stephanie Garner,6,6,100.0
Beth Barnes,5,5,100.0
Denise Ford,5,5,100.0
William Boone,6,6,100.0
Anthony Schaefer,5,5,100.0
Sandra Chan,5,5,100.0
Jason Vaughan,5,5,100.0
Traci Thompson,6,6,100.0
Thomas Lambert,6,6,100.0
Linda Shaw,6,6,100.0
Chelsea Taylor,5,5,100.0
Lydia Williams,5,5,100.0
Terry Reyes,5,5,100.0
Lauren Pierce,6,6,100.0
Cynthia Patterson,7,7,100.0
Donna Joseph,6,6,100.0
Alan Edwards,7,7,100.0
Daniel Skinner,5,5,100.0
Gabriel Boyd,5,5,100.0
Nicholas Holmes,5,5,100.0
Mary Munoz,5,5,100.0
Ronald Murphy,5,5,100.0
Mario Walker,5,5,100.0
Kathleen Mills,5,5,100.0
Tonya Flores,5,5,100.0
Diana Stewart,7,7,100.0
Carrie Morgan,6,6,100.0
Aaron Fox,5,5,100.0
Pamela Tran,5,5,100.0
Patrick Wagner,5,5,100.0
Cynthia Marquez,5,5,100.0
Brian Conley,5,5,100.0
Patrick Elliott,5,5,100.0
Vanessa Gibson,6,6,100.0
Jacqueline Sanchez,12,12,100.0
Christopher Rowland,6,6,100.0
Jonathan Richardson,11,11,100.0
Jason Sellers,5,5,100.0
Carlos Perez,5,5,100.0
Sandra Lucas,7,7,100.0
Mary Fox,6,6,100.0
Michelle Pacheco,5,5,100.0
Teresa Scott,8,8,100.0
Brian Hawkins,6,6,100.0
Matthew Flores,24,25,96.0
Rachel Lee,22,23,95.65
Victoria Davis,21,22,95.45
Gregory Lewis,20,21,95.24
Zachary Taylor,20,21,95.24
Shawn Garcia,20,21,95.24
David Howell,18,19,94.74
Terry Anderson,18,19,94.74
Robert Riley,17,18,94.44
John Holt,17,18,94.44
Todd Thomas,17,18,94.44
John Perkins,16,17,94.12
Angela Reed,16,17,94.12
Karen Carter,16,17,94.12
Renee Williams,16,17,94.12
Elizabeth Sullivan,16,17,94.12
Rachel Jordan,16,17,94.12
Nicholas Parker,16,17,94.12
Christopher Holmes,16,17,94.12
Ashley Woods,16,17,94.12
Jonathan Reed,16,17,94.12
Chad Moore,15,16,93.75
Michelle Ramos,15,16,93.75
Mark Hughes,15,16,93.75
Jacob Reed,15,16,93.75
Michael Kirk,15,16,93.75
Joshua Edwards,15,16,93.75
Richard Adams,15,16,93.75
Stephanie Jenkins,15,16,93.75
Adam Evans,15,16,93.75
Ryan Phillips,15,16,93.75
Mary Hunt,15,16,93.75
Samantha Parker,15,16,93.75
Daniel Porter,15,16,93.75
Arthur Smith,15,16,93.75
Jason Rivera,14,15,93.33
Richard Hoffman,14,15,93.33
Brian Spencer,14,15,93.33
Rebecca Kelly,14,15,93.33
Emily Green,14,15,93.33
Jeffrey Chavez,14,15,93.33
Tina Anderson,14,15,93.33
Timothy Kelly,14,15,93.33
Mark Harrison,14,15,93.33
Melissa Kim,14,15,93.33
William Estrada,14,15,93.33
Christopher Chandler,14,15,93.33
Emily Gomez,13,14,92.86
Tammy Richardson,13,14,92.86
David Ortega,13,14,92.86
Lisa Ramos,13,14,92.86
Karen Reed,13,14,92.86
Beth Brown,13,14,92.86
Christine Campbell,13,14,92.86
Jerry Taylor,13,14,92.86
Jessica Banks,13,14,92.86
Lisa Obrien,13,14,92.86
Heather Cox,13,14,92.86
Nicole Owens,13,14,92.86
Brian Henry,13,14,92.86
Michele Mitchell,13,14,92.86
Tina Martin,13,14,92.86
Kimberly Jordan,13,14,92.86
Christine Griffin,13,14,92.86
Heather Sullivan,13,14,92.86
Ashley Watson,13,14,92.86
Douglas Perez,13,14,92.86
Mary Fernandez,13,14,92.86
Kelsey Wilson,13,14,92.86
Alexander Thompson,13,14,92.86
David Vazquez,13,14,92.86
Jessica Mitchell,25,27,92.59
Shawn White,12,13,92.31
Steven Coleman,12,13,92.31
Stephen Edwards,12,13,92.31
Amy Snyder,12,13,92.31
Elizabeth Tran,12,13,92.31
Barry Smith,12,13,92.31
James Yang,12,13,92.31
Eric Daniels,12,13,92.31
Brian Mason,12,13,92.31
Amanda Peters,12,13,92.31
Rachel Wood,12,13,92.31
Pamela Lewis,12,13,92.31
Michelle Hicks,12,13,92.31
Samantha Collins,12,13,92.31
Tiffany Hill,12,13,92.31
Jessica Stephens,12,13,92.31
Brian Duncan,12,13,92.31
Brittany Howard,12,13,92.31
Brandon Parker,12,13,92.31
Daniel Romero,12,13,92.31
Megan Hall,12,13,92.31
Julie Carter,12,13,92.31
Samantha Rogers,12,13,92.31
Jennifer Nunez,12,13,92.31
Michael Roberson,12,13,92.31
Terry Jackson,12,13,92.31
Taylor Adams,12,13,92.31
Patricia Robinson,12,13,92.31
Lisa Meyer,12,13,92.31
Michael Yates,12,13,92.31
Renee Wilson,12,13,92.31
Edward Hall,12,13,92.31
Anthony Coleman,12,13,92.31
Jose Walker,12,13,92.31
Luke Smith,12,13,92.31
Barbara Collins,12,13,92.31
Douglas Clark,12,13,92.31
Nicole Barnes,12,13,92.31
Nicole Gomez,12,13,92.31
Andrew Morales,12,13,92.31
Richard Tran,12,13,92.31
Jennifer Garrett,12,13,92.31
Jeffrey James,12,13,92.31
Stephanie Willis,12,13,92.31
Brian Knight,12,13,92.31
Jacob Harris,12,13,92.31
Eric Chavez,12,13,92.31
Charles Ramos,12,13,92.31
Matthew Hudson,12,13,92.31
Robert Sharp,12,13,92.31
James Henderson,23,25,92.0
Kimberly Barnett,11,12,91.67
Michelle Stephens,11,12,91.67
Nicole Peters,11,12,91.67
James Salazar,11,12,91.67
Patricia Ortiz,11,12,91.67
Danielle Butler,11,12,91.67
Michael Cummings,11,12,91.67
Robert Simon,11,12,91.67
April Robinson,11,12,91.67
Monica Ramirez,11,12,91.67
Lisa Mendez,11,12,91.67
Joshua Ward,11,12,91.67
Erica Lopez,11,12,91.67
Michael Wang,11,12,91.67
Mark Hamilton,11,12,91.67
Crystal Nguyen,11,12,91.67
Gabriel Miller,11,12,91.67
Elizabeth Hicks,11,12,91.67
Sarah Howard,11,12,91.67
Christina Myers,11,12,91.67
Bobby Williams,11,12,91.67
Gabriel Rodriguez,11,12,91.67
Linda Hamilton,11,12,91.67
Nicole Price,11,12,91.67
Nicole Dixon,11,12,91.67
Christopher Casey,11,12,91.67
James Mullins,11,12,91.67
Andrew Alvarez,11,12,91.67
Jonathan Knight,11,12,91.67
Jacob Evans,11,12,91.67
Christian Lewis,11,12,91.67
Kristin Moore,11,12,91.67
Anthony Rivera,11,12,91.67
Caleb Williams,11,12,91.67
Michael Avery,11,12,91.67
Lori White,11,12,91.67
Angela Rogers,11,12,91.67
Joel Hernandez,11,12,91.67
Christina James,11,12,91.67
Elizabeth Garrett,11,12,91.67
Stephen Richardson,11,12,91.67
Jennifer Soto,11,12,91.67
Jennifer Norris,11,12,91.67
Jacqueline Roberts,11,12,91.67
Thomas Cole,11,12,91.67
Lauren Morris,11,12,91.67
Matthew Barnett,11,12,91.67
Tracy Flores,11,12,91.67
William Carpenter,11,12,91.67
Joseph Rice,11,12,91.67
Mary Aguilar,11,12,91.67
John Hopkins,11,12,91.67
Austin Green,11,12,91.67
Kevin Gomez,11,12,91.67
Jennifer Johnston,11,12,91.67
Robert Mora,11,12,91.67
Lisa Higgins,11,12,91.67
Katherine Morgan,11,12,91.67
Jose Lopez,11,12,91.67
Emily Turner,11,12,91.67
Amber Flores,11,12,91.67
Linda Sanchez,11,12,91.67
Brandon Bailey,11,12,91.67
Andrea Wright,11,12,91.67
Susan Henderson,11,12,91.67
Donald Young,11,12,91.67
Patrick Clark,11,12,91.67
Daniel Bradley,11,12,91.67
Steven Olson,11,12,91.67
Kristen Campbell,11,12,91.67
Rebecca Rivera,11,12,91.67
John Rodgers,11,12,91.67
Christopher Willis,11,12,91.67
Stephanie Bradley,11,12,91.67
Melissa Castro,11,12,91.67
Suzanne Johnson,21,23,91.3
Julie Graham,10,11,90.91
Joseph Chambers,10,11,90.91
Todd Taylor,10,11,90.91
Christopher Fischer,10,11,90.91
Joseph Powers,10,11,90.91
Sarah Graham,10,11,90.91
John Montgomery,10,11,90.91
Steven Leonard,10,11,90.91
Diana Torres,10,11,90.91
Stephanie Bell,10,11,90.91
Tony Jackson,10,11,90.91
Tammy Nelson,10,11,90.91
Robert Munoz,10,11,90.91
Pamela Taylor,20,22,90.91
Jennifer Hale,10,11,90.91
Kimberly Fox,10,11,90.91
Lori Rivera,10,11,90.91
Darren Jones,10,11,90.91
Edward Roberts,10,11,90.91
Jill Lee,10,11,90.91
James Perry,20,22,90.91
Charles Reed,10,11,90.91
Megan Campbell,10,11,90.91
Samuel Wright,10,11,90.91
Timothy Gray,10,11,90.91
Crystal Wright,10,11,90.91
Ryan Rose,10,11,90.91
Kimberly Banks,10,11,90.91
Dennis Gonzalez,10,11,90.91
Mary Rice,10,11,90.91
Alicia Harris,10,11,90.91
Jennifer Marks,10,11,90.91
Jason Marshall,10,11,90.91
Daniel Hanson,10,11,90.91
Kendra Miller,10,11,90.91
Charles Gordon,10,11,90.91
David Pitts,10,11,90.91
Mark Reynolds,10,11,90.91
Crystal Stewart,10,11,90.91
Adam Flores,10,11,90.91
Eric Watts,10,11,90.91
Michelle Johnston,10,11,90.91
James Keller,10,11,90.91
James Berger,10,11,90.91
Sarah Hughes,10,11,90.91
Sarah Johnston,10,11,90.91
Brian Lloyd,10,11,90.91
Justin Alexander,10,11,90.91
Shane Thompson,10,11,90.91
Angela Jordan,10,11,90.91
Sean Morgan,10,11,90.91
Christopher Franklin,10,11,90.91
Tammy Parker,10,11,90.91
Andrea Cook,10,11,90.91
Robert Keller,10,11,90.91
Debra Harris,10,11,90.91
Carolyn Rodriguez,10,11,90.91
Thomas Alvarez,10,11,90.91
David Holland,10,11,90.91
Vincent Taylor,10,11,90.91
Anna Sanchez,10,11,90.91
Paula Jones,10,11,90.91
Madison Martinez,10,11,90.91
Katherine Hernandez,20,22,90.91
Lisa Vance,10,11,90.91
Thomas Silva,10,11,90.91
Ashley Morrison,10,11,90.91
James Cruz,20,22,90.91
Eric Webb,10,11,90.91
Melissa Harrison,10,11,90.91
Katherine Hamilton,10,11,90.91
Paul Wells,10,11,90.91
Nicholas Myers,10,11,90.91
Rachel Mason,10,11,90.91
Patrick Henderson,10,11,90.91
Jennifer Gibson,20,22,90.91
Daniel Burke,10,11,90.91
Stacey Anderson,10,11,90.91
Christopher Rocha,10,11,90.91
Joseph Hansen,10,11,90.91
Ashley Duncan,10,11,90.91
Chad White,10,11,90.91
Timothy Simpson,10,11,90.91
Terri Martin,10,11,90.91
Cheryl Roberts,10,11,90.91
George Roberts,10,11,90.91
Kevin Simpson,10,11,90.91
Michael Sexton,10,11,90.91
Jesse Carter,10,11,90.91
Emily Reyes,10,11,90.91
Cynthia Chapman,10,11,90.91
Dean Brown,10,11,90.91
Tiffany Mitchell,10,11,90.91
Michael Meyers,10,11,90.91
Alexander Campbell,10,11,90.91
Brittany Phillips,10,11,90.91
Stephanie Meyer,10,11,90.91
Ashley Wells,10,11,90.91
Angela Butler,10,11,90.91
Rachel Sanders,10,11,90.91
Karen Cruz,10,11,90.91
Stephanie Jimenez,10,11,90.91
Sharon Sanchez,10,11,90.91
Brenda Hall,10,11,90.91
Richard Boyd,10,11,90.91
David Klein,10,11,90.91
Kayla Perez,10,11,90.91
Paul Gutierrez,10,11,90.91
Christina Gutierrez,10,11,90.91
Debra Lopez,10,11,90.91
Miranda Smith,10,11,90.91
Kelly Price,10,11,90.91
Amanda Wagner,10,11,90.91
Melanie Miller,19,21,90.48
Christopher Austin,19,21,90.48
Lucas Williams,9,10,90.0
Johnny Miller,9,10,90.0
Melanie Scott,9,10,90.0
David Reeves,9,10,90.0
Marissa Garcia,9,10,90.0
Sean Bennett,9,10,90.0
Kristin Rodriguez,9,10,90.0
Steven Golden,9,10,90.0
Michael Hooper,9,10,90.0
Ryan Parks,9,10,90.0
Jennifer Fuentes,9,10,90.0
Charles Bennett,9,10,90.0
Pamela Peterson,9,10,90.0
Brittany Ross,9,10,90.0
Alexis Sanchez,9,10,90.0
Steven Kennedy,9,10,90.0
Benjamin Rivera,9,10,90.0
Richard Morales,9,10,90.0
Janet Wilson,9,10,90.0
Thomas Barber,9,10,90.0
Travis Harris,9,10,90.0
John Steele,9,10,90.0
Mary Castillo,9,10,90.0
Lisa Guzman,9,10,90.0
Emily Morgan,9,10,90.0
Christopher Barton,9,10,90.0
Nathan Moore,9,10,90.0
Elizabeth Crawford,9,10,90.0
Kimberly Davidson,9,10,90.0
Alexander Flores,9,10,90.0
Jordan Nelson,9,10,90.0
John Carrillo,9,10,90.0
Eric West,9,10,90.0
Erika Thompson,9,10,90.0
Katherine Rogers,9,10,90.0
Lori Cruz,9,10,90.0
Jennifer Wolfe,9,10,90.0
Daniel Perkins,9,10,90.0
Todd Ramirez,9,10,90.0
Richard Jenkins,9,10,90.0
Brandon Turner,9,10,90.0
Sherri Johnson,9,10,90.0
Leslie Roberts,9,10,90.0
Daniel Morrison,9,10,90.0
Kimberly Steele,9,10,90.0
Melissa Lawrence,9,10,90.0
Angela Mckenzie,9,10,90.0
Donald Hill,9,10,90.0
James Shelton,9,10,90.0
Stephanie Herrera,9,10,90.0
Matthew Freeman,9,10,90.0
Shelly Miller,9,10,90.0
Matthew Tran,9,10,90.0
Steven Willis,9,10,90.0
Brittney Davis,9,10,90.0
Juan Clark,9,10,90.0
Lisa Peters,9,10,90.0
Brandon Mendoza,9,10,90.0
Brian Hunter,9,10,90.0
Ashley Peterson,18,20,90.0
Brandon Baker,9,10,90.0
Alexandra Jackson,9,10,90.0
Hailey Johnson,9,10,90.0
William Barnett,9,10,90.0
Vanessa Young,9,10,90.0
Julie Gibson,9,10,90.0
Cheryl Torres,9,10,90.0
Mary Simpson,9,10,90.0
Debbie Anderson,9,10,90.0
Heather Ramos,9,10,90.0
Melanie Roberts,9,10,90.0
Johnny Thompson,9,10,90.0
David Trevino,9,10,90.0
Brittany Nguyen,9,10,90.0
Allison Hall,9,10,90.0
Joseph Daniels,9,10,90.0
Leah Jackson,9,10,90.0
Casey Scott,9,10,90.0
Anthony West,9,10,90.0
Charles Crawford,9,10,90.0
Ryan Estrada,9,10,90.0
Kelly Stevens,9,10,90.0
Justin Simmons,9,10,90.0
Daniel Fox,9,10,90.0
Debra Washington,9,10,90.0
Nicholas Ross,9,10,90.0
Marie Jones,9,10,90.0
Samantha Hill,9,10,90.0
Amanda Griffin,9,10,90.0
David Cervantes,9,10,90.0
Michael Rasmussen,9,10,90.0
Robert Schroeder,9,10,90.0
Mary Peters,9,10,90.0
Larry Jackson,9,10,90.0
Cynthia Gutierrez,9,10,90.0
Mark Watkins,9,10,90.0
Thomas Ramos,9,10,90.0
Zachary Evans,9,10,90.0
Julie Woods,9,10,90.0
Lisa Espinoza,9,10,90.0
Nicholas Ramos,9,10,90.0
Allison Turner,9,10,90.0
Jordan Wright,9,10,90.0
Pamela Myers,9,10,90.0
Rebecca Mason,9,10,90.0
Rebecca Freeman,9,10,90.0
Anthony Davidson,9,10,90.0
Catherine Davis,9,10,90.0
Mary Knight,9,10,90.0
Sara Walker,9,10,90.0
Mark Wilkins,9,10,90.0
Jamie Rogers,9,10,90.0
Eric Ruiz,9,10,90.0
John Hubbard,9,10,90.0
Brandy Miller,9,10,90.0
Janet Wright,9,10,90.0
Corey Harris,9,10,90.0
Thomas Ross,9,10,90.0
Wendy Taylor,9,10,90.0
Randall Anderson,9,10,90.0
Joseph Thornton,9,10,90.0
Patrick Hernandez,18,20,90.0
Lisa Roman,9,10,90.0
Jennifer Harrington,9,10,90.0
Dustin Young,9,10,90.0
William Walsh,9,10,90.0
Angela Estrada,9,10,90.0
Nicholas Fox,9,10,90.0
Elizabeth Gardner,9,10,90.0
Amanda Holt,9,10,90.0
Linda Marshall,9,10,90.0
Cynthia Schmidt,9,10,90.0
Frank Jackson,9,10,90.0
Kayla Bennett,9,10,90.0
Nicholas Barnes,9,10,90.0
Alicia Taylor,9,10,90.0
Danielle Howard,9,10,90.0
Denise Mitchell,9,10,90.0
Heather Richardson,9,10,90.0
William Lawrence,9,10,90.0
Timothy Ortiz,9,10,90.0
Kenneth Bailey,9,10,90.0
Cynthia Thomas,18,20,90.0
Michael Booth,9,10,90.0
Mary Jensen,9,10,90.0
Thomas Burns,9,10,90.0
Brandon Cole,9,10,90.0
Peter Flores,9,10,90.0
Michael Mckinney,9,10,90.0
Travis Clark,9,10,90.0
Rachel Reed,9,10,90.0
Mary Richardson,9,10,90.0
Jennifer Barber,9,10,90.0
Kathleen Stone,9,10,90.0
Jeremy Murphy,9,10,90.0
Brianna Moore,9,10,90.0
Michael Knox,9,10,90.0
James Norman,9,10,90.0
Rachel Thompson,18,20,90.0
Paula Davis,9,10,90.0
Samantha Peterson,9,10,90.0
Jeffrey Ortiz,9,10,90.0
Michael Solis,9,10,90.0
Amy Shaw,9,10,90.0
Jessica Ibarra,9,10,90.0
Ashley Fisher,9,10,90.0
Victoria Price,9,10,90.0
Tony Lee,9,10,90.0
Adam Bell,9,10,90.0
Tina Gomez,9,10,90.0
Stephanie Armstrong,9,10,90.0
April Davis,9,10,90.0
Antonio Jones,18,20,90.0
Robert Newman,9,10,90.0
Wanda Jones,9,10,90.0
Sean Rogers,9,10,90.0
Cynthia Roberts,9,10,90.0
Austin Clark,9,10,90.0
James Sawyer,9,10,90.0
Michael Drake,9,10,90.0
Jill Hernandez,9,10,90.0
Karen Gray,9,10,90.0
John Schroeder,9,10,90.0
Amy Holmes,9,10,90.0
Christina Richardson,9,10,90.0
Cynthia Baker,9,10,90.0
Jeremy Watson,9,10,90.0
Erica Alexander,9,10,90.0
Sandra Collins,9,10,90.0
Michael Hartman,9,10,90.0
Stephanie Wells,9,10,90.0
Danielle Roberts,9,10,90.0
Carol Thomas,9,10,90.0
Daniel Alvarado,9,10,90.0
Sean Hall,9,10,90.0
Christopher Cole,17,19,89.47
Christina Perez,17,19,89.47
Crystal White,17,19,89.47
Jacob Anderson,17,19,89.47
Daniel Castillo,17,19,89.47
Lisa Peterson,17,19,89.47
Kimberly Jenkins,17,19,89.47
James Rice,17,19,89.47
John Larson,17,19,89.47
Kimberly Rivera,25,28,89.29
Amanda Pena,8,9,88.89
Jacob Zimmerman,8,9,88.89
Kyle Aguilar,8,9,88.89
Danny Taylor,8,9,88.89
Jamie Roberts,8,9,88.89
David Daniel,8,9,88.89
Ashley Moreno,8,9,88.89
Jennifer Stein,8,9,88.89
Anthony Robertson,8,9,88.89
Mark Kim,8,9,88.89
Erika Garcia,8,9,88.89
Charlene Smith,8,9,88.89
William Oliver,8,9,88.89
Kristen Lee,8,9,88.89
Jessica Quinn,8,9,88.89
Kelly Mccoy,8,9,88.89
Natalie Lewis,8,9,88.89
Mary Armstrong,8,9,88.89
Lisa Dawson,8,9,88.89
Laura Ellis,8,9,88.89
Matthew Espinoza,8,9,88.89
Teresa Carter,8,9,88.89
Katherine Cruz,8,9,88.89
Michael Spears,8,9,88.89
Stephanie Carr,8,9,88.89
Joy Rodriguez,8,9,88.89
Richard Sanders,8,9,88.89
Ricardo Brown,8,9,88.89
Kristine Jones,8,9,88.89
James Fitzgerald,8,9,88.89
Brittany Campbell,16,18,88.89
Melissa Sharp,8,9,88.89
Ashley Larson,8,9,88.89
Zachary Ramos,8,9,88.89
Natasha Miller,8,9,88.89
Stephanie Diaz,16,18,88.89
Donald Peterson,8,9,88.89
Jamie Edwards,8,9,88.89
Julie Diaz,8,9,88.89
Diane Lee,8,9,88.89
Terry Lee,8,9,88.89
Joshua Torres,16,18,88.89
Elizabeth Rice,8,9,88.89
Jennifer Moran,8,9,88.89
Michelle Hall,24,27,88.89
Matthew Watts,8,9,88.89
Donald Turner,8,9,88.89
Michelle Kennedy,8,9,88.89
Aaron Cooper,8,9,88.89
Mary Day,8,9,88.89
Robert Camacho,8,9,88.89
Lisa Cardenas,8,9,88.89
Timothy Bradley,8,9,88.89
Desiree Miller,8,9,88.89
Charles Berry,8,9,88.89
Sandra Jenkins,8,9,88.89
Kathleen Bryant,8,9,88.89
Steve Moore,8,9,88.89
Jennifer Mcmillan,8,9,88.89
Kelly Sullivan,8,9,88.89
Samuel Watson,8,9,88.89
Elizabeth Lucas,8,9,88.89
Christopher Duncan,8,9,88.89
Michele Williams,16,18,88.89
Stephanie Simon,8,9,88.89
Denise Allen,8,9,88.89
Lisa Walsh,8,9,88.89
Michael Mcgee,16,18,88.89
Scott Ward,8,9,88.89
Joseph Cortez,8,9,88.89
Julia Anderson,8,9,88.89
Anna Kelly,8,9,88.89
Bobby Anderson,8,9,88.89
Timothy Spencer,8,9,88.89
Benjamin Wood,8,9,88.89
Meghan Wilson,8,9,88.89
Douglas Thomas,8,9,88.89
Alicia Cox,8,9,88.89
Brett Hernandez,8,9,88.89
Lisa Quinn,8,9,88.89
Scott Foster,8,9,88.89
David Lowery,8,9,88.89
Sharon Brooks,8,9,88.89
Victoria Rogers,8,9,88.89
Tina King,8,9,88.89
Dale Johnson,8,9,88.89
Justin Chavez,8,9,88.89
Amanda Rose,8,9,88.89
Danielle Turner,8,9,88.89
Casey Rodriguez,8,9,88.89
James Kelley,16,18,88.89
Melissa Hopkins,8,9,88.89
Maria Thomas,16,18,88.89
Samantha Morris,8,9,88.89
Charles Gutierrez,8,9,88.89
Michele Collins,8,9,88.89
Benjamin Young,8,9,88.89
Nancy Gonzalez,8,9,88.89
Sarah Boyd,8,9,88.89
Brandon Crawford,8,9,88.89
Samantha Hansen,8,9,88.89
Nicholas Alvarez,8,9,88.89
Terry Clark,8,9,88.89
Michael Holder,8,9,88.89
Paula Rodriguez,8,9,88.89
Jose Scott,8,9,88.89
Jennifer Barnett,16,18,88.89
George Jackson,8,9,88.89
Crystal Perry,8,9,88.89
Kenneth Barnes,8,9,88.89
Andrew Joseph,8,9,88.89
Timothy Mendoza,8,9,88.89
Catherine Allen,8,9,88.89
Melissa Brooks,8,9,88.89
Kayla Ramirez,8,9,88.89
Kristin Sanchez,8,9,88.89
Kimberly Garrett,8,9,88.89
Vanessa Lee,8,9,88.89
Joseph May,8,9,88.89
Laura Cannon,8,9,88.89
Gabrielle Williams,8,9,88.89
Susan Patterson,8,9,88.89
Abigail White,8,9,88.89
Michael Holden,8,9,88.89
Amy Crawford,8,9,88.89
Angel Rodriguez,8,9,88.89
Scott May,8,9,88.89
Jesse Torres,8,9,88.89
Karen Marshall,8,9,88.89
Joshua Palmer,8,9,88.89
Carolyn Martinez,8,9,88.89
Angela Sanders,8,9,88.89
Catherine Lee,8,9,88.89
Megan Bennett,8,9,88.89
Jeffrey Moreno,8,9,88.89
Katelyn Wilson,8,9,88.89
Adam Turner,8,9,88.89
Zachary Gibson,8,9,88.89
Alicia Rogers,8,9,88.89
James Moss,8,9,88.89
Kimberly Buckley,8,9,88.89
Robert Cantu,8,9,88.89
Elizabeth Alvarez,8,9,88.89
Jackie Smith,8,9,88.89
Jeffrey Ruiz,8,9,88.89
Brian Riley,8,9,88.89
David Patrick,8,9,88.89
David Chambers,8,9,88.89
Melissa Ray,8,9,88.89
Kevin Kelley,8,9,88.89
Jason Rose,8,9,88.89
Steven Howell,8,9,88.89
Mark Vega,8,9,88.89
Sarah Bennett,8,9,88.89
Michelle Powers,8,9,88.89
Patricia Meyer,8,9,88.89
Robert Nunez,8,9,88.89
Michelle Fowler,8,9,88.89
Adam Henderson,8,9,88.89
Brian Romero,8,9,88.89
Joshua Garza,8,9,88.89
Patricia Hamilton,8,9,88.89
Kathy Lee,8,9,88.89
Wendy Ward,8,9,88.89
Mark Shelton,8,9,88.89
Brianna Anderson,8,9,88.89
Lori Gomez,8,9,88.89
Megan Watson,8,9,88.89
Tracy King,8,9,88.89
Judy Johnson,8,9,88.89
Natasha Thompson,8,9,88.89
Robert Dominguez,8,9,88.89
Charles Boyd,8,9,88.89
David Davidson,8,9,88.89
Shannon Howard,8,9,88.89
John Cross,8,9,88.89
Allison Thomas,8,9,88.89
Randy Lee,8,9,88.89
Randy Gonzalez,8,9,88.89
Erin Nguyen,8,9,88.89
Larry Wright,8,9,88.89
Brandon Weber,8,9,88.89
Joshua Pena,8,9,88.89
Thomas Watkins,8,9,88.89
Kelly Fernandez,8,9,88.89
Richard Carlson,8,9,88.89
Michelle Shaw,8,9,88.89
Nancy Baker,8,9,88.89
Lori Richardson,8,9,88.89
Alyssa Rodriguez,8,9,88.89
Thomas George,8,9,88.89
Valerie Taylor,8,9,88.89
Emily Schmidt,8,9,88.89
Robert Avila,8,9,88.89
Nancy Rodriguez,16,18,88.89
Jennifer Weber,8,9,88.89
John Burke,16,18,88.89
Shannon King,8,9,88.89
Kenneth Graham,8,9,88.89
Kevin Morales,8,9,88.89
Lori Coleman,8,9,88.89
Edward Turner,8,9,88.89
Kristin Roberts,8,9,88.89
Rachel Simmons,8,9,88.89
Amanda Simpson,8,9,88.89
James Sherman,8,9,88.89
Robert Walton,8,9,88.89
Robert Vaughn,8,9,88.89
Kyle Bryant,8,9,88.89
Angela Morgan,8,9,88.89
Kevin Richards,8,9,88.89
Brian Tate,8,9,88.89
Margaret Campbell,8,9,88.89
Joshua Craig,8,9,88.89
Austin Sanchez,8,9,88.89
Edwin Williams,8,9,88.89
Angela Ramos,8,9,88.89
Grace Martinez,8,9,88.89
John Dyer,8,9,88.89
Kathleen Nguyen,8,9,88.89
Sara Gutierrez,8,9,88.89
Christopher Benson,8,9,88.89
Brandi Hernandez,8,9,88.89
Ryan Steele,8,9,88.89
Erica Clark,8,9,88.89
Justin Rios,8,9,88.89
Haley Brown,8,9,88.89
Andrea Ramos,8,9,88.89
Jose Nguyen,8,9,88.89
Anthony Wade,8,9,88.89
Colleen Rodriguez,8,9,88.89
Brian Payne,8,9,88.89
Veronica Wilson,8,9,88.89
Rodney Moore,8,9,88.89
David Doyle,8,9,88.89
Susan Ward,8,9,88.89
Charles Marquez,8,9,88.89
Rachel Mills,8,9,88.89
Jason Sutton,8,9,88.89
Lawrence Lee,8,9,88.89
Rebecca Richardson,8,9,88.89
Anthony James,8,9,88.89
Kenneth Price,8,9,88.89
Andrew Kelley,8,9,88.89
Michael Morse,8,9,88.89
Michael Eaton,8,9,88.89
David Barr,8,9,88.89
Melissa Simpson,8,9,88.89
Sean Torres,8,9,88.89
Kevin Castillo,8,9,88.89
James Waters,8,9,88.89
Richard Gardner,8,9,88.89
Charles Tran,8,9,88.89
Mark Campos,8,9,88.89
Daniel Bishop,8,9,88.89
Sara Jimenez,8,9,88.89
Sean Gomez,8,9,88.89
Kevin Figueroa,8,9,88.89
Kristin Walker,8,9,88.89
Eric Dixon,8,9,88.89
Jenna Green,8,9,88.89
Nathan Hill,8,9,88.89
Daniel Mendoza,8,9,88.89
Paul Fernandez,8,9,88.89
Brianna Brown,16,18,88.89
James Yates,8,9,88.89
Jonathan Morales,8,9,88.89
Thomas Olson,8,9,88.89
Christopher Oconnor,8,9,88.89
Michael Compton,8,9,88.89
Tara Gonzalez,8,9,88.89
Thomas Higgins,8,9,88.89
Gregory Rice,8,9,88.89
Shawn Walker,8,9,88.89
Susan Coleman,8,9,88.89
Jesse Campbell,8,9,88.89
Stephen Carter,8,9,88.89
Amy Hughes,8,9,88.89
Christopher Saunders,8,9,88.89
Samuel Roberts,8,9,88.89
Cynthia Phillips,16,18,88.89
Patrick Harris,8,9,88.89
Kelly Tran,8,9,88.89
Erica Hall,8,9,88.89
Keith Brooks,8,9,88.89
Jonathan Ray,8,9,88.89
John Gallegos,8,9,88.89
Kevin Kirby,8,9,88.89
Kelly Jenkins,8,9,88.89
Amanda Daniel,8,9,88.89
Heather Wells,8,9,88.89
Thomas Adams,16,18,88.89
Jillian Brown,8,9,88.89
Matthew Barker,8,9,88.89
Molly Davis,8,9,88.89
William Singh,8,9,88.89
Christopher Arnold,16,18,88.89
Christina Simmons,8,9,88.89
Sean Schultz,8,9,88.89
Brian Dixon,8,9,88.89
Ashley Vazquez,8,9,88.89
Robert Parsons,8,9,88.89
Lisa Avila,8,9,88.89
Cindy White,8,9,88.89
Robert Singh,8,9,88.89
Alexandra Taylor,8,9,88.89
Jeffrey Hayes,8,9,88.89
Gregory Hanson,8,9,88.89
Alexandra Green,8,9,88.89
Robin Moore,8,9,88.89
Andrea Diaz,8,9,88.89
Kimberly Cunningham,8,9,88.89
Emily Brooks,8,9,88.89
Jennifer Booth,8,9,88.89
Jacob Webb,8,9,88.89
Lisa Santos,8,9,88.89
Tracy Wagner,8,9,88.89
Jessica Duncan,8,9,88.89
David Sparks,8,9,88.89
Joseph Hoffman,8,9,88.89
Samantha Murray,8,9,88.89
Lisa Stephens,8,9,88.89
Michelle Mueller,8,9,88.89
Lisa Berry,8,9,88.89
Raymond Gonzalez,8,9,88.89
Paul Hart,8,9,88.89
Brandon Long,8,9,88.89
Melissa Wang,8,9,88.89
Kimberly Arnold,8,9,88.89
Heather Elliott,8,9,88.89
Sharon Lee,16,18,88.89
Timothy Adams,16,18,88.89
Jason Schultz,8,9,88.89
Christina Harrison,8,9,88.89
Mary Williamson,8,9,88.89
Nicholas Stephens,8,9,88.89
Katherine Olson,8,9,88.89
Robert Erickson,8,9,88.89
Ethan Moore,8,9,88.89
Tanya Wilson,8,9,88.89
Michael Hensley,8,9,88.89
Justin Lane,8,9,88.89
James Mcdowell,8,9,88.89
Derrick Miller,8,9,88.89
Craig Sanchez,8,9,88.89
Melissa Bradley,8,9,88.89
Michael Cameron,8,9,88.89
Daniel Fuller,8,9,88.89
Michael Lozano,8,9,88.89
Sarah Nunez,8,9,88.89
Steve Jones,8,9,88.89
Jacqueline Martin,8,9,88.89
Thomas Lucas,8,9,88.89
Monica Lewis,8,9,88.89
Stephanie Kelley,8,9,88.89
Joshua Banks,8,9,88.89
Robert Baxter,8,9,88.89
Jordan Gomez,8,9,88.89
Zachary Harris,8,9,88.89
Kristina Thompson,8,9,88.89
Michael Hickman,8,9,88.89
Jeffrey Gutierrez,8,9,88.89
John Yates,8,9,88.89
Kristen Green,8,9,88.89
Gabriel Martinez,8,9,88.89
Jason Jensen,8,9,88.89
Gregory Hernandez,23,26,88.46
Michael Hudson,23,26,88.46
Amy Sanchez,23,26,88.46
Jill Williams,23,26,88.46
Ryan Hunter,15,17,88.24
Mark Kelly,15,17,88.24
Douglas Wilson,15,17,88.24
Tyler Thomas,15,17,88.24
Stephen Wright,15,17,88.24
Ryan Torres,15,17,88.24
Kimberly Edwards,15,17,88.24
Joshua Rivera,15,17,88.24
Anthony Marshall,15,17,88.24
Phillip Jones,15,17,88.24
William Diaz,15,17,88.24
Marcus Anderson,15,17,88.24
James Alvarez,15,17,88.24
Matthew Cole,15,17,88.24
William Reynolds,15,17,88.24
Bonnie Johnson,15,17,88.24
Mary Coleman,15,17,88.24
Danielle Moore,30,34,88.24
Patricia Scott,15,17,88.24
Jonathan Turner,15,17,88.24
Brenda Harris,15,17,88.24
Christine Rodriguez,22,25,88.0
Jonathan Harris,22,25,88.0
Heather Jimenez,7,8,87.5
Alicia Lynch,7,8,87.5
Emily Castro,7,8,87.5
Jacob Kelly,7,8,87.5
Jasmine Thompson,7,8,87.5
Kayla Carter,7,8,87.5
Michelle Townsend,7,8,87.5
Jessica Rios,7,8,87.5
Michelle Washington,7,8,87.5
Candice Smith,7,8,87.5
Shawn Phillips,7,8,87.5
Timothy Walton,7,8,87.5
Robin Lewis,7,8,87.5
Allison Perez,7,8,87.5
Michael Ayers,7,8,87.5
Julie Mccoy,7,8,87.5
John Aguilar,7,8,87.5
Dennis Evans,7,8,87.5
Ashley Hunter,7,8,87.5
Karen Coleman,7,8,87.5
Lori Lawson,7,8,87.5
Cassandra Wright,7,8,87.5
Krista Williams,7,8,87.5
Rebecca Lane,7,8,87.5
Laura Gutierrez,7,8,87.5
Linda Cooper,7,8,87.5
Edward Diaz,7,8,87.5
Ryan Gordon,7,8,87.5
Brenda Gomez,7,8,87.5
Brianna King,7,8,87.5
Tina Ellis,7,8,87.5
Julie Myers,7,8,87.5
Jeffrey Grant,7,8,87.5
Rebecca Warren,7,8,87.5
James Dawson,7,8,87.5
Sarah Gordon,7,8,87.5
Teresa Rogers,7,8,87.5
Lisa Mathews,7,8,87.5
Anna Reed,7,8,87.5
Crystal Ward,7,8,87.5
Christopher Barr,7,8,87.5
William Fletcher,7,8,87.5
Rebecca Howell,7,8,87.5
James Browning,7,8,87.5
Eric Ortega,7,8,87.5
Janet Harris,7,8,87.5
John Costa,7,8,87.5
George Morris,7,8,87.5
Joshua Payne,7,8,87.5
Joshua Bishop,7,8,87.5
Robert Moody,7,8,87.5
Derek White,7,8,87.5
Laura Wheeler,7,8,87.5
Cindy Bell,7,8,87.5
Tracy Parker,7,8,87.5
Stephen Gordon,7,8,87.5
Shaun Smith,7,8,87.5
Kathryn Campbell,7,8,87.5
Thomas Lawson,7,8,87.5
Michael Rocha,7,8,87.5
Jonathan Jenkins,7,8,87.5
Brittany Gomez,7,8,87.5
Brian Walters,7,8,87.5
Michael Osborne,14,16,87.5
Brandon Perez,14,16,87.5
Lori Harrison,7,8,87.5
Matthew Skinner,7,8,87.5
Todd Carter,7,8,87.5
Erin Gonzalez,14,16,87.5
Lauren Robinson,7,8,87.5
Debbie Williams,7,8,87.5
Peter Edwards,7,8,87.5
Dawn Larson,7,8,87.5
Kelly Gutierrez,7,8,87.5
Christopher Burgess,7,8,87.5
Heather Ellis,7,8,87.5
Kenneth Schneider,7,8,87.5
Richard Montgomery,7,8,87.5
Mark Duncan,7,8,87.5
Joshua Goodman,7,8,87.5
Brittany Warren,7,8,87.5
Thomas Patterson,7,8,87.5
Jared Lee,7,8,87.5
Samantha Bryant,7,8,87.5
Kenneth Kelly,7,8,87.5
Kimberly Vaughn,7,8,87.5
Kathy Torres,7,8,87.5
Brenda Jones,21,24,87.5
George Campbell,7,8,87.5
Tiffany Bailey,7,8,87.5
Jonathan Contreras,7,8,87.5
George Boyd,7,8,87.5
Hannah Torres,7,8,87.5
Angela Patel,7,8,87.5
Elizabeth Fernandez,7,8,87.5
Kevin Alvarado,7,8,87.5
Kristen Roberts,7,8,87.5
Katelyn Walker,7,8,87.5
Michael Meyer,21,24,87.5
Donna Campbell,7,8,87.5
Kyle Turner,7,8,87.5
Katherine Ramos,7,8,87.5
Angela Mendoza,7,8,87.5
Rebecca Mendoza,7,8,87.5
Joseph Cunningham,14,16,87.5
Elizabeth Henson,7,8,87.5
James Oconnor,7,8,87.5
Wendy Ramirez,7,8,87.5
Jessica Hull,7,8,87.5
Juan Baker,7,8,87.5
Ashley Manning,7,8,87.5
Cindy Diaz,7,8,87.5
Blake Miller,7,8,87.5
Maria Warren,7,8,87.5
Garrett Miller,7,8,87.5
Stephanie Bowen,7,8,87.5
William Fitzgerald,7,8,87.5
Christopher Santiago,7,8,87.5
Debra Gibson,7,8,87.5
Rachel Hansen,7,8,87.5
Catherine Bell,7,8,87.5
Scott Peterson,7,8,87.5
Christian Phillips,7,8,87.5
Heather Robbins,7,8,87.5
Travis Morgan,7,8,87.5
Denise Sanchez,7,8,87.5
William Chandler,7,8,87.5
Heidi White,7,8,87.5
Keith Edwards,7,8,87.5
Richard Walsh,7,8,87.5
Emily Harvey,7,8,87.5
Paul Moreno,7,8,87.5
William Chen,7,8,87.5
Courtney Holmes,7,8,87.5
Ann Flores,7,8,87.5
Patrick Flores,7,8,87.5
Michael Velez,7,8,87.5
Michael Durham,7,8,87.5
Aaron Cook,7,8,87.5
Amy Dixon,7,8,87.5
Benjamin Cooper,7,8,87.5
Heather Molina,7,8,87.5
Tammy Long,7,8,87.5
Shane Scott,7,8,87.5
Christopher Shields,7,8,87.5
Melissa Fitzgerald,7,8,87.5
Melissa Russell,7,8,87.5
Michelle Ortega,7,8,87.5
Joseph Becker,7,8,87.5
Jacob Sanders,7,8,87.5
David Leonard,7,8,87.5
Brent Williams,7,8,87.5
John Stein,7,8,87.5
Nicholas Cruz,7,8,87.5
Brittany Cox,7,8,87.5
Lisa Wall,7,8,87.5
Justin Fox,7,8,87.5
Crystal Collins,7,8,87.5
Michelle Leonard,7,8,87.5
Michael Cortez,21,24,87.5
Shannon Aguilar,7,8,87.5
Emily Warren,7,8,87.5
Shane Thomas,7,8,87.5
Sarah Crawford,7,8,87.5
Christopher Figueroa,7,8,87.5
Linda Aguilar,7,8,87.5
Valerie Carter,7,8,87.5
Gary King,7,8,87.5
David Mckay,7,8,87.5
James Giles,7,8,87.5
Thomas Spencer,7,8,87.5
George Scott,7,8,87.5
Christopher Hunt,21,24,87.5
Cindy Nelson,7,8,87.5
Matthew Matthews,7,8,87.5
Lisa Lucas,7,8,87.5
Danielle Medina,7,8,87.5
Matthew Brady,7,8,87.5
Kristin Jackson,7,8,87.5
Jessica Orr,7,8,87.5
Marc Williams,7,8,87.5
Erica Kelly,7,8,87.5
Cynthia Morgan,7,8,87.5
Robert Novak,7,8,87.5
Daniel Reese,7,8,87.5
Daniel Brock,7,8,87.5
Anthony Banks,7,8,87.5
Kevin Medina,7,8,87.5
Jacob Boyd,7,8,87.5
Cameron Smith,14,16,87.5
Victoria Allen,7,8,87.5
Chelsea King,7,8,87.5
Julie Ford,7,8,87.5
Frank Powell,7,8,87.5
Michael Casey,14,16,87.5
Barbara Kelley,7,8,87.5
Jose Marshall,7,8,87.5
Jasmine Torres,7,8,87.5
Jason Mcgrath,7,8,87.5
Ryan Ryan,7,8,87.5
Mark Fuller,7,8,87.5
Frank Diaz,7,8,87.5
Jonathan Warren,7,8,87.5
Steven Guzman,7,8,87.5
Christine Price,7,8,87.5
John Adkins,7,8,87.5
Shannon Patterson,7,8,87.5
Barbara Fernandez,7,8,87.5
Anthony Owens,7,8,87.5
Michael Schmitt,7,8,87.5
Andrew Silva,7,8,87.5
Jessica George,7,8,87.5
Lauren Barnes,7,8,87.5
Michael Andrade,7,8,87.5
Christine Shelton,7,8,87.5
Michael Charles,7,8,87.5
Brandon Edwards,14,16,87.5
Jamie Russell,7,8,87.5
Peter Mitchell,7,8,87.5
Steven Kelley,7,8,87.5
Julia Wallace,7,8,87.5
Jose Turner,7,8,87.5
Michelle Wolfe,7,8,87.5
Brenda Scott,7,8,87.5
Scott Black,7,8,87.5
Kenneth Fuller,7,8,87.5
Amanda Norris,7,8,87.5
Deborah Wright,7,8,87.5
Mark Kennedy,7,8,87.5
Tracy Ellis,7,8,87.5
Andrea Gutierrez,7,8,87.5
Elizabeth Contreras,7,8,87.5
Roger Rodriguez,7,8,87.5
Jacob Warren,7,8,87.5
Diana Adams,7,8,87.5
Frank Simpson,7,8,87.5
Lisa Best,7,8,87.5
Justin Morgan,7,8,87.5
Matthew Benson,7,8,87.5
Martin Gonzalez,7,8,87.5
William Bush,7,8,87.5
Brandon Ryan,7,8,87.5
Cory Stewart,7,8,87.5
Laura Morris,7,8,87.5
Melissa Day,7,8,87.5
Taylor Alexander,7,8,87.5
Daniel Russell,14,16,87.5
Michael Gillespie,7,8,87.5
Johnny Anderson,7,8,87.5
Nicholas Flores,7,8,87.5
Elizabeth Aguilar,7,8,87.5
Melinda Lopez,7,8,87.5
Pamela Morales,7,8,87.5
Jared Robinson,7,8,87.5
Patricia Bradley,7,8,87.5
Ann Thomas,7,8,87.5
Teresa Lewis,14,16,87.5
Anthony Ward,7,8,87.5
Raymond Thompson,7,8,87.5
Danielle Gutierrez,7,8,87.5
Laura Avila,7,8,87.5
Denise Rogers,7,8,87.5
Ann Harris,7,8,87.5
Kristina Davis,7,8,87.5
Haley Miller,7,8,87.5
Leslie Green,7,8,87.5
Charles Medina,7,8,87.5
Michael Mccormick,7,8,87.5
Christine Sanders,7,8,87.5
Jerry Mitchell,7,8,87.5
Jamie Turner,7,8,87.5
Kevin Grant,7,8,87.5
John Shaw,14,16,87.5
William Shields,7,8,87.5
Tyler Sanchez,7,8,87.5
Jesse Adams,7,8,87.5
David Carrillo,7,8,87.5
Keith Campbell,7,8,87.5
Andrew Lucas,7,8,87.5
Eric Lawrence,7,8,87.5
Jonathan Owens,7,8,87.5
Sarah Richards,7,8,87.5
Michael Mcclain,7,8,87.5
Paula White,7,8,87.5
Daniel Fisher,7,8,87.5
Jill Young,7,8,87.5
Joseph Beck,7,8,87.5
Sheila Thompson,7,8,87.5
Samuel Kim,7,8,87.5
Peter Stewart,7,8,87.5
Mary Duncan,7,8,87.5
William Soto,7,8,87.5
Sara Ramos,7,8,87.5
Meredith Brown,7,8,87.5
Troy Clark,7,8,87.5
Joshua Alvarez,7,8,87.5
Michelle Hayes,7,8,87.5
Nancy Hamilton,7,8,87.5
Thomas Garrison,7,8,87.5
Katelyn Brown,7,8,87.5
Brandy Green,7,8,87.5
Steven Schmidt,7,8,87.5
Danny Clark,7,8,87.5
Jonathan Patel,7,8,87.5
James Manning,7,8,87.5
Stephanie Holmes,7,8,87.5
James Hardin,7,8,87.5
James Mcclain,7,8,87.5
Matthew Schwartz,7,8,87.5
Kayla Lee,7,8,87.5
Joshua Guzman,7,8,87.5
Kenneth Gomez,7,8,87.5
Kevin Wheeler,7,8,87.5
Todd Parker,7,8,87.5
Grace Brown,7,8,87.5
Rodney Anderson,7,8,87.5
Jimmy Rodriguez,7,8,87.5
Mark Welch,7,8,87.5
Thomas Williamson,7,8,87.5
Ashley Davidson,7,8,87.5
Angelica Miller,7,8,87.5
John Blake,7,8,87.5
Emily Castillo,7,8,87.5
Jonathan Aguilar,7,8,87.5
Steven Nelson,21,24,87.5
Jamie Reynolds,7,8,87.5
Christina Ramos,7,8,87.5
Lauren Reed,7,8,87.5
Benjamin Torres,7,8,87.5
Christopher Davenport,7,8,87.5
James Webb,14,16,87.5
Tiffany Murphy,7,8,87.5
Erika Harris,7,8,87.5
Charles Lane,7,8,87.5
Joshua Vasquez,7,8,87.5
Melanie Jackson,7,8,87.5
Andrea Adams,7,8,87.5
Carolyn Clark,7,8,87.5
Ashley Welch,7,8,87.5
Lisa Burnett,7,8,87.5
Aaron Bell,7,8,87.5
Tiffany Hayes,7,8,87.5
Rebecca Elliott,7,8,87.5
Susan Fox,7,8,87.5
Courtney Sanchez,7,8,87.5
Tony Wilson,7,8,87.5
Amanda Page,7,8,87.5
Jessica Craig,7,8,87.5
Robert Carrillo,7,8,87.5
Brian Chavez,7,8,87.5
James Greene,7,8,87.5
Justin Curtis,7,8,87.5
Tyler Jenkins,7,8,87.5
Jessica Bailey,21,24,87.5
Kathleen Allen,7,8,87.5
Christopher Oliver,7,8,87.5
Mary Byrd,7,8,87.5
Billy Miller,7,8,87.5
Cheryl Cooper,7,8,87.5
Stephanie Pearson,7,8,87.5
Jason Harrison,14,16,87.5
Mark Vaughn,7,8,87.5
Kelly Nichols,7,8,87.5
Benjamin Wallace,7,8,87.5
Michelle Baldwin,7,8,87.5
Katherine Fox,7,8,87.5
Douglas Lee,14,16,87.5
Anthony Newman,7,8,87.5
Eric Peters,7,8,87.5
Amanda Welch,7,8,87.5
Paul Holt,7,8,87.5
David Holloway,7,8,87.5
Latoya Smith,7,8,87.5
Nathan Allen,7,8,87.5
Aaron Parker,14,16,87.5
Mitchell Anderson,7,8,87.5
Michelle Lowe,7,8,87.5
Kimberly Strickland,7,8,87.5
Connie Taylor,7,8,87.5
Jennifer Glover,7,8,87.5
John Guerra,7,8,87.5
Jonathan Barnes,7,8,87.5
Dillon Johnson,7,8,87.5
Sean Stevens,7,8,87.5
James Whitehead,7,8,87.5
Jonathon Williams,7,8,87.5
Robert Velasquez,7,8,87.5
Sean Long,7,8,87.5
Brandon Burke,7,8,87.5
Keith Jordan,7,8,87.5
Michael Knight,21,24,87.5
Madison Morris,7,8,87.5
Karen Dean,7,8,87.5
Justin Duncan,7,8,87.5
Eric Bush,7,8,87.5
Robert Jensen,7,8,87.5
Curtis Martin,7,8,87.5
Mark Aguilar,7,8,87.5
Gary Hughes,7,8,87.5
Jason Moran,7,8,87.5
Scott Patterson,7,8,87.5
Karen Stephens,7,8,87.5
Chad Ford,7,8,87.5
Megan Ruiz,7,8,87.5
Emily Kennedy,7,8,87.5
Sean Bryant,7,8,87.5
Emily Fuller,7,8,87.5
Maria Rogers,7,8,87.5
William Jacobson,7,8,87.5
Andrew Boyd,7,8,87.5
Joshua Murray,7,8,87.5
Joshua Byrd,7,8,87.5
Nathan Ward,7,8,87.5
Lisa Flowers,7,8,87.5
Douglas Scott,7,8,87.5
Amanda Bowman,7,8,87.5
Gina Clark,7,8,87.5
Richard Duffy,7,8,87.5
Richard Vasquez,7,8,87.5
Andrew Jordan,14,16,87.5
Heather Powell,7,8,87.5
Jasmine Lee,7,8,87.5
Ryan Rios,7,8,87.5
Billy Garcia,7,8,87.5
Erin Roberts,7,8,87.5
Victor Thomas,7,8,87.5
Matthew Hodge,7,8,87.5
Darlene Martin,7,8,87.5
Ashley Norman,7,8,87.5
Michael Proctor,7,8,87.5
Anthony Armstrong,7,8,87.5
Joel Thompson,7,8,87.5
Derek Walker,7,8,87.5
Curtis Kim,7,8,87.5
Kelly Sutton,7,8,87.5
Samantha Pearson,7,8,87.5
Joseph Bowen,7,8,87.5
Tiffany Collins,7,8,87.5
Eric Salazar,7,8,87.5
Kenneth Swanson,7,8,87.5
Tara Jackson,7,8,87.5
Stephanie Webb,7,8,87.5
Thomas Hoffman,7,8,87.5
Charles Collins,14,16,87.5
Brittany Nichols,7,8,87.5
David Glover,7,8,87.5
Brian Davidson,7,8,87.5
Christine Sullivan,7,8,87.5
Mary Bailey,14,16,87.5
Danielle Gordon,7,8,87.5
Jennifer Waters,7,8,87.5
Dustin Walker,7,8,87.5
Jeffery Edwards,7,8,87.5
Amanda Spencer,7,8,87.5
Anthony Boyd,7,8,87.5
Richard Stanley,7,8,87.5
Eric Pena,7,8,87.5
Leonard Brown,7,8,87.5
Christopher Juarez,7,8,87.5
Jonathan Hopkins,7,8,87.5
Jennifer Melton,7,8,87.5
Leslie Murphy,7,8,87.5
Brian Alvarado,7,8,87.5
Joseph Hawkins,7,8,87.5
Lisa Hunt,7,8,87.5
Jamie Phillips,7,8,87.5
Chad Campbell,7,8,87.5
Amber Sanders,7,8,87.5
Shawn King,7,8,87.5
Michael Boyle,7,8,87.5
John Randolph,7,8,87.5
Michelle Hale,7,8,87.5
Eileen Johnson,7,8,87.5
Ricky Miller,7,8,87.5
Rebecca Flores,14,16,87.5
Christopher Hensley,7,8,87.5
Jeffrey Simpson,7,8,87.5
Christopher Erickson,7,8,87.5
Kayla Morris,7,8,87.5
Ashley Keller,7,8,87.5
Amanda Clarke,7,8,87.5
Mary Mcdonald,7,8,87.5
Holly Davis,14,16,87.5
Elizabeth Mathis,7,8,87.5
Dawn Rivera,7,8,87.5
Amanda Lawrence,7,8,87.5
William Patel,14,16,87.5
Amanda Patrick,7,8,87.5
Angela Owens,7,8,87.5
Sarah Wells,7,8,87.5
Mark Floyd,7,8,87.5
Marissa Jackson,7,8,87.5
Robert Garrison,7,8,87.5
William Malone,7,8,87.5
Benjamin West,7,8,87.5
Austin Carter,7,8,87.5
Jesse Barnes,7,8,87.5
Kathleen Ward,7,8,87.5
Robert Hawkins,7,8,87.5
Christina Caldwell,7,8,87.5
Laura Chapman,7,8,87.5
Rose Smith,7,8,87.5
Kayla Wright,7,8,87.5
Patrick Bennett,7,8,87.5
Matthew Hobbs,7,8,87.5
Lauren Turner,14,16,87.5
Barbara George,7,8,87.5
Christina Kennedy,7,8,87.5
Donald Morris,7,8,87.5
Scott Coleman,7,8,87.5
Rebecca Schroeder,7,8,87.5
Jamie Riley,7,8,87.5
Danielle Fisher,7,8,87.5
Vincent Anderson,7,8,87.5
Eric Wheeler,7,8,87.5
Kyle Parker,7,8,87.5
Charles Weaver,7,8,87.5
Paul Douglas,7,8,87.5
Jerry Wright,7,8,87.5
Bradley Robinson,7,8,87.5
Courtney Scott,7,8,87.5
Kimberly Valencia,7,8,87.5
Sarah Santos,7,8,87.5
Susan Carroll,7,8,87.5
Mary Parsons,7,8,87.5
William French,7,8,87.5
Daniel Christensen,7,8,87.5
Megan Pierce,7,8,87.5
Daniel Howell,7,8,87.5
Adam Foster,7,8,87.5
Jeffrey Andrews,7,8,87.5
Richard Riley,7,8,87.5
Julie Howard,7,8,87.5
Sean Henderson,7,8,87.5
Daniel Christian,7,8,87.5
Nicole Brewer,7,8,87.5
Kyle Wagner,7,8,87.5
Barbara Olson,7,8,87.5
Karen Hunt,7,8,87.5
Aaron Harrison,7,8,87.5
Phillip Hernandez,7,8,87.5
Daniel Baldwin,7,8,87.5
Jessica Welch,7,8,87.5
Patricia Ward,7,8,87.5
Amy Stone,7,8,87.5
Michele Russell,7,8,87.5
Christine Chambers,7,8,87.5
Christopher Pittman,7,8,87.5
Stephanie Moss,7,8,87.5
Peter Kelly,7,8,87.5
Joseph Hampton,7,8,87.5
Cody Lee,7,8,87.5
Dennis Hall,7,8,87.5
Catherine Murray,7,8,87.5
Jennifer Ballard,7,8,87.5
Lisa Hartman,7,8,87.5
Terry Robinson,7,8,87.5
Jessica Wilkerson,7,8,87.5
Sherry Garcia,7,8,87.5
Michael Sanford,7,8,87.5
Thomas Salazar,7,8,87.5
Erika Hernandez,7,8,87.5
Beth Anderson,7,8,87.5
Sarah Maldonado,7,8,87.5
John Boyle,7,8,87.5
Kimberly Fields,7,8,87.5
Timothy Burke,7,8,87.5
Margaret Clark,7,8,87.5
Daniel Chapman,7,8,87.5
Kenneth Rose,7,8,87.5
Scott Stephens,7,8,87.5
Elizabeth Mclaughlin,7,8,87.5
Jason Figueroa,7,8,87.5
Mitchell Jackson,7,8,87.5
Jeffrey Holmes,7,8,87.5
Robert Chase,7,8,87.5
Roger Martin,7,8,87.5
Carrie Taylor,7,8,87.5
Amber Ramirez,7,8,87.5
Craig Anderson,7,8,87.5
Thomas Singh,7,8,87.5
Anthony Li,7,8,87.5
Tiffany Brooks,7,8,87.5
Christian Carter,7,8,87.5
James Wells,21,24,87.5
Tonya Garcia,7,8,87.5
Lisa Vega,7,8,87.5
Julie Graves,7,8,87.5
Joseph Barrera,7,8,87.5
Kenneth Campbell,14,16,87.5
David Braun,7,8,87.5
Jennifer Moss,7,8,87.5
Kimberly Vazquez,7,8,87.5
Matthew Dennis,7,8,87.5
Robert Mccormick,7,8,87.5
Melissa Walsh,7,8,87.5
Alexis Jordan,7,8,87.5
Patrick Cook,7,8,87.5
Susan Ortiz,7,8,87.5
Nicholas Hunter,7,8,87.5
Madison Wilson,7,8,87.5
Austin Walker,7,8,87.5
David Boone,7,8,87.5
Timothy Ramsey,7,8,87.5
Briana Anderson,7,8,87.5
Lauren Reynolds,7,8,87.5
Lee Brown,7,8,87.5
Gregory Coleman,7,8,87.5
Jennifer Massey,7,8,87.5
Catherine Sullivan,7,8,87.5
Meghan Davis,7,8,87.5
Patricia Cooper,7,8,87.5
Crystal Barnes,7,8,87.5
Jesse Bell,7,8,87.5
Mark Avila,7,8,87.5
Michael Mcneil,7,8,87.5
Jonathan Payne,7,8,87.5
Eric Gibson,7,8,87.5
Shane Garcia,7,8,87.5
Robert Calhoun,7,8,87.5
Rebecca Delgado,7,8,87.5
William Terry,7,8,87.5
Whitney Moore,7,8,87.5
Wendy Carter,7,8,87.5
Destiny Jones,7,8,87.5
Christine Marshall,7,8,87.5
Jason Powell,14,16,87.5
Catherine Reed,7,8,87.5
Andrea Mason,7,8,87.5
Michael Rangel,7,8,87.5
Nancy Reed,7,8,87.5
Rachel Chavez,7,8,87.5
Debra Baker,7,8,87.5
Lori Rogers,7,8,87.5
Kathryn Allen,7,8,87.5
Kenneth Rice,7,8,87.5
John Barrera,7,8,87.5
Anna Sanders,7,8,87.5
Heather Curry,7,8,87.5
Jean Hall,7,8,87.5
Angela Mason,7,8,87.5
Ryan Andrews,7,8,87.5
Sara Watson,7,8,87.5
Jennifer Hoffman,7,8,87.5
Gregory Barnes,7,8,87.5
James Huffman,7,8,87.5
John Pearson,7,8,87.5
Charles Spencer,7,8,87.5
Maria Foster,7,8,87.5
Angela Porter,7,8,87.5
Joyce Miller,7,8,87.5
Sandra Green,7,8,87.5
Cody Morales,7,8,87.5
Mary Delgado,7,8,87.5
Allen Miller,7,8,87.5
Kenneth Kim,7,8,87.5
Raymond Edwards,7,8,87.5
Elizabeth Woodard,7,8,87.5
Christopher Pham,7,8,87.5
Jennifer Caldwell,7,8,87.5
Amber Bishop,7,8,87.5
Teresa Nguyen,7,8,87.5
Steven Taylor,27,31,87.1
John Crawford,20,23,86.96
Gina Smith,20,23,86.96
Jennifer Fernandez,20,23,86.96
Scott Allen,20,23,86.96
James Carr,20,23,86.96
Brian Ramirez,20,23,86.96
Christopher Warren,20,23,86.96
Dana Miller,20,23,86.96
Kimberly Robinson,33,38,86.84
Julie Campbell,13,15,86.67
Emily Coleman,13,15,86.67
Jennifer Schmidt,13,15,86.67
Thomas Carpenter,13,15,86.67
Sara Green,13,15,86.67
Patricia Campbell,13,15,86.67
Justin Carter,13,15,86.67
Michelle Carpenter,13,15,86.67
Stephen Perez,13,15,86.67
Jennifer Garza,13,15,86.67
Christina Phillips,13,15,86.67
Kimberly Medina,13,15,86.67
Kelly Jackson,26,30,86.67
John Silva,13,15,86.67
George Anderson,13,15,86.67
Robert Powell,26,30,86.67
Michael Erickson,13,15,86.67
Jessica Griffin,13,15,86.67
Amy Sanders,13,15,86.67
Chelsea Garcia,13,15,86.67
Larry Garcia,13,15,86.67
Tara Davis,13,15,86.67
William Ray,13,15,86.67
David Bowen,13,15,86.67
Monica Lopez,13,15,86.67
Christopher Day,13,15,86.67
Samantha Robinson,13,15,86.67
James Ware,13,15,86.67
John Jennings,13,15,86.67
Christopher Aguilar,13,15,86.67
Sarah Sanders,13,15,86.67
Paul Mitchell,13,15,86.67
Timothy Butler,13,15,86.67
Nicole Campbell,13,15,86.67
Glenn Johnson,13,15,86.67
James Todd,13,15,86.67
Kyle Kelly,13,15,86.67
Tina Thomas,13,15,86.67
Molly Smith,13,15,86.67
Michael Conner,13,15,86.67
Deborah Harris,13,15,86.67
Tammy Thompson,13,15,86.67
Angela Ortiz,13,15,86.67
William Castro,13,15,86.67
Alyssa Brown,13,15,86.67
Stephanie Freeman,13,15,86.67
David Montoya,13,15,86.67
Andrew Porter,13,15,86.67
Deborah Martin,13,15,86.67
Robert Burns,13,15,86.67
Allison Lopez,13,15,86.67
Ashley Sanchez,32,37,86.49
David Dunn,19,22,86.36
Christina Harris,19,22,86.36
Shannon Davis,19,22,86.36
Kathryn Brown,19,22,86.36
Amy Hill,19,22,86.36
Madison Smith,19,22,86.36
Michael Lowe,19,22,86.36
Shawn Wilson,19,22,86.36
Andrew Turner,19,22,86.36
Kimberly Wood,19,22,86.36
Kelly Perez,19,22,86.36
Stacy Johnson,25,29,86.21
Jennifer Fisher,25,29,86.21
John Coleman,25,29,86.21
Debra Johnson,25,29,86.21
Lisa Perez,31,36,86.11
Christopher Young,43,50,86.0
Donald Williamson,6,7,85.71
James Pham,6,7,85.71
Katie Ramirez,6,7,85.71
Brenda Freeman,6,7,85.71
Misty Wright,6,7,85.71
John Yoder,6,7,85.71
Billy Vasquez,6,7,85.71
Samantha Ryan,6,7,85.71
Renee White,6,7,85.71
Vanessa Hunt,6,7,85.71
Lindsey Lewis,6,7,85.71
Peter Gibson,6,7,85.71
Megan Reyes,6,7,85.71
Matthew Miranda,6,7,85.71
Paula Allen,6,7,85.71
Heather Lambert,6,7,85.71
Sandra Marshall,6,7,85.71
Zachary Gomez,6,7,85.71
Ronald Flores,6,7,85.71
Catherine Baker,6,7,85.71
Angela Fletcher,6,7,85.71
Carrie Lopez,6,7,85.71
Sara Salazar,6,7,85.71
Elizabeth Ryan,6,7,85.71
George Rodriguez,12,14,85.71
Matthew Duran,6,7,85.71
Donna Cruz,6,7,85.71
George Harris,6,7,85.71
Ryan Love,6,7,85.71
Deborah Gomez,6,7,85.71
Sarah Vaughan,6,7,85.71
Melissa Lawson,6,7,85.71
Gary Sims,6,7,85.71
Garrett Hernandez,6,7,85.71
Amanda Lester,6,7,85.71
Ryan Tucker,6,7,85.71
Elizabeth Sandoval,6,7,85.71
Terry Rodriguez,6,7,85.71
Corey Bennett,6,7,85.71
Amanda Figueroa,6,7,85.71
Lawrence Davis,6,7,85.71
William Ball,6,7,85.71
Olivia Lopez,6,7,85.71
Rebecca Ramos,6,7,85.71
Ashley Yang,6,7,85.71
Emily Hicks,6,7,85.71
Shannon Morris,12,14,85.71
Melissa Booth,6,7,85.71
Cody Rivera,6,7,85.71
Sarah Burns,6,7,85.71
Michael Dillon,6,7,85.71
Patrick Freeman,6,7,85.71
Elizabeth Barrett,6,7,85.71
Brett Jones,12,14,85.71
David Villarreal,6,7,85.71
Susan Wood,6,7,85.71
Renee Clark,6,7,85.71
Charles Palmer,6,7,85.71
Amber Thomas,18,21,85.71
Cynthia Massey,6,7,85.71
Sean Washington,6,7,85.71
Timothy Armstrong,6,7,85.71
Natasha Turner,6,7,85.71
Cody Flores,6,7,85.71
Kelly Hamilton,6,7,85.71
Elizabeth Craig,6,7,85.71
Angela Campos,6,7,85.71
Matthew Stevenson,6,7,85.71
Megan Silva,6,7,85.71
Victoria Collins,6,7,85.71
Donald Medina,6,7,85.71
Pamela Lee,12,14,85.71
Joseph Reese,6,7,85.71
Kelly Moore,12,14,85.71
Justin Gonzales,6,7,85.71
Brandon Poole,6,7,85.71
Amanda Montgomery,6,7,85.71
Joshua Blackwell,6,7,85.71
Diane Taylor,6,7,85.71
Katherine Lopez,12,14,85.71
Kenneth Dunn,6,7,85.71
Erica Walker,12,14,85.71
Lindsey Scott,6,7,85.71
Elizabeth Carr,6,7,85.71
Jennifer Pitts,6,7,85.71
Robert Valdez,6,7,85.71
Sarah Klein,6,7,85.71
Hailey Jones,6,7,85.71
Joseph Flowers,6,7,85.71
Charles Bowers,6,7,85.71
Carol Hernandez,6,7,85.71
Jacqueline Lewis,12,14,85.71
Carl Anderson,6,7,85.71
Nancy Warren,6,7,85.71
John Good,6,7,85.71
Jessica Kirk,6,7,85.71
Bradley Mitchell,6,7,85.71
Tyler Bennett,6,7,85.71
Christopher Camacho,6,7,85.71
Angela Patterson,6,7,85.71
Alex Thompson,6,7,85.71
Justin Boyd,6,7,85.71
Natasha Williams,12,14,85.71
Andrew Stanley,6,7,85.71
Julie Daniels,6,7,85.71
Scott Rowe,6,7,85.71
David Schultz,6,7,85.71
Jennifer Decker,6,7,85.71
Dawn Wright,6,7,85.71
Jennifer Hubbard,6,7,85.71
Chad Baker,6,7,85.71
Tammy West,6,7,85.71
Rodney White,6,7,85.71
Julie Morrison,6,7,85.71
Nicole Tran,6,7,85.71
Cynthia Nunez,6,7,85.71
Ashley Lowe,6,7,85.71
Michelle Carlson,6,7,85.71
Rebecca Jordan,6,7,85.71
Tracy Foster,6,7,85.71
Caleb Miller,6,7,85.71
Rebecca Ford,6,7,85.71
Kelly Andrews,6,7,85.71
Walter White,6,7,85.71
Justin Atkinson,6,7,85.71
Megan Alexander,6,7,85.71
Joshua Rice,6,7,85.71
Holly Wilson,6,7,85.71
Sarah Fuller,6,7,85.71
Jennifer Avery,6,7,85.71
Christian Lee,6,7,85.71
Katie Reed,6,7,85.71
Kelly Berry,6,7,85.71
Robert Valentine,6,7,85.71
Steven Cole,6,7,85.71
Alexis Cooper,6,7,85.71
Patricia Henry,6,7,85.71
Regina Morgan,6,7,85.71
Jeremy Obrien,6,7,85.71
Brian Reeves,6,7,85.71
William Fry,6,7,85.71
Paul Kelley,6,7,85.71
Robert Farmer,6,7,85.71
Ryan Fleming,6,7,85.71
Linda Sanders,6,7,85.71
Alexandra Miller,6,7,85.71
Natalie Young,6,7,85.71
Stephanie Ryan,12,14,85.71
Paige Jones,6,7,85.71
Patricia Myers,6,7,85.71
Tyler Becker,6,7,85.71
Bethany Martinez,6,7,85.71
Cynthia Lane,6,7,85.71
Brian Vaughn,6,7,85.71
Kyle Hayes,6,7,85.71
William Douglas,6,7,85.71
Lisa Steele,6,7,85.71
Sandra Roberts,6,7,85.71
Sandra Myers,6,7,85.71
Rebecca Mccarthy,6,7,85.71
Zachary Morales,6,7,85.71
Kathleen Griffin,6,7,85.71
James Michael,6,7,85.71
Thomas Simon,6,7,85.71
Travis Wright,6,7,85.71
Michelle Fox,6,7,85.71
Kathryn Reed,6,7,85.71
Paul Hopkins,6,7,85.71
Brandon Nichols,6,7,85.71
Deborah Hall,6,7,85.71
Michael Mclean,6,7,85.71
Jason Mcbride,6,7,85.71
Jack Jones,12,14,85.71
Douglas Phillips,6,7,85.71
Victoria Edwards,6,7,85.71
James Sloan,6,7,85.71
Kimberly Lawson,6,7,85.71
Jody Johnson,6,7,85.71
Daniel Robertson,12,14,85.71
Ethan Brown,6,7,85.71
Brandon Garrett,6,7,85.71
Tina Mendoza,6,7,85.71
Ronald Ford,6,7,85.71
Mary Lucas,6,7,85.71
Haley Anderson,6,7,85.71
Julie Sanders,6,7,85.71
Michael Aguirre,12,14,85.71
Terry Ward,6,7,85.71
John Roberson,6,7,85.71
Ryan Christensen,6,7,85.71
Eric Elliott,6,7,85.71
Cody Robinson,6,7,85.71
Jon Anderson,6,7,85.71
Amy Hopkins,6,7,85.71
Rebecca Christensen,6,7,85.71
David Mcguire,6,7,85.71
Robert Arroyo,6,7,85.71
Angela Guzman,6,7,85.71
Lisa Sutton,6,7,85.71
Matthew Powers,6,7,85.71
Vincent Thompson,6,7,85.71
James Bryan,6,7,85.71
Robert Harrington,6,7,85.71
Paul Christensen,6,7,85.71
James Finley,6,7,85.71
Richard Parsons,6,7,85.71
Kathryn Evans,6,7,85.71
Nicole Frank,6,7,85.71
Curtis Molina,6,7,85.71
David Farrell,6,7,85.71
Ashley Hines,6,7,85.71
Nicholas Park,6,7,85.71
Rebecca Day,6,7,85.71
Mary Shaw,6,7,85.71
Joseph Hammond,6,7,85.71
Linda Long,6,7,85.71
Alexa Johnson,6,7,85.71
Katie Morales,6,7,85.71
Kevin Valenzuela,6,7,85.71
Chad Peterson,6,7,85.71
Desiree Taylor,6,7,85.71
Kelly Schneider,6,7,85.71
Joshua Haynes,6,7,85.71
Timothy Jordan,6,7,85.71
Joshua Tyler,6,7,85.71
Cody Carter,6,7,85.71
Joshua Boyd,6,7,85.71
Ashley Cunningham,6,7,85.71
Russell Hernandez,6,7,85.71
Victoria Pierce,6,7,85.71
Debra Hughes,6,7,85.71
Jeffrey Farrell,6,7,85.71
Jessica Small,6,7,85.71
Danielle Fuller,6,7,85.71
James Webster,6,7,85.71
Richard Howell,6,7,85.71
James Kramer,6,7,85.71
Kelly Wells,6,7,85.71
Donna Hunter,6,7,85.71
Patrick Hayes,6,7,85.71
Gerald Walker,6,7,85.71
Shawn Hayes,6,7,85.71
Jacob Henderson,6,7,85.71
Michelle Meyer,6,7,85.71
Joseph Pugh,6,7,85.71
Briana Williams,6,7,85.71
Courtney King,6,7,85.71
Mary Ramsey,6,7,85.71
Christopher Mcpherson,6,7,85.71
Debra Parker,6,7,85.71
Crystal Cooper,6,7,85.71
Ryan Wheeler,6,7,85.71
David Bowers,6,7,85.71
William Lucero,6,7,85.71
Elizabeth Graham,6,7,85.71
Jennifer Clements,6,7,85.71
Samuel Russell,6,7,85.71
Joseph Burnett,6,7,85.71
Anna Baker,6,7,85.71
Colleen Baker,6,7,85.71
Scott Gregory,6,7,85.71
Jennifer Humphrey,6,7,85.71
Amanda Lynch,6,7,85.71
Jessica Riddle,6,7,85.71
Valerie Hall,6,7,85.71
Angela Flores,18,21,85.71
Julia Scott,6,7,85.71
Douglas Flores,6,7,85.71
Sarah Chambers,6,7,85.71
Sean Griffin,6,7,85.71
Sarah Payne,6,7,85.71
Stephanie Byrd,6,7,85.71
Sarah Castro,6,7,85.71
Angela Lawrence,6,7,85.71
Donald Carter,6,7,85.71
Daniel Richards,6,7,85.71
Caitlin Allen,6,7,85.71
Brian Sparks,6,7,85.71
Jordan Murray,6,7,85.71
Derek Ramos,6,7,85.71
Michael Walls,6,7,85.71
Catherine Richardson,6,7,85.71
Richard Patton,6,7,85.71
Joseph Wong,6,7,85.71
Daniel Page,6,7,85.71
Joshua Higgins,6,7,85.71
Thomas Tucker,6,7,85.71
Robert Mccarty,6,7,85.71
Kimberly Brady,6,7,85.71
Kristin Hill,6,7,85.71
James Shepherd,6,7,85.71
Benjamin Campbell,6,7,85.71
Christopher Brock,6,7,85.71
Alison Davis,6,7,85.71
Jennifer Becker,6,7,85.71
Erica Flores,6,7,85.71
Anthony Curry,6,7,85.71
Brian Chen,6,7,85.71
Patrick Patterson,6,7,85.71
Michelle Henderson,6,7,85.71
Laura Moreno,6,7,85.71
Michelle Hudson,6,7,85.71
Aaron Torres,6,7,85.71
Christopher Serrano,6,7,85.71
Anna Ramirez,6,7,85.71
David Solis,6,7,85.71
Breanna Smith,6,7,85.71
Brian Meyer,6,7,85.71
Matthew Pitts,6,7,85.71
Jeffrey Lyons,6,7,85.71
Stacy Evans,6,7,85.71
Lindsey Jackson,6,7,85.71
Dean Garcia,6,7,85.71
Jeffrey Stevens,6,7,85.71
James Gilbert,6,7,85.71
Timothy Mckenzie,6,7,85.71
Amy Mcmillan,6,7,85.71
Erik Lee,6,7,85.71
Jonathan Cole,6,7,85.71
Patricia Shaw,6,7,85.71
Katherine Zimmerman,6,7,85.71
Devin Jackson,6,7,85.71
Katie Stewart,6,7,85.71
Linda Richards,6,7,85.71
James Mccarty,6,7,85.71
Courtney Hughes,6,7,85.71
Jeffrey Garza,6,7,85.71
Matthew Cabrera,6,7,85.71
Matthew Harrell,6,7,85.71
William Everett,6,7,85.71
David Bishop,18,21,85.71
Jack Anderson,6,7,85.71
Ashlee Brown,6,7,85.71
David Case,6,7,85.71
Sarah Short,6,7,85.71
Cody Griffin,6,7,85.71
Crystal Butler,6,7,85.71
Evan Anderson,6,7,85.71
Dustin Jackson,6,7,85.71
Julie Richardson,6,7,85.71
Brandon Martinez,24,28,85.71
Christine Wallace,6,7,85.71
David Frost,6,7,85.71
Mark Craig,6,7,85.71
Kelly Graves,6,7,85.71
Michael Moran,18,21,85.71
Joseph Morrow,6,7,85.71
Matthew Whitney,6,7,85.71
Angela Vargas,6,7,85.71
Danielle Hunter,6,7,85.71
Tamara Ramirez,6,7,85.71
Joe Wilson,6,7,85.71
Sarah Cross,6,7,85.71
Tara Parker,6,7,85.71
Jason Spencer,12,14,85.71
Kimberly Ortega,6,7,85.71
Brenda Jimenez,6,7,85.71
Brandon Butler,6,7,85.71
Veronica Sanders,6,7,85.71
Ryan Spencer,6,7,85.71
Jeremiah Jones,6,7,85.71
James Henry,18,21,85.71
Rachel Pearson,6,7,85.71
Vanessa Ramirez,6,7,85.71
Robert Pope,6,7,85.71
Casey Miller,6,7,85.71
Justin Barrett,6,7,85.71
Angela Hunter,6,7,85.71
Andrew Espinoza,6,7,85.71
Stacy Torres,6,7,85.71
James Morton,12,14,85.71
Tyler Richardson,6,7,85.71
Jeffrey Long,12,14,85.71
James Fritz,6,7,85.71
Jessica Grimes,6,7,85.71
Stephen Welch,6,7,85.71
Stacey Clark,6,7,85.71
Erik Davis,6,7,85.71
Brian Hicks,6,7,85.71
Sharon Edwards,6,7,85.71
Brian Bates,6,7,85.71
Stacey Rodriguez,6,7,85.71
Megan Rogers,12,14,85.71
Kimberly Reid,6,7,85.71
Wendy Wright,6,7,85.71
Raymond Hernandez,12,14,85.71
Robin Foster,6,7,85.71
William Randolph,6,7,85.71
Jared Sanchez,6,7,85.71
Lauren Bennett,6,7,85.71
Cynthia Reid,6,7,85.71
Claudia Brown,6,7,85.71
Karen Ward,12,14,85.71
Jasmine Taylor,6,7,85.71
Joseph Turner,12,14,85.71
Christopher Mcdonald,18,21,85.71
Wayne Brown,6,7,85.71
Joseph Carrillo,6,7,85.71
Katherine Lee,12,14,85.71
Wendy Jackson,6,7,85.71
Patricia Spencer,6,7,85.71
Samantha West,6,7,85.71
Joseph Arias,6,7,85.71
Jennifer Hartman,12,14,85.71
Raven Smith,6,7,85.71
James Higgins,6,7,85.71
Anna Barnes,6,7,85.71
Thomas Hudson,6,7,85.71
Michelle Elliott,6,7,85.71
Shannon Kelley,6,7,85.71
Christian Davis,12,14,85.71
Matthew Holloway,6,7,85.71
Carolyn Taylor,6,7,85.71
Peter Mcdonald,6,7,85.71
Tara Harris,6,7,85.71
Edward Ward,6,7,85.71
David Salinas,6,7,85.71
Roger White,6,7,85.71
Margaret Walker,6,7,85.71
Lori Gray,6,7,85.71
Courtney Meyer,6,7,85.71
Brian Hebert,6,7,85.71
Margaret Young,6,7,85.71
Daniel Parsons,6,7,85.71
Jessica Beck,6,7,85.71
Sarah Steele,6,7,85.71
Jose Ferguson,6,7,85.71
James Wyatt,6,7,85.71
Emily Stevenson,6,7,85.71
Jason Francis,6,7,85.71
Jessica Schultz,6,7,85.71
Heather Watts,6,7,85.71
Kevin Price,12,14,85.71
Melissa Higgins,6,7,85.71
Nancy Alvarez,6,7,85.71
Patrick Morales,6,7,85.71
Megan Simmons,6,7,85.71
Dana Tran,6,7,85.71
Jason Pope,6,7,85.71
Lauren Mcguire,6,7,85.71
Micheal Jones,6,7,85.71
Jenna Moore,6,7,85.71
Karen Gonzales,6,7,85.71
Steven Mcclure,6,7,85.71
Jonathan Spencer,6,7,85.71
Danielle Hamilton,6,7,85.71
Amy Vega,6,7,85.71
Tina Brooks,6,7,85.71
Jessica Hensley,6,7,85.71
Todd Sullivan,6,7,85.71
Shannon Daniel,6,7,85.71
Shannon Warren,6,7,85.71
Michael Vaughn,18,21,85.71
Renee Gonzalez,6,7,85.71
James House,6,7,85.71
Stephen Montgomery,6,7,85.71
Abigail Garcia,6,7,85.71
Jennifer Benitez,6,7,85.71
Sandra Pierce,6,7,85.71
Kevin Gilbert,6,7,85.71
Alexander Bennett,6,7,85.71
James Mclean,6,7,85.71
Michelle Harvey,12,14,85.71
Brandon Willis,6,7,85.71
Theresa Murphy,6,7,85.71
Ashley Giles,6,7,85.71
Cheryl Hall,6,7,85.71
Nicholas Logan,6,7,85.71
Thomas Burnett,6,7,85.71
Sandra Anderson,12,14,85.71
Andrew Alvarado,6,7,85.71
Cassandra Thompson,6,7,85.71
Adam Mendez,6,7,85.71
Daniel Galvan,6,7,85.71
Luis Hall,6,7,85.71
Elizabeth Cline,6,7,85.71
Kevin Walters,6,7,85.71
John Huerta,6,7,85.71
Rachel Ruiz,6,7,85.71
Victoria Murphy,6,7,85.71
Maria Sullivan,6,7,85.71
Donald Mitchell,6,7,85.71
Kelli Smith,6,7,85.71
Kathryn Green,6,7,85.71
Kelly Butler,6,7,85.71
William Jennings,6,7,85.71
Denise Hernandez,12,14,85.71
Melissa Barker,6,7,85.71
Maria Barnes,6,7,85.71
Heather Figueroa,6,7,85.71
Denise Bell,6,7,85.71
John Hood,6,7,85.71
Brittany Perez,12,14,85.71
Richard Morris,12,14,85.71
Miranda Williams,6,7,85.71
David Petersen,6,7,85.71
Emily Powers,6,7,85.71
Nancy Ward,6,7,85.71
Robert Sawyer,6,7,85.71
Nicole Wells,6,7,85.71
Robin Richardson,6,7,85.71
Bradley Sanchez,6,7,85.71
Scott Williamson,6,7,85.71
Keith Jackson,12,14,85.71
Jacob Wells,6,7,85.71
Christine Cruz,6,7,85.71
Stacey Ramirez,6,7,85.71
Scott Ross,6,7,85.71
Bradley Rivera,6,7,85.71
David Summers,6,7,85.71
Julie Griffin,6,7,85.71
Steven Gibson,6,7,85.71
Bradley Adams,6,7,85.71
Jessica Mathis,6,7,85.71
Brian Robertson,12,14,85.71
Brandi Allen,6,7,85.71
Angela Spencer,6,7,85.71
Thomas Hubbard,6,7,85.71
Jamie Alvarez,6,7,85.71
David Rios,12,14,85.71
Keith Gonzalez,6,7,85.71
Jack Hall,6,7,85.71
Thomas Estrada,6,7,85.71
Linda Bennett,6,7,85.71
Nathan Hughes,6,7,85.71
Tonya Brown,6,7,85.71
Jessica Pham,6,7,85.71
Donna Bailey,6,7,85.71
John Blackwell,6,7,85.71
Joseph Espinoza,6,7,85.71
Stephanie Mathews,6,7,85.71
Katherine Mccoy,6,7,85.71
Jennifer Blankenship,6,7,85.71
David Mosley,6,7,85.71
Margaret Diaz,6,7,85.71
Steven Holland,6,7,85.71
Timothy Ingram,6,7,85.71
Kyle Bell,6,7,85.71
Brooke Taylor,6,7,85.71
Jessica Waller,6,7,85.71
Amber Alexander,6,7,85.71
Matthew Roy,6,7,85.71
Andrew Benson,6,7,85.71
Brittany George,6,7,85.71
Amy Mueller,6,7,85.71
Aimee Smith,6,7,85.71
John Kerr,6,7,85.71
Victoria Perez,12,14,85.71
Benjamin Price,6,7,85.71
James Roach,6,7,85.71
April Moore,12,14,85.71
Michelle Silva,6,7,85.71
Patrick Hunt,6,7,85.71
Brenda Long,6,7,85.71
Sarah Delgado,6,7,85.71
Joshua Mason,12,14,85.71
Kelly Mcguire,6,7,85.71
Megan Webb,6,7,85.71
Thomas Lawrence,6,7,85.71
Jordan Reynolds,6,7,85.71
Morgan Rogers,6,7,85.71
Andrea Carter,12,14,85.71
Jessica French,6,7,85.71
Rebecca Cobb,6,7,85.71
Nicole Murray,6,7,85.71
Catherine Harris,6,7,85.71
James Conrad,6,7,85.71
Samuel Ruiz,6,7,85.71
Angela Walsh,6,7,85.71
Courtney Nichols,6,7,85.71
Sarah Good,6,7,85.71
Sabrina Anderson,6,7,85.71
Kathryn Reyes,6,7,85.71
Timothy Nichols,6,7,85.71
Veronica Phillips,6,7,85.71
Teresa Cruz,6,7,85.71
Christopher Kirk,6,7,85.71
Michelle Miranda,6,7,85.71
Brian Gentry,6,7,85.71
William Chambers,6,7,85.71
Daniel Kent,6,7,85.71
Teresa Adams,6,7,85.71
Scott Powell,6,7,85.71
Jessica Marsh,6,7,85.71
Daniel Hubbard,6,7,85.71
Stephanie Williamson,6,7,85.71
Sergio Smith,6,7,85.71
Catherine Brooks,6,7,85.71
Brian Weber,6,7,85.71
Michelle Ho,6,7,85.71
Patrick Campbell,12,14,85.71
Beverly Martinez,6,7,85.71
Timothy Daniel,6,7,85.71
Hannah Hill,6,7,85.71
Karen Gardner,6,7,85.71
Lisa Villegas,6,7,85.71
Brenda Stewart,12,14,85.71
Kayla Parker,6,7,85.71
Anthony Andrews,6,7,85.71
Andrea Black,6,7,85.71
Karen Reynolds,6,7,85.71
Christian Scott,6,7,85.71
Paul Snyder,6,7,85.71
Amy Navarro,6,7,85.71
Jonathan Small,6,7,85.71
Richard Glover,6,7,85.71
Lisa Acosta,6,7,85.71
Brian Daniels,6,7,85.71
Kyle Roberts,6,7,85.71
Melissa Howell,6,7,85.71
Thomas Little,6,7,85.71
Darren Wilson,6,7,85.71
Stephanie Tucker,6,7,85.71
Marcus Hall,6,7,85.71
Melissa Vargas,6,7,85.71
Nathan Cole,6,7,85.71
Thomas Doyle,6,7,85.71
Cassandra Young,6,7,85.71
Robert Ryan,12,14,85.71
James Marquez,12,14,85.71
Rebecca Frazier,6,7,85.71
Robert Collier,6,7,85.71
Robert Guerrero,6,7,85.71
Karen Wilkinson,6,7,85.71
Casey Wilson,6,7,85.71
John Underwood,6,7,85.71
Jeanne Williams,6,7,85.71
Rebecca Gonzales,6,7,85.71
Melissa Farmer,6,7,85.71
Benjamin Lewis,12,14,85.71
Eric Knight,6,7,85.71
Andrew Munoz,6,7,85.71
Kimberly Kelley,6,7,85.71
Ricky Gonzalez,6,7,85.71
Matthew Delacruz,6,7,85.71
Kimberly Kramer,6,7,85.71
Ryan Peterson,12,14,85.71
Nicole Morales,6,7,85.71
Charles Silva,6,7,85.71
Russell Jones,12,14,85.71
Mark Beasley,6,7,85.71
Sharon Kelly,6,7,85.71
Joshua Lyons,6,7,85.71
Molly Martinez,6,7,85.71
Kimberly Guzman,6,7,85.71
Megan Stevens,6,7,85.71
Jamie Ellis,6,7,85.71
Kiara Smith,6,7,85.71
Samantha Santiago,6,7,85.71
Margaret Wood,6,7,85.71
Kathy Martinez,6,7,85.71
Alan Harris,6,7,85.71
Lisa Fletcher,6,7,85.71
James Bautista,6,7,85.71
Gregory Parker,6,7,85.71
Philip Thomas,6,7,85.71
Rhonda Wilson,6,7,85.71
Richard Chang,6,7,85.71
Amanda Parks,6,7,85.71
Mark Williamson,6,7,85.71
Joseph Logan,6,7,85.71
Danielle Wood,6,7,85.71
Michelle Cummings,6,7,85.71
Jessica Tran,6,7,85.71
Kristen Dixon,6,7,85.71
John Moody,6,7,85.71
William Clayton,6,7,85.71
Mario Jackson,6,7,85.71
David Villanueva,6,7,85.71
Shannon Hudson,6,7,85.71
Heather Petersen,6,7,85.71
Theresa Walker,6,7,85.71
Juan Sanchez,6,7,85.71
Shane Phillips,6,7,85.71
Chelsea Lopez,12,14,85.71
Lisa Kelley,12,14,85.71
Tony Perez,6,7,85.71
Janet Scott,6,7,85.71
Anthony Snyder,12,14,85.71
Luis Thomas,6,7,85.71
Douglas Peterson,6,7,85.71
Christine Hale,6,7,85.71
Andrew Nunez,6,7,85.71
Peter Evans,6,7,85.71
Joseph Conway,6,7,85.71
Kimberly Lynch,6,7,85.71
Crystal Parker,6,7,85.71
Patrick Ramos,6,7,85.71
Thomas Becker,6,7,85.71
David Meyers,6,7,85.71
Brian Washington,6,7,85.71
Jordan Rogers,12,14,85.71
Danielle Holland,6,7,85.71
Kevin Sims,6,7,85.71
Nicholas Watson,12,14,85.71
Jonathan Greene,6,7,85.71
Shannon Elliott,6,7,85.71
Teresa Jimenez,6,7,85.71
Robert Lam,6,7,85.71
Wendy Morgan,6,7,85.71
Matthew Pena,6,7,85.71
Teresa Ferguson,6,7,85.71
John Bauer,6,7,85.71
Brittany Contreras,6,7,85.71
Troy Ramos,6,7,85.71
Andrea Watson,6,7,85.71
James Cameron,6,7,85.71
Jason Randolph,6,7,85.71
April Vasquez,6,7,85.71
Mark Morrison,6,7,85.71
John Moon,6,7,85.71
Tammy Robertson,6,7,85.71
Allen Brown,12,14,85.71
Kristen Martin,12,14,85.71
Angela Welch,6,7,85.71
Joshua Carrillo,6,7,85.71
David Larson,12,14,85.71
Christine Rivera,12,14,85.71
Thomas Dennis,6,7,85.71
Heather Mcdonald,6,7,85.71
Christopher Mccoy,6,7,85.71
Cynthia Burns,6,7,85.71
Lisa Bishop,6,7,85.71
Thomas Dean,6,7,85.71
Chloe Smith,6,7,85.71
Matthew Dominguez,12,14,85.71
Gina Hernandez,6,7,85.71
Austin Robinson,6,7,85.71
John Clay,6,7,85.71
Joshua Waters,6,7,85.71
Anthony Ballard,6,7,85.71
Michelle Tucker,6,7,85.71
Jessica Strong,6,7,85.71
Danielle Payne,6,7,85.71
Jamie Sullivan,6,7,85.71
Ann Lewis,6,7,85.71
Jessica Oconnor,6,7,85.71
Scott Mendoza,6,7,85.71
Christina Snyder,6,7,85.71
Gina White,6,7,85.71
Nicholas Barker,6,7,85.71
Eric Mcdonald,12,14,85.71
Elizabeth Arellano,6,7,85.71
Sandra Stevens,6,7,85.71
Robert Fleming,6,7,85.71
Megan Price,6,7,85.71
Kevin Pearson,6,7,85.71
Ricky Young,6,7,85.71
Lee Jones,6,7,85.71
Melissa Mendez,6,7,85.71
Nicholas Bradley,6,7,85.71
Tina Evans,6,7,85.71
Jennifer Barton,6,7,85.71
Amber Austin,6,7,85.71
Sarah Fernandez,6,7,85.71
Tanya Moore,6,7,85.71
Amanda George,6,7,85.71
Jacqueline Nguyen,6,7,85.71
Sara Powers,6,7,85.71
Nicholas Hayes,6,7,85.71
Eric Luna,6,7,85.71
Larry Nelson,6,7,85.71
Lisa Love,6,7,85.71
Luke Watson,6,7,85.71
Robert Bass,6,7,85.71
Gary Reed,6,7,85.71
Matthew Salas,6,7,85.71
Robert Keith,6,7,85.71
David Sawyer,6,7,85.71
Jose Fox,6,7,85.71
Elizabeth Salas,6,7,85.71
Matthew Waters,6,7,85.71
Penny Johnson,6,7,85.71
Katherine Chambers,6,7,85.71
Joseph Owens,12,14,85.71
Stacey Gonzalez,6,7,85.71
Christine Mason,6,7,85.71
Mary Wong,6,7,85.71
Nancy Morales,6,7,85.71
Amanda Cortez,6,7,85.71
Susan Larson,6,7,85.71
Matthew Vaughn,6,7,85.71
Blake Rodriguez,6,7,85.71
Melissa Parsons,6,7,85.71
Thomas Welch,6,7,85.71
Lynn Lopez,6,7,85.71
Nicholas Carlson,6,7,85.71
Donna Carpenter,6,7,85.71
Anthony Holt,6,7,85.71
Stacy Hall,6,7,85.71
Sarah Davidson,6,7,85.71
Jerry Green,6,7,85.71
Juan Taylor,6,7,85.71
Christopher Black,12,14,85.71
Michael Lutz,6,7,85.71
Eric Zimmerman,6,7,85.71
Stephen Wood,6,7,85.71
Peter Schultz,6,7,85.71
Jose Carroll,6,7,85.71
Christopher Massey,6,7,85.71
Kayla Freeman,6,7,85.71
Jennifer Barrera,6,7,85.71
Jessica Lester,6,7,85.71
Elizabeth Barber,6,7,85.71
Drew Brown,6,7,85.71
Nathan Baker,6,7,85.71
William Fernandez,12,14,85.71
Donna Hopkins,6,7,85.71
Amanda Pittman,6,7,85.71
Anthony Watts,6,7,85.71
Ronald Reed,6,7,85.71
John Calderon,6,7,85.71
Zachary Carter,6,7,85.71
Lisa Oliver,6,7,85.71
Tommy Smith,6,7,85.71
Mark Rojas,6,7,85.71
Maria Hughes,6,7,85.71
Mark Patterson,6,7,85.71
Christopher Burton,12,14,85.71
Stephen Medina,6,7,85.71
Jessica Shields,6,7,85.71
Vincent Evans,6,7,85.71
Danielle Alvarez,6,7,85.71
Carlos Butler,6,7,85.71
Susan Payne,6,7,85.71
Mr. Michael Brown,6,7,85.71
Stephanie Stanley,6,7,85.71
Sean Brown,24,28,85.71
Jennifer Tapia,6,7,85.71
Jody Brown,6,7,85.71
Holly Phillips,6,7,85.71
David Tapia,6,7,85.71
Nicole Jordan,6,7,85.71
Trevor Jones,6,7,85.71
Christopher Kidd,6,7,85.71
Amy Cook,12,14,85.71
Amber Matthews,6,7,85.71
Stephen Gardner,6,7,85.71
Julie Nichols,6,7,85.71
Gregory Patterson,6,7,85.71
Kimberly Ward,12,14,85.71
Monica Edwards,6,7,85.71
Richard Brooks,6,7,85.71
Claudia Thompson,6,7,85.71
John Petersen,6,7,85.71
Kevin Love,6,7,85.71
Hannah Garcia,12,14,85.71
Ryan Levine,6,7,85.71
Jacob Greene,6,7,85.71
Sandra Walker,12,14,85.71
Tracy Grant,6,7,85.71
Michelle Russo,6,7,85.71
Christian Martin,6,7,85.71
Victor Hernandez,6,7,85.71
Tamara Jackson,6,7,85.71
Lauren Howard,6,7,85.71
Sandra Gutierrez,6,7,85.71
Amanda Booth,6,7,85.71
Christopher Allison,6,7,85.71
Anthony Higgins,6,7,85.71
Dana Hamilton,6,7,85.71
James Roth,6,7,85.71
Nicholas Erickson,6,7,85.71
Charles Contreras,6,7,85.71
Mary Gregory,6,7,85.71
Samuel Martinez,18,21,85.71
Gloria Jones,6,7,85.71
Kimberly Lloyd,6,7,85.71
Jamie Sanders,6,7,85.71
William Byrd,6,7,85.71
Melissa Bowen,6,7,85.71
Christine Henderson,6,7,85.71
Amber Silva,6,7,85.71
John Pope,6,7,85.71
George Simmons,6,7,85.71
Elizabeth Horn,6,7,85.71
Sharon Bell,6,7,85.71
Stephanie Lara,6,7,85.71
James Trevino,6,7,85.71
Shannon Mason,6,7,85.71
Kimberly Meyer,12,14,85.71
Donna Turner,6,7,85.71
Nicole Little,6,7,85.71
Lisa Walton,6,7,85.71
Hannah Mendoza,6,7,85.71
Thomas Santiago,6,7,85.71
Bruce Clark,6,7,85.71
Andrea Austin,6,7,85.71
Megan Armstrong,6,7,85.71
Kevin Howard,12,14,85.71
Brandon Mcdonald,6,7,85.71
Catherine Wood,6,7,85.71
Sarah Bailey,12,14,85.71
Brian Vega,6,7,85.71
Brooke Young,6,7,85.71
Kimberly May,6,7,85.71
Jessica Case,6,7,85.71
John Rocha,6,7,85.71
Jeremy Vasquez,6,7,85.71
Erin Allen,6,7,85.71
Anthony Mack,6,7,85.71
Angela Nunez,6,7,85.71
Lori Bell,6,7,85.71
Brian Acosta,6,7,85.71
Robert Dillon,6,7,85.71
Marissa Davis,6,7,85.71
Susan Collins,6,7,85.71
Jeffrey Castro,6,7,85.71
Martha Anderson,6,7,85.71
Samantha Stephens,6,7,85.71
James Mcguire,6,7,85.71
Patricia Dean,6,7,85.71
Natalie Russell,6,7,85.71
Brittany Wagner,6,7,85.71
Jacob Mitchell,6,7,85.71
Laura Pena,6,7,85.71
Michael Haas,6,7,85.71
Ryan Wagner,6,7,85.71
Sean Kennedy,6,7,85.71
Kenneth Stewart,6,7,85.71
Emily Bennett,6,7,85.71
Eric Arnold,6,7,85.71
Michelle Wyatt,6,7,85.71
Amber Warren,6,7,85.71
Ashley Gross,6,7,85.71
Michael Mayer,6,7,85.71
Barbara Morris,6,7,85.71
Andrea Shaw,6,7,85.71
Jeffery Murphy,6,7,85.71
Samantha Chambers,6,7,85.71
Sara Reyes,6,7,85.71
Jeffrey Valdez,6,7,85.71
Jennifer Villarreal,6,7,85.71
Andrew Shelton,6,7,85.71
Martin Phillips,6,7,85.71
Johnny Martinez,6,7,85.71
John Love,6,7,85.71
Jessica Newton,6,7,85.71
Joshua Ross,12,14,85.71
Scott Simon,6,7,85.71
David Ayers,6,7,85.71
Sarah Warren,6,7,85.71
Tiffany Howard,6,7,85.71
Amanda Barron,6,7,85.71
Amy Daniels,6,7,85.71
Brianna Morris,6,7,85.71
Jessica Greene,6,7,85.71
Ethan Johnson,6,7,85.71
Jessica Daniels,6,7,85.71
Charles Olson,6,7,85.71
Melissa Barry,6,7,85.71
Heather Wade,6,7,85.71
Allison Anderson,12,14,85.71
Christopher Simpson,12,14,85.71
Joseph Baldwin,12,14,85.71
Paul Dunn,6,7,85.71
Barbara Williams,24,28,85.71
Amy Santos,6,7,85.71
Adam Hicks,6,7,85.71
Steven Palmer,6,7,85.71
Nicole Dean,6,7,85.71
William Doyle,6,7,85.71
Steven Carr,6,7,85.71
Eric Cunningham,6,7,85.71
Kenneth Phillips,12,14,85.71
Maurice Johnson,6,7,85.71
Paul Austin,6,7,85.71
Michael Dodson,6,7,85.71
Marcus Wright,6,7,85.71
Eric Fowler,6,7,85.71
Kenneth Hansen,6,7,85.71
Amy Walters,6,7,85.71
Brittany Kelley,6,7,85.71
Karen Herrera,6,7,85.71
Kelly Rogers,12,14,85.71
Deborah Fox,6,7,85.71
Robert Patterson,18,21,85.71
Michelle Garrison,6,7,85.71
Nathan Hunter,6,7,85.71
John Dunn,12,14,85.71
Daniel Patrick,6,7,85.71
Austin Ward,6,7,85.71
Amy Howell,6,7,85.71
Kristine Smith,6,7,85.71
Matthew Carrillo,6,7,85.71
Holly Stewart,6,7,85.71
Kathleen Vasquez,6,7,85.71
Carrie Hayes,6,7,85.71
Michael York,6,7,85.71
Christine Moreno,6,7,85.71
Bryan Adams,6,7,85.71
Joshua Howell,6,7,85.71
Andrew Doyle,6,7,85.71
Jacob Sanchez,12,14,85.71
Emily Tucker,6,7,85.71
Tony Harrison,6,7,85.71
Elizabeth Combs,6,7,85.71
Beth Gonzalez,6,7,85.71
Sharon Parker,6,7,85.71
Erika Taylor,6,7,85.71
Tiffany Roberts,6,7,85.71
Debbie Carter,6,7,85.71
Jennifer Stark,6,7,85.71
Jacob Perez,6,7,85.71
Richard Yates,6,7,85.71
Sarah Harmon,6,7,85.71
Emily Carr,6,7,85.71
Michael Stanley,12,14,85.71
Jessica Guzman,6,7,85.71
Frederick Brown,6,7,85.71
Vanessa Gomez,6,7,85.71
Vincent Sanchez,6,7,85.71
Ronald Willis,6,7,85.71
William Gardner,12,14,85.71
Steven Leon,6,7,85.71
Donna Parker,6,7,85.71
Joseph Garza,6,7,85.71
Austin Campbell,6,7,85.71
Darren Anderson,6,7,85.71
Kyle Hughes,6,7,85.71
Michelle Ellis,6,7,85.71
Julie Evans,6,7,85.71
Dana Campbell,6,7,85.71
Kristin Martinez,6,7,85.71
Samantha Jordan,6,7,85.71
Donna Howard,12,14,85.71
Matthew Bishop,6,7,85.71
Megan Bailey,6,7,85.71
Kelly Chavez,6,7,85.71
Mary Rhodes,6,7,85.71
Mark Carr,6,7,85.71
Sandra Freeman,6,7,85.71
Rebecca Gardner,6,7,85.71
Lisa Moreno,6,7,85.71
Savannah Jones,6,7,85.71
Shannon Ray,6,7,85.71
Lori Baker,12,14,85.71
Michelle Ball,6,7,85.71
Robert Kramer,6,7,85.71
Brian Roach,6,7,85.71
Danielle Foster,6,7,85.71
William Brady,6,7,85.71
Linda Cook,6,7,85.71
Deborah Rivera,6,7,85.71
Kelli Brown,6,7,85.71
David Johns,6,7,85.71
Angela Knight,6,7,85.71
Jason Vargas,6,7,85.71
David Acosta,6,7,85.71
Brett Perez,6,7,85.71
Jesse Rice,6,7,85.71
Patrick Knight,6,7,85.71
Jason Parrish,6,7,85.71
Tyler Ruiz,6,7,85.71
Danielle Ward,6,7,85.71
Andrea Salazar,6,7,85.71
Elizabeth Watts,6,7,85.71
Eric Weaver,6,7,85.71
Sarah Arnold,6,7,85.71
Andrew Krueger,6,7,85.71
Emily Stewart,6,7,85.71
Christopher Hatfield,6,7,85.71
Debra Ramos,6,7,85.71
Amanda Hawkins,6,7,85.71
Andrea Baker,6,7,85.71
Susan Harris,12,14,85.71
Diana Robinson,6,7,85.71
Kathy Fisher,6,7,85.71
Nathaniel Parker,6,7,85.71
Jeffrey Spencer,6,7,85.71
Jeffrey Harmon,6,7,85.71
Nicole Blair,6,7,85.71
Monica Collins,6,7,85.71
Dana Daniels,6,7,85.71
Randy Scott,6,7,85.71
Tanner Thomas,6,7,85.71
Vincent Adams,6,7,85.71
Ellen Rodriguez,6,7,85.71
Dustin Jenkins,6,7,85.71
James Goodman,6,7,85.71
Christina Black,6,7,85.71
Nicholas Perez,18,21,85.71
Bryan Douglas,6,7,85.71
Victoria Rice,6,7,85.71
Mary Webster,6,7,85.71
Michael Herman,6,7,85.71
Vincent Thomas,6,7,85.71
Christina Wallace,6,7,85.71
Jose Myers,6,7,85.71
Amber Griffin,6,7,85.71
Bradley Scott,6,7,85.71
Nicholas Cobb,6,7,85.71
Tiffany Ward,6,7,85.71
David Arellano,6,7,85.71
Cynthia Kelly,12,14,85.71
Brittany Hicks,6,7,85.71
David Frazier,6,7,85.71
Daniel Blair,6,7,85.71
Benjamin Perry,6,7,85.71
Michael Daugherty,6,7,85.71
John Levy,6,7,85.71
Tammy Cooper,6,7,85.71
Joshua Kennedy,6,7,85.71
Ashley Rojas,6,7,85.71
Tiffany Palmer,6,7,85.71
Paula Moore,6,7,85.71
Anthony Wolf,6,7,85.71
April Kelley,6,7,85.71
Mary Vaughn,6,7,85.71
Lisa Yang,6,7,85.71
Mark Ellis,12,14,85.71
Valerie Hernandez,6,7,85.71
Jennifer Eaton,6,7,85.71
Lisa Mann,6,7,85.71
Donald Myers,6,7,85.71
Danielle Bell,6,7,85.71
Richard Mann,6,7,85.71
Travis White,12,14,85.71
William Newman,6,7,85.71
Jacob Barnett,6,7,85.71
Eric Hopkins,6,7,85.71
Cheryl Harrison,6,7,85.71
Matthew Terry,6,7,85.71
Alex Smith,18,21,85.71
Dakota Johnson,6,7,85.71
Ryan Bell,12,14,85.71
Kyle Payne,6,7,85.71
Deborah Foster,6,7,85.71
Victor Rodriguez,6,7,85.71
Stephanie Salazar,6,7,85.71
Karen Kennedy,6,7,85.71
Holly Ross,6,7,85.71
Leslie Larson,6,7,85.71
Ashley Maldonado,6,7,85.71
Amy Dawson,6,7,85.71
Susan Owens,6,7,85.71
William Nielsen,6,7,85.71
Kristen Rivera,6,7,85.71
Megan Dixon,6,7,85.71
Stephanie Burke,6,7,85.71
Benjamin Ward,6,7,85.71
Robert Mullins,6,7,85.71
Joyce Jones,6,7,85.71
Kyle Graham,6,7,85.71
Tyler Flores,6,7,85.71
Jeffrey Neal,6,7,85.71
Matthew Cobb,6,7,85.71
Jacob Powell,6,7,85.71
Edward Bailey,6,7,85.71
Jennifer Allison,6,7,85.71
Madeline Jones,6,7,85.71
Daniel Walsh,6,7,85.71
Jeremy Diaz,6,7,85.71
Maria Brooks,6,7,85.71
Angela Rivera,12,14,85.71
Michael Dickson,6,7,85.71
Erica Hernandez,12,14,85.71
Amy Morrison,6,7,85.71
John Macdonald,6,7,85.71
Mallory Johnson,6,7,85.71
Allison Parker,6,7,85.71
Matthew Miles,6,7,85.71
Jonathan Santos,6,7,85.71
Rhonda Gonzalez,6,7,85.71
Vicki Williams,6,7,85.71
Aaron Gray,6,7,85.71
Brittany Murphy,6,7,85.71
Gregory Diaz,6,7,85.71
Michelle Maldonado,6,7,85.71
Jennifer Berry,6,7,85.71
Richard Gibbs,6,7,85.71
Paul Newton,6,7,85.71
John Page,6,7,85.71
Teresa Morales,6,7,85.71
Joseph Tate,6,7,85.71
James Buchanan,6,7,85.71
Sandra Fields,6,7,85.71
Gregory Guzman,6,7,85.71
Adrian Anderson,6,7,85.71
Monica Walker,6,7,85.71
Kathy Wilson,12,14,85.71
Christopher Rowe,6,7,85.71
Donna Hayes,6,7,85.71
Jason Sims,6,7,85.71
Ronald Chavez,6,7,85.71
Timothy George,6,7,85.71
William Acevedo,6,7,85.71
Timothy Moss,6,7,85.71
Michael English,6,7,85.71
Christopher Mata,6,7,85.71
Matthew Guerra,6,7,85.71
Michele Nelson,6,7,85.71
Sharon Lewis,12,14,85.71
Steven Harvey,6,7,85.71
Tyler Sanders,6,7,85.71
Jessica Ayers,6,7,85.71
Joshua Montoya,6,7,85.71
Christopher Jacobs,12,14,85.71
Jessica Collier,6,7,85.71
Andrea Freeman,6,7,85.71
Jessica Frank,6,7,85.71
Renee Hernandez,6,7,85.71
Jacob Dawson,6,7,85.71
James Salinas,6,7,85.71
John Wiggins,6,7,85.71
Amy Little,6,7,85.71
Crystal Fernandez,6,7,85.71
Michael Mata,6,7,85.71
Mark Thomas,35,41,85.37
Emily Rodriguez,29,34,85.29
David Hunter,23,27,85.19
Paul Harris,23,27,85.19
Thomas Ramirez,23,27,85.19
Jacob Clark,23,27,85.19
Beth Smith,23,27,85.19
Patrick Martinez,23,27,85.19
Monica Miller,17,20,85.0
Thomas Ortiz,17,20,85.0
Matthew Foster,17,20,85.0
Michael Clements,17,20,85.0
John Marshall,17,20,85.0
David Mills,17,20,85.0
Deborah Hernandez,17,20,85.0
Nicholas Graham,17,20,85.0
Jacob King,17,20,85.0
Tina Martinez,17,20,85.0
Robert Mcdonald,17,20,85.0
Danielle Martin,17,20,85.0
Sarah Roberts,17,20,85.0
Catherine Miller,17,20,85.0
Scott Roberts,17,20,85.0
Jeffrey Phillips,17,20,85.0
Brandon White,17,20,85.0
Ryan Morales,17,20,85.0
Michael Kelley,17,20,85.0
Nicole Lopez,17,20,85.0
Amanda Flores,17,20,85.0
Christine Jackson,17,20,85.0
Katherine Wilson,17,20,85.0
Ashley Howard,17,20,85.0
Jose Martinez,17,20,85.0
Anthony Robinson,28,33,84.85
Amy Martin,22,26,84.62
Sandra Harris,11,13,84.62
Melissa Price,11,13,84.62
Christopher Harper,11,13,84.62
Scott Bennett,11,13,84.62
Donna Harris,11,13,84.62
Gina Wilson,11,13,84.62
Melissa Phillips,22,26,84.62
Jeffrey Murray,11,13,84.62
Travis Rodriguez,11,13,84.62
James Nunez,11,13,84.62
David Newman,11,13,84.62
Steven Simmons,11,13,84.62
Kevin Barnes,11,13,84.62
John Welch,11,13,84.62
Jose Hall,11,13,84.62
Brian Holmes,11,13,84.62
Lisa Wells,11,13,84.62
Christopher Beck,11,13,84.62
Cody Martinez,11,13,84.62
Bryan Thomas,11,13,84.62
Lori Wood,11,13,84.62
Christopher Mclaughlin,11,13,84.62
Jessica Castillo,11,13,84.62
Erin Clark,11,13,84.62
Taylor Green,11,13,84.62
Anthony Ruiz,11,13,84.62
Robert Austin,11,13,84.62
Patrick Carroll,11,13,84.62
Edward Adams,11,13,84.62
Taylor Perez,11,13,84.62
Margaret Harris,11,13,84.62
Alexandra Moore,11,13,84.62
Charles Wood,11,13,84.62
Jordan Anderson,11,13,84.62
Travis Taylor,11,13,84.62
Michael Rios,11,13,84.62
Timothy Patel,11,13,84.62
Shannon Robinson,11,13,84.62
John Gilbert,11,13,84.62
Travis Moore,11,13,84.62
Danielle Anderson,22,26,84.62
William Obrien,11,13,84.62
Troy Taylor,11,13,84.62
Michelle Ferguson,11,13,84.62
Elizabeth King,22,26,84.62
Ethan Smith,11,13,84.62
Christopher Armstrong,11,13,84.62
Diana Hall,11,13,84.62
Kathryn Martinez,11,13,84.62
Jennifer Rice,11,13,84.62
Robert Rogers,33,39,84.62
Andrew Ramos,11,13,84.62
Aaron Turner,11,13,84.62
David Banks,11,13,84.62
Alicia Garcia,11,13,84.62
Kimberly Flores,22,26,84.62
Michael Frazier,11,13,84.62
Ryan Ortiz,11,13,84.62
Nathaniel Brown,11,13,84.62
James Christensen,11,13,84.62
Leslie Mitchell,11,13,84.62
Danielle Rivera,11,13,84.62
Kristina Wilson,11,13,84.62
Susan Roberts,11,13,84.62
Peter Walker,11,13,84.62
Christine King,11,13,84.62
Julie Perez,11,13,84.62
Sandra Graham,11,13,84.62
Julia Hernandez,11,13,84.62
Jennifer Dominguez,11,13,84.62
Kaitlyn Smith,11,13,84.62
Justin Phillips,11,13,84.62
Robin White,11,13,84.62
Anthony Freeman,11,13,84.62
Melanie Thomas,11,13,84.62
Charles Cruz,11,13,84.62
Anthony Wells,11,13,84.62
Charles King,11,13,84.62
Andrew Barnes,11,13,84.62
April Young,11,13,84.62
Brandi Williams,11,13,84.62
Michael Todd,11,13,84.62
David Christensen,11,13,84.62
Julia Wilson,11,13,84.62
James Silva,11,13,84.62
William Robbins,11,13,84.62
Nicole Vasquez,11,13,84.62
Jacob Nelson,11,13,84.62
Brittney Jones,11,13,84.62
Kimberly Schmidt,11,13,84.62
Eric Patterson,11,13,84.62
Holly Gonzalez,11,13,84.62
Daniel Weber,11,13,84.62
Ryan Vasquez,11,13,84.62
John Espinoza,11,13,84.62
Megan Anderson,22,26,84.62
Alexis Reyes,11,13,84.62
Megan King,11,13,84.62
Raymond Lewis,11,13,84.62
James Stanley,11,13,84.62
Heather Edwards,11,13,84.62
Stephanie Gray,11,13,84.62
Angelica Brown,11,13,84.62
Yolanda Davis,11,13,84.62
Jamie Martin,11,13,84.62
Michael Huff,11,13,84.62
Jennifer Burton,11,13,84.62
Christina Torres,11,13,84.62
Keith Harris,11,13,84.62
William Fox,11,13,84.62
Nathan Jackson,11,13,84.62
Elizabeth Richardson,11,13,84.62
Jennifer Roth,11,13,84.62
Kevin Adams,11,13,84.62
Sara Rogers,11,13,84.62
Matthew Stephens,11,13,84.62
Matthew Johnston,11,13,84.62
Joshua Mendoza,11,13,84.62
Larry Lee,11,13,84.62
David Oconnor,11,13,84.62
Christina Collins,11,13,84.62
Joseph Mueller,11,13,84.62
Stephanie Jordan,11,13,84.62
Amber Clark,16,19,84.21
Paul Baker,16,19,84.21
Samantha Nguyen,16,19,84.21
Mary Murphy,16,19,84.21
Steven Flores,16,19,84.21
Jennifer Moreno,16,19,84.21
David Guerrero,16,19,84.21
David Vargas,16,19,84.21
David Dixon,16,19,84.21
Richard Rogers,16,19,84.21
Adam Walker,16,19,84.21
Cynthia Harris,16,19,84.21
Andrew Mitchell,16,19,84.21
Adam Nelson,16,19,84.21
Joseph Snyder,16,19,84.21
Maria Wilson,16,19,84.21
John Gardner,16,19,84.21
Janet Williams,16,19,84.21
Tracy Gonzalez,16,19,84.21
Rhonda Johnson,16,19,84.21
Emily Harris,16,19,84.21
Melissa Morris,16,19,84.21
Christopher Crawford,16,19,84.21
Jeremy Thomas,16,19,84.21
Bryan Taylor,16,19,84.21
Jessica Obrien,16,19,84.21
Nathan White,16,19,84.21
Julie Clark,16,19,84.21
Abigail Johnson,16,19,84.21
Timothy Perez,16,19,84.21
Teresa Williams,21,25,84.0
Justin Hall,21,25,84.0
Jacqueline Wilson,21,25,84.0
John Russell,21,25,84.0
April Rodriguez,21,25,84.0
Christina Wilson,21,25,84.0
Christine Taylor,21,25,84.0
Valerie Smith,21,25,84.0
Christina Hamilton,5,6,83.33
Sheri Martin,5,6,83.33
Taylor Morales,5,6,83.33
Robert Michael,5,6,83.33
Justin Wagner,5,6,83.33
Heather Dean,5,6,83.33
Ronald Gonzales,5,6,83.33
Amy Davidson,5,6,83.33
Daniel Hogan,5,6,83.33
Suzanne White,5,6,83.33
Emily Hoffman,5,6,83.33
Anthony Harvey,5,6,83.33
Kevin Owens,10,12,83.33
Ashley Tate,5,6,83.33
Stephen Ortiz,5,6,83.33
Brooke Vasquez,5,6,83.33
Alyssa Carter,5,6,83.33
Todd Lawson,5,6,83.33
Ashley Oconnell,5,6,83.33
Daniel Murray,10,12,83.33
Mariah Anderson,5,6,83.33
Erin Jimenez,5,6,83.33
Michael Berg,5,6,83.33
Justin Bryant,5,6,83.33
Andrew Wade,5,6,83.33
Jennifer Haas,5,6,83.33
Jennifer Wilkins,5,6,83.33
David Hensley,5,6,83.33
Victor Scott,5,6,83.33
Nicole Vaughn,5,6,83.33
John Bradley,10,12,83.33
Emily Tran,5,6,83.33
Julia Wells,5,6,83.33
Heather Stanley,5,6,83.33
Michael Cannon,10,12,83.33
Gary Ellis,5,6,83.33
Joshua Weeks,5,6,83.33
Keith Price,5,6,83.33
William Mccann,5,6,83.33
Austin Reyes,5,6,83.33
Joshua Farrell,5,6,83.33
Kayla Anderson,10,12,83.33
Kayla Edwards,5,6,83.33
Kimberly Acosta,5,6,83.33
Jeffrey Benson,5,6,83.33
Tina Alexander,5,6,83.33
Patricia Ferguson,5,6,83.33
Tammy Freeman,5,6,83.33
Nicole Hawkins,5,6,83.33
Alexander Maldonado,5,6,83.33
Robert Ayers,5,6,83.33
William Zuniga,5,6,83.33
Angela Berry,5,6,83.33
Jeremiah Wright,5,6,83.33
Monica Wright,5,6,83.33
Angela West,5,6,83.33
Donna Fischer,5,6,83.33
Anthony Porter,5,6,83.33
Ashley Crawford,5,6,83.33
Alexis Perez,5,6,83.33
Gregory Hudson,5,6,83.33
Ashley Pearson,5,6,83.33
Amanda Nash,5,6,83.33
Jared Miller,10,12,83.33
Tonya White,5,6,83.33
Charles Hawkins,5,6,83.33
Todd Watson,5,6,83.33
Brittany Hart,5,6,83.33
Jack Ross,5,6,83.33
Amanda Robertson,5,6,83.33
Melissa Fuller,5,6,83.33
Angela Wilkinson,5,6,83.33
Carol Dixon,5,6,83.33
Tara Richardson,5,6,83.33
David Melton,5,6,83.33
Joshua Joseph,5,6,83.33
Steven Boone,5,6,83.33
Lisa Bradley,5,6,83.33
Joshua Blair,5,6,83.33
Misty Gibson,5,6,83.33
Richard Salazar,5,6,83.33
Adam Peterson,5,6,83.33
Amy Cooper,10,12,83.33
James Garner,5,6,83.33
David Bartlett,5,6,83.33
Ann White,5,6,83.33
Raymond White,10,12,83.33
Ashley Proctor,5,6,83.33
Melissa Wheeler,10,12,83.33
Paul Parsons,5,6,83.33
Kevin Fisher,5,6,83.33
Andrea Lane,5,6,83.33
Daniel Benton,5,6,83.33
Tammy Howard,5,6,83.33
James Franco,5,6,83.33
Kendra Moore,5,6,83.33
Courtney Nelson,5,6,83.33
Jonathan Morton,5,6,83.33
Lucas Jones,5,6,83.33
Mitchell Taylor,5,6,83.33
Lisa Fox,5,6,83.33
Jamie Castillo,5,6,83.33
Elizabeth Thornton,5,6,83.33
Andrew Mcclure,5,6,83.33
James Bolton,5,6,83.33
Andre Wilson,5,6,83.33
Elaine Johnson,5,6,83.33
Sarah Allison,5,6,83.33
Leslie Kelly,5,6,83.33
Sarah Reid,5,6,83.33
Rebecca Griffin,5,6,83.33
Theresa Murray,5,6,83.33
Kristina Martinez,5,6,83.33
Tyler Schmidt,5,6,83.33
Kristen Hall,5,6,83.33
Sean Ward,5,6,83.33
John Atkins,5,6,83.33
John Huffman,5,6,83.33
Maria Guerrero,5,6,83.33
Jesus Cooper,5,6,83.33
Jesse Roberts,5,6,83.33
Veronica Spencer,5,6,83.33
Kristin Kelly,5,6,83.33
Jessica Copeland,5,6,83.33
Tiffany Wyatt,5,6,83.33
Kim Harris,5,6,83.33
Suzanne Gonzalez,5,6,83.33
Ashley Grant,5,6,83.33
Peter Griffin,5,6,83.33
Edward Hayes,5,6,83.33
Hannah Hernandez,5,6,83.33
William Bradford,5,6,83.33
Wendy Cole,5,6,83.33
Amanda Burns,10,12,83.33
Kevin Ortiz,15,18,83.33
Christina Leonard,5,6,83.33
Monica Santiago,5,6,83.33
Charles Montgomery,5,6,83.33
Kenneth Robinson,15,18,83.33
Trevor Lopez,5,6,83.33
Joel Martinez,5,6,83.33
Ricky Rodriguez,5,6,83.33
Felicia Martin,5,6,83.33
Christina Henry,5,6,83.33
Sean Tucker,5,6,83.33
Mark Montgomery,5,6,83.33
Kristin Jordan,5,6,83.33
Patricia Chapman,5,6,83.33
Samuel Hill,5,6,83.33
Tyler Roberts,5,6,83.33
Jennifer Nielsen,5,6,83.33
Derrick Anderson,5,6,83.33
Shannon Bishop,5,6,83.33
Maria Mercer,5,6,83.33
Angela Henry,5,6,83.33
John Shelton,10,12,83.33
Heather Strickland,5,6,83.33
Lisa Carpenter,10,12,83.33
Andrea Long,5,6,83.33
Michael Mathews,10,12,83.33
William Salas,5,6,83.33
Kayla Torres,5,6,83.33
Andrew Blake,5,6,83.33
Douglas Simmons,5,6,83.33
Nicholas Walton,5,6,83.33
Angela Stewart,10,12,83.33
Crystal Ferguson,5,6,83.33
William Chan,5,6,83.33
Crystal Jackson,20,24,83.33
Amy Fowler,5,6,83.33
Daniel Rocha,5,6,83.33
Angela Hicks,5,6,83.33
Brooke Lewis,5,6,83.33
Michael Murillo,5,6,83.33
Brian Calderon,5,6,83.33
Kristin Cox,5,6,83.33
Victoria Nguyen,5,6,83.33
Steven Sampson,5,6,83.33
Jennifer Cameron,5,6,83.33
Bryan Richardson,5,6,83.33
Anthony Spencer,10,12,83.33
Jacqueline Coleman,5,6,83.33
Timothy Henry,10,12,83.33
Colin Jones,5,6,83.33
Elizabeth Jacobs,5,6,83.33
Roberto Martinez,5,6,83.33
Benjamin Carr,5,6,83.33
Kimberly Bauer,5,6,83.33
Justin Young,15,18,83.33
Juan King,5,6,83.33
Julie Olson,5,6,83.33
Glenn Jones,5,6,83.33
Kevin Irwin,5,6,83.33
Wanda Gonzalez,5,6,83.33
Anna Johnston,5,6,83.33
Dawn Ramirez,5,6,83.33
Zachary Perez,10,12,83.33
Wendy Ponce,5,6,83.33
Christopher Miranda,5,6,83.33
Morgan Thomas,10,12,83.33
Linda Campbell,10,12,83.33
Benjamin Weber,5,6,83.33
Jenna Baker,5,6,83.33
Gina Hall,5,6,83.33
Jordan Ross,5,6,83.33
Stephanie Leblanc,5,6,83.33
Tony Sanchez,5,6,83.33
Emily Spencer,5,6,83.33
Nicole Baker,20,24,83.33
Sara Gallagher,5,6,83.33
Eugene Williams,5,6,83.33
Katherine Cooper,5,6,83.33
Jason Cervantes,5,6,83.33
Matthew Blankenship,5,6,83.33
Jason Floyd,5,6,83.33
Amber Grant,5,6,83.33
Julie Harper,5,6,83.33
Andrea Price,5,6,83.33
Keith Gordon,5,6,83.33
Patricia Mason,5,6,83.33
Kelly Sandoval,5,6,83.33
Eric Stephens,5,6,83.33
Michelle Miles,5,6,83.33
Kenneth Armstrong,5,6,83.33
Jeremiah Garcia,5,6,83.33
Megan Manning,5,6,83.33
Michele King,5,6,83.33
Richard Alexander,10,12,83.33
Daniel Lowe,5,6,83.33
Sarah Aguirre,5,6,83.33
Chad Richardson,5,6,83.33
Richard Lawson,5,6,83.33
Ruth Garcia,5,6,83.33
Kimberly Lawrence,10,12,83.33
Stacey Brooks,5,6,83.33
Kenneth Watkins,5,6,83.33
Kristina Black,5,6,83.33
Bryan West,5,6,83.33
Jason Bush,5,6,83.33
Jessica Ruiz,10,12,83.33
Jacob Green,15,18,83.33
Timothy Mcdaniel,5,6,83.33
Jose Sullivan,5,6,83.33
Teresa Montgomery,5,6,83.33
Paul Duncan,5,6,83.33
Alexander Nguyen,5,6,83.33
Kimberly Robertson,10,12,83.33
Sandy Martin,5,6,83.33
Raymond Jackson,5,6,83.33
Raymond Rivera,5,6,83.33
Chad Garcia,10,12,83.33
Patricia Mccoy,5,6,83.33
Robert Galloway,5,6,83.33
Mark Bowman,5,6,83.33
Michelle Bailey,20,24,83.33
Teresa Burke,5,6,83.33
Willie Williams,5,6,83.33
Michael Sellers,5,6,83.33
Tyler Pierce,5,6,83.33
Rachel Powell,5,6,83.33
Shelby Martin,5,6,83.33
Charles Chase,5,6,83.33
Haley Jackson,5,6,83.33
James Fleming,5,6,83.33
Heather Mullins,5,6,83.33
Emma Reyes,5,6,83.33
Lindsey Perry,5,6,83.33
Brandon Benitez,5,6,83.33
Jesus Allen,5,6,83.33
Nancy Washington,5,6,83.33
David Weaver,20,24,83.33
Janice Lee,5,6,83.33
Eric Vaughn,5,6,83.33
Lisa Underwood,5,6,83.33
Tanya Gonzalez,10,12,83.33
Matthew Wells,15,18,83.33
Christopher English,5,6,83.33
Maureen Miller,5,6,83.33
Brandon Maldonado,5,6,83.33
Andrew Dean,5,6,83.33
Kevin Ryan,5,6,83.33
Donna Sanders,5,6,83.33
Lisa Hayden,5,6,83.33
Amy Duncan,5,6,83.33
Amy Holloway,5,6,83.33
Lisa Brewer,5,6,83.33
Stephanie Moon,5,6,83.33
John Suarez,5,6,83.33
Scott James,5,6,83.33
Steven Allison,5,6,83.33
Derek Clark,5,6,83.33
Scott Ochoa,5,6,83.33
Terri Jones,15,18,83.33
Lisa Barry,5,6,83.33
Joshua Dawson,5,6,83.33
Tina Marshall,5,6,83.33
Nicholas Diaz,10,12,83.33
Susan Green,15,18,83.33
Jonathan Dixon,5,6,83.33
Kimberly Key,5,6,83.33
Joseph Luna,5,6,83.33
Joshua Hood,5,6,83.33
Anthony May,5,6,83.33
Taylor Marshall,5,6,83.33
Alexis Coleman,5,6,83.33
Diamond Smith,5,6,83.33
Thomas Berry,5,6,83.33
Madison Taylor,5,6,83.33
Kevin Pierce,5,6,83.33
Hector Lewis,5,6,83.33
Jessica Serrano,5,6,83.33
Shannon Cox,5,6,83.33
Chad Clark,5,6,83.33
Donna Ruiz,5,6,83.33
Teresa Walters,5,6,83.33
Claudia Lopez,5,6,83.33
Nathaniel Thompson,5,6,83.33
Nicholas Castillo,5,6,83.33
Danny King,5,6,83.33
Chad Parker,5,6,83.33
Kimberly Norman,5,6,83.33
Michelle Sloan,5,6,83.33
Brian Escobar,5,6,83.33
Steven Curtis,5,6,83.33
Timothy Mack,5,6,83.33
Michelle Esparza,5,6,83.33
Larry Fernandez,5,6,83.33
Joshua Mclaughlin,5,6,83.33
Ashley Holmes,5,6,83.33
Brandon Watson,5,6,83.33
Paula Hall,5,6,83.33
Sydney Hill,5,6,83.33
Elizabeth Townsend,5,6,83.33
Calvin Johnson,5,6,83.33
Paul Cobb,5,6,83.33
Brittany Ryan,5,6,83.33
Jordan Cooper,5,6,83.33
Daniel Mckee,5,6,83.33
Gary Cooper,5,6,83.33
Vincent Hill,5,6,83.33
Patricia Porter,5,6,83.33
Amber Snyder,5,6,83.33
Katherine Banks,5,6,83.33
Nicholas Wang,5,6,83.33
Aaron Collins,5,6,83.33
David Cherry,5,6,83.33
Jamie Hughes,5,6,83.33
Rachel Kim,5,6,83.33
Samantha Riley,5,6,83.33
William Moon,5,6,83.33
Emily Becker,5,6,83.33
Jessica Vance,5,6,83.33
Matthew Watkins,10,12,83.33
Danielle Bradley,5,6,83.33
Rebecca Hicks,5,6,83.33
Joel Reed,5,6,83.33
Christine Cox,5,6,83.33
Jennifer Costa,5,6,83.33
Melissa Terry,5,6,83.33
Lisa Arroyo,5,6,83.33
Terry Castillo,5,6,83.33
Lindsey Baker,5,6,83.33
Erin Curtis,5,6,83.33
Kimberly Gallagher,5,6,83.33
Robert Delgado,5,6,83.33
Corey Moore,5,6,83.33
Carlos Lee,5,6,83.33
Jacqueline Baker,5,6,83.33
Russell Campbell,5,6,83.33
Tyler Turner,5,6,83.33
Erik Adams,5,6,83.33
Erin Ford,5,6,83.33
Alan Nelson,5,6,83.33
Lauren Phillips,10,12,83.33
Laura Swanson,5,6,83.33
Vanessa Clark,5,6,83.33
Christopher Booth,5,6,83.33
Jason Hunter,5,6,83.33
Sara Morales,5,6,83.33
James Ochoa,5,6,83.33
Jason Ortega,5,6,83.33
Kyle Taylor,15,18,83.33
Brent Clark,5,6,83.33
Christine Richards,5,6,83.33
Crystal Taylor,15,18,83.33
Anthony Chen,5,6,83.33
Mary Rojas,5,6,83.33
Jessica Bryan,5,6,83.33
Denise Butler,5,6,83.33
Nicole Reyes,5,6,83.33
Nancy Perry,5,6,83.33
Christopher Olsen,5,6,83.33
Anthony Andersen,5,6,83.33
Shannon Gibson,5,6,83.33
Michelle Hansen,5,6,83.33
Jessica Parsons,5,6,83.33
Justin Novak,5,6,83.33
Nancy Harper,5,6,83.33
James Velez,5,6,83.33
Eric Ferguson,5,6,83.33
Chad Santiago,5,6,83.33
Kelly Stone,5,6,83.33
Jacqueline Dixon,5,6,83.33
Christopher Waters,5,6,83.33
Jacob Mason,5,6,83.33
Suzanne Martin,5,6,83.33
Joanna Anderson,5,6,83.33
Eddie Jones,5,6,83.33
Matthew Cantu,5,6,83.33
Anthony Reese,5,6,83.33
Joseph Hatfield,5,6,83.33
David Mccormick,10,12,83.33
Matthew Kemp,5,6,83.33
Christine Hall,10,12,83.33
Tina Torres,5,6,83.33
Robert Liu,5,6,83.33
Stephen Mills,5,6,83.33
Kevin Bennett,10,12,83.33
Timothy Pierce,5,6,83.33
Erin Leonard,5,6,83.33
Ronald Taylor,10,12,83.33
Angela Webster,5,6,83.33
Charles Luna,5,6,83.33
David Vang,5,6,83.33
Courtney Washington,5,6,83.33
Michael Hardin,5,6,83.33
Nicole Ross,10,12,83.33
Justin Gutierrez,5,6,83.33
Lisa Shaw,5,6,83.33
April Hansen,5,6,83.33
Megan Fields,5,6,83.33
Nicholas Mendoza,10,12,83.33
Tara Wood,5,6,83.33
Stephanie Castaneda,5,6,83.33
William Kramer,5,6,83.33
Eric Blackwell,5,6,83.33
David Montes,5,6,83.33
Elizabeth Woods,5,6,83.33
Sue Johnson,5,6,83.33
Terry Kelley,5,6,83.33
William Andersen,5,6,83.33
Brittany Sullivan,5,6,83.33
Sandra Harrington,5,6,83.33
Juan Gonzalez,10,12,83.33
Suzanne Peterson,5,6,83.33
Richard Norton,5,6,83.33
Angela Ballard,5,6,83.33
Carla Morgan,5,6,83.33
Breanna Reed,5,6,83.33
Kevin Potter,5,6,83.33
Todd Clark,10,12,83.33
John Fitzpatrick,5,6,83.33
Theresa Young,5,6,83.33
Jessica Tucker,10,12,83.33
Heather Chavez,5,6,83.33
Kelly Parrish,5,6,83.33
Charles Gross,5,6,83.33
Keith Wilson,20,24,83.33
Robert Fox,10,12,83.33
Jamie Owen,5,6,83.33
Patrick May,5,6,83.33
Nathan Kim,5,6,83.33
Jordan Patterson,5,6,83.33
Eric Curtis,5,6,83.33
Debra Gonzales,5,6,83.33
Laura Medina,5,6,83.33
Ryan Gibbs,5,6,83.33
Heather Reese,5,6,83.33
Christopher Buck,5,6,83.33
Eric Ford,5,6,83.33
Christopher Levine,5,6,83.33
Kathryn Parker,5,6,83.33
Raymond Ramirez,5,6,83.33
Alexis Gomez,5,6,83.33
Jonathan Herrera,5,6,83.33
Paul Reed,5,6,83.33
Heather Todd,5,6,83.33
Richard Frank,5,6,83.33
Stephanie Mcneil,5,6,83.33
Bradley Henderson,5,6,83.33
Samantha Myers,5,6,83.33
Tammy Myers,5,6,83.33
Amy Lawson,5,6,83.33
Steven Jordan,10,12,83.33
Breanna Williams,5,6,83.33
Jason Singh,5,6,83.33
Megan Santiago,5,6,83.33
Julie Fox,5,6,83.33
Timothy Navarro,5,6,83.33
Teresa Thompson,10,12,83.33
Amanda Keller,5,6,83.33
Douglas Kelly,5,6,83.33
Karen Tucker,5,6,83.33
Steven Crosby,5,6,83.33
Charles Meyer,5,6,83.33
Anthony Henry,5,6,83.33
Angela Mckinney,5,6,83.33
Victoria Nelson,5,6,83.33
Leonard Davis,5,6,83.33
Jeffrey Caldwell,5,6,83.33
Terry Roberts,5,6,83.33
Kelly Steele,5,6,83.33
Frederick Miller,5,6,83.33
Joseph Brandt,5,6,83.33
Steven Wang,5,6,83.33
Patrick Robertson,5,6,83.33
Mary Francis,5,6,83.33
Brandon Sutton,5,6,83.33
Sherry Adams,5,6,83.33
David Cordova,5,6,83.33
Laura Haynes,5,6,83.33
Alan Lewis,5,6,83.33
William Brandt,5,6,83.33
Alan Phillips,5,6,83.33
Amanda Meyers,5,6,83.33
Nicole Romero,5,6,83.33
Wayne Campbell,5,6,83.33
Jerry Davis,5,6,83.33
Anthony Woods,10,12,83.33
Tiffany Harvey,5,6,83.33
James Moody,10,12,83.33
Robert Cox,15,18,83.33
Vincent Davis,10,12,83.33
Jose James,5,6,83.33
Brooke Jones,10,12,83.33
Julie Walter,5,6,83.33
Pamela Webb,5,6,83.33
Tracy Myers,5,6,83.33
John Shepherd,5,6,83.33
Judy Lee,5,6,83.33
Eric Ewing,5,6,83.33
Lisa Liu,5,6,83.33
Stephanie Hubbard,5,6,83.33
Zachary Arnold,5,6,83.33
Steven Hardy,5,6,83.33
David Snow,5,6,83.33
Alicia Nelson,5,6,83.33
Megan Guzman,5,6,83.33
Stephanie Dalton,5,6,83.33
Denise Martin,10,12,83.33
Ronald Peters,5,6,83.33
Sarah Callahan,5,6,83.33
Thomas Mcmahon,5,6,83.33
Shawn Hall,10,12,83.33
Mary Shelton,5,6,83.33
David Barrera,5,6,83.33
Barbara Reed,5,6,83.33
Jerome Johnson,5,6,83.33
Carolyn Moore,5,6,83.33
Elizabeth Fowler,5,6,83.33
Helen Davis,5,6,83.33
Jean Williams,5,6,83.33
Jaclyn Johnson,5,6,83.33
April Jackson,10,12,83.33
Colin Perez,5,6,83.33
Patricia Murray,5,6,83.33
Steven Hicks,5,6,83.33
Matthew Beard,5,6,83.33
Elizabeth Humphrey,5,6,83.33
Jason Holt,5,6,83.33
Sharon Howell,5,6,83.33
Carolyn Harrison,5,6,83.33
Rachel Walsh,5,6,83.33
Todd Rodriguez,10,12,83.33
Rachel Edwards,10,12,83.33
Kimberly Mcpherson,5,6,83.33
Noah Martinez,5,6,83.33
Timothy Hartman,5,6,83.33
Crystal Gardner,5,6,83.33
Jerry Turner,5,6,83.33
Traci Williams,5,6,83.33
Taylor Rice,5,6,83.33
Timothy Hoover,5,6,83.33
Corey Stewart,5,6,83.33
Patrick Daniels,5,6,83.33
Destiny Johnson,5,6,83.33
Eric Woods,5,6,83.33
Michael Whitehead,5,6,83.33
Alexis Diaz,5,6,83.33
David Burgess,5,6,83.33
Douglas Collins,5,6,83.33
Jamie Watson,5,6,83.33
Sherry Edwards,5,6,83.33
Elizabeth Chapman,5,6,83.33
Aaron Caldwell,5,6,83.33
Kelly Elliott,5,6,83.33
Marcus Bryant,5,6,83.33
Robert Holt,5,6,83.33
Jesse Clark,10,12,83.33
Nicholas Powell,10,12,83.33
Michael Macdonald,5,6,83.33
Stephen Mendoza,5,6,83.33
Tammy Chen,5,6,83.33
Mary Mcclain,5,6,83.33
Jason Watts,5,6,83.33
Maria Clark,15,18,83.33
Thomas Carroll,5,6,83.33
Shannon Baldwin,5,6,83.33
Amanda Craig,5,6,83.33
Katherine Grant,5,6,83.33
Kevin Krause,5,6,83.33
Joshua Lane,5,6,83.33
Taylor Peterson,5,6,83.33
Trevor Gonzalez,5,6,83.33
Joseph Dixon,15,18,83.33
Anthony Daniel,5,6,83.33
Mary Spencer,5,6,83.33
Ann Lopez,5,6,83.33
Anthony Warren,5,6,83.33
Rachael Williams,5,6,83.33
Lindsay Young,5,6,83.33
Christian Rivera,5,6,83.33
Karen Fisher,5,6,83.33
Luke Thompson,5,6,83.33
Kenneth Larson,5,6,83.33
David Cochran,5,6,83.33
Melissa Burns,10,12,83.33
Joseph Andersen,5,6,83.33
Martha Hall,5,6,83.33
Kimberly Holmes,5,6,83.33
Jennifer Herring,5,6,83.33
Nathaniel Wilson,5,6,83.33
Laura Daniels,5,6,83.33
Zachary Vasquez,5,6,83.33
William Skinner,5,6,83.33
Jesse Palmer,5,6,83.33
Steven Mills,5,6,83.33
Ashley Black,5,6,83.33
Willie Martinez,5,6,83.33
Brianna Jones,15,18,83.33
Melissa Serrano,5,6,83.33
Justin Swanson,5,6,83.33
Karen Porter,5,6,83.33
Christine Waters,5,6,83.33
Natalie Peters,5,6,83.33
Larry Gomez,5,6,83.33
Christine Flores,5,6,83.33
Tracy Simmons,5,6,83.33
Steven Benson,5,6,83.33
Ronald Gomez,5,6,83.33
Patricia Gardner,5,6,83.33
Tina Gutierrez,5,6,83.33
Matthew Whitehead,5,6,83.33
Crystal Morris,5,6,83.33
Jason Hughes,15,18,83.33
Matthew Houston,5,6,83.33
Karen Jimenez,5,6,83.33
Jamie Woods,5,6,83.33
Jerry Baker,5,6,83.33
Timothy Skinner,5,6,83.33
Gregory Sandoval,5,6,83.33
Stephanie Schmitt,5,6,83.33
Mary Ingram,5,6,83.33
James Key,5,6,83.33
Tiffany Evans,5,6,83.33
Timothy Ortega,5,6,83.33
Anna Hunt,5,6,83.33
Donald Martinez,10,12,83.33
Scott Barton,5,6,83.33
Alyssa Olson,5,6,83.33
Rebekah Jones,5,6,83.33
Cindy Joseph,5,6,83.33
Stephanie Beck,5,6,83.33
Tina Camacho,5,6,83.33
Melanie Ramirez,5,6,83.33
Joseph Holloway,5,6,83.33
Timothy Lowe,5,6,83.33
Tiffany Patterson,5,6,83.33
Jason Santos,5,6,83.33
John Irwin,5,6,83.33
Steven Camacho,5,6,83.33
Adam Walters,5,6,83.33
Bryan Bennett,5,6,83.33
Jill Allen,5,6,83.33
Joseph Bernard,5,6,83.33
Stephen Freeman,5,6,83.33
Tyler Freeman,5,6,83.33
Jason Hoover,5,6,83.33
Daniel Salazar,5,6,83.33
Joseph Wilcox,5,6,83.33
Jeffrey Thompson,30,36,83.33
Troy Lewis,5,6,83.33
Valerie Wilson,10,12,83.33
Paul Stone,5,6,83.33
Allen Lopez,5,6,83.33
Courtney Reed,5,6,83.33
William Carlson,10,12,83.33
Jordan Boyd,5,6,83.33
Shirley Davis,5,6,83.33
Kelly Craig,5,6,83.33
Rebecca Douglas,5,6,83.33
Amy Greene,5,6,83.33
Hannah Mann,5,6,83.33
Cynthia Little,5,6,83.33
Alan Thompson,5,6,83.33
Douglas Young,5,6,83.33
Jennifer Navarro,5,6,83.33
Linda Pearson,5,6,83.33
Richard Espinoza,5,6,83.33
Teresa Murphy,5,6,83.33
Joseph Bond,5,6,83.33
Brittney Cruz,5,6,83.33
Adam Wood,5,6,83.33
Justin Strickland,5,6,83.33
Donald Hayes,5,6,83.33
Elizabeth Gross,5,6,83.33
David Moody,10,12,83.33
Ryan Lindsey,5,6,83.33
Suzanne Walker,5,6,83.33
James Hurley,5,6,83.33
Karen Fields,5,6,83.33
Patrick Mccarthy,5,6,83.33
Craig King,5,6,83.33
Leslie Bennett,5,6,83.33
Todd Ward,5,6,83.33
Eric Jensen,5,6,83.33
Carol Baker,5,6,83.33
Shannon Stevens,5,6,83.33
Stephanie Sherman,5,6,83.33
Timothy Johnston,5,6,83.33
James Compton,5,6,83.33
Teresa Chavez,5,6,83.33
Joshua Buchanan,5,6,83.33
Daniel Hess,5,6,83.33
Donald Gray,5,6,83.33
Victoria Fox,5,6,83.33
Diana Foster,5,6,83.33
Ashley Goodwin,5,6,83.33
Derek Mitchell,5,6,83.33
Amanda Rivera,10,12,83.33
Debra King,5,6,83.33
Julia Moore,10,12,83.33
Michelle Watkins,5,6,83.33
Kathryn Mack,5,6,83.33
Taylor Martin,15,18,83.33
Cynthia Guzman,5,6,83.33
Gerald Hernandez,5,6,83.33
Christina Moreno,5,6,83.33
James Rollins,5,6,83.33
James Chandler,10,12,83.33
Brian Armstrong,5,6,83.33
Elizabeth Mcgee,5,6,83.33
Rachael Wilson,5,6,83.33
Jill Brooks,5,6,83.33
Deborah Sandoval,5,6,83.33
Kristen Wood,5,6,83.33
Joseph Doyle,5,6,83.33
Scott Garza,5,6,83.33
Sean Patterson,5,6,83.33
Austin King,5,6,83.33
Allison Hunter,5,6,83.33
Miranda Evans,5,6,83.33
Billy Robinson,5,6,83.33
Lisa Rush,5,6,83.33
Laurie Perez,5,6,83.33
Emily Rodgers,5,6,83.33
Ricardo Miller,5,6,83.33
Thomas Mckenzie,5,6,83.33
Ellen Jones,5,6,83.33
James Parrish,5,6,83.33
Joshua Logan,5,6,83.33
Andrea Stevens,5,6,83.33
Christopher Mcintosh,5,6,83.33
Alan Bailey,5,6,83.33
Kelly Diaz,5,6,83.33
Nathan Ellis,5,6,83.33
Ryan Suarez,5,6,83.33
Scott Townsend,5,6,83.33
Donna Thomas,10,12,83.33
Anthony Goodwin,5,6,83.33
Michelle Dyer,5,6,83.33
Mark Richards,5,6,83.33
David Chase,5,6,83.33
Michelle Gonzales,15,18,83.33
William Molina,5,6,83.33
Nathan Patterson,5,6,83.33
Brittany Foster,5,6,83.33
Laura Mendoza,5,6,83.33
Kevin Cantrell,5,6,83.33
Lori Black,5,6,83.33
April Torres,5,6,83.33
Kelly Soto,5,6,83.33
Wesley White,5,6,83.33
Donna Baker,10,12,83.33
Richard Parks,5,6,83.33
Greg Jones,5,6,83.33
Michelle Brewer,5,6,83.33
Christina Bell,5,6,83.33
Amanda Higgins,5,6,83.33
Scott Herrera,5,6,83.33
Tracy Reed,5,6,83.33
Melissa Mclaughlin,5,6,83.33
Amanda Villarreal,5,6,83.33
Johnny Bell,5,6,83.33
Amanda Soto,5,6,83.33
Ryan Reese,5,6,83.33
Amanda Cummings,5,6,83.33
Chelsea Wilson,10,12,83.33
Rachel Knight,5,6,83.33
Shelby Thomas,5,6,83.33
Arthur White,5,6,83.33
William Mullins,5,6,83.33
Brooke Williams,10,12,83.33
Paul Pugh,5,6,83.33
Joshua Short,5,6,83.33
Angela Contreras,5,6,83.33
Rebecca Pitts,5,6,83.33
Anita Brown,10,12,83.33
Thomas Morris,15,18,83.33
Justin Wood,5,6,83.33
Francisco Davis,5,6,83.33
Jack Wright,5,6,83.33
Nicholas Freeman,5,6,83.33
Raymond Walker,5,6,83.33
Angel King,5,6,83.33
Rodney Davis,10,12,83.33
Kayla Roberts,5,6,83.33
Brandon Simon,5,6,83.33
Melissa Blair,5,6,83.33
Karen Ibarra,5,6,83.33
Desiree Johnson,5,6,83.33
David Rice,10,12,83.33
Douglas Harris,10,12,83.33
Joshua Singh,5,6,83.33
Cynthia Bennett,5,6,83.33
Stephanie Ruiz,5,6,83.33
Michael Blevins,5,6,83.33
Francisco Hill,5,6,83.33
Sarah Hancock,5,6,83.33
Paul Cole,5,6,83.33
Chelsea Chapman,5,6,83.33
Heather Nichols,5,6,83.33
Lindsay Baker,5,6,83.33
Jessica Lowe,5,6,83.33
Diana Campbell,5,6,83.33
Brittany Morales,5,6,83.33
John Boyd,20,24,83.33
Mr. Michael Smith,5,6,83.33
Eileen Jones,5,6,83.33
Jose Murphy,5,6,83.33
Kaitlyn Jackson,5,6,83.33
April Howard,5,6,83.33
Taylor Juarez,5,6,83.33
Mark Collier,5,6,83.33
Adam Schwartz,5,6,83.33
Terry Morales,5,6,83.33
Richard Pitts,5,6,83.33
Amy Cummings,5,6,83.33
Anthony Lara,5,6,83.33
Robert Gates,5,6,83.33
Daniel Mosley,5,6,83.33
Michele Jenkins,5,6,83.33
James Mays,5,6,83.33
Margaret Rodriguez,10,12,83.33
Sydney Davis,5,6,83.33
Alexander Beck,5,6,83.33
Patrick Short,5,6,83.33
Kimberly Reed,15,18,83.33
Justin Fuller,5,6,83.33
Victoria Scott,15,18,83.33
Renee Evans,5,6,83.33
Daniel Chandler,5,6,83.33
Veronica Rivera,5,6,83.33
Anna Cobb,5,6,83.33
Angela Schmidt,5,6,83.33
Cory Martin,5,6,83.33
Allen White,5,6,83.33
John Hoover,5,6,83.33
Mark Lane,5,6,83.33
Louis Garcia,5,6,83.33
Charles Larson,5,6,83.33
Daniel Brewer,5,6,83.33
Matthew Tate,5,6,83.33
Rebecca Patel,5,6,83.33
Stephanie Delgado,10,12,83.33
Kevin Cunningham,10,12,83.33
Diane Morgan,5,6,83.33
Kayla Bradley,5,6,83.33
Andrew Robbins,5,6,83.33
Patrick Jensen,5,6,83.33
Andrew Wells,10,12,83.33
Mary Mays,5,6,83.33
Kimberly Hardy,5,6,83.33
Donna Guerrero,5,6,83.33
Cathy Moore,5,6,83.33
Rebecca Knight,5,6,83.33
Emily Parrish,5,6,83.33
James Stevenson,5,6,83.33
Patricia Bryant,5,6,83.33
Jasmine Sanchez,5,6,83.33
Brittany Zimmerman,5,6,83.33
Cynthia Turner,5,6,83.33
Denise Sullivan,5,6,83.33
Tina Ortiz,5,6,83.33
Brittney White,5,6,83.33
Christopher Murillo,5,6,83.33
Benjamin Hayes,5,6,83.33
Carrie Robbins,5,6,83.33
Kyle Gordon,5,6,83.33
Jordan Hughes,5,6,83.33
David Rivers,5,6,83.33
Steven Russo,5,6,83.33
Michele Evans,10,12,83.33
Aimee Johnson,5,6,83.33
Joshua Day,5,6,83.33
Kenneth Carroll,5,6,83.33
Kimberly Kidd,5,6,83.33
Joshua Willis,5,6,83.33
Ronald Perry,5,6,83.33
Susan Barker,5,6,83.33
Dennis Hill,5,6,83.33
Steve Cooper,5,6,83.33
Taylor Garza,5,6,83.33
Blake Walker,5,6,83.33
Frank Perez,5,6,83.33
Stephanie Mcdaniel,5,6,83.33
Donald Fernandez,5,6,83.33
Matthew Carter,20,24,83.33
Jonathan Mills,5,6,83.33
Maria Russell,5,6,83.33
Brian Roberts,20,24,83.33
Anthony Montes,5,6,83.33
Angela Gallagher,5,6,83.33
Nicole Ballard,5,6,83.33
Kyle Burton,5,6,83.33
Jeffrey Fernandez,5,6,83.33
Christina Bowers,5,6,83.33
Diane Parker,5,6,83.33
Alicia Martinez,10,12,83.33
Amber Herrera,5,6,83.33
Heather West,5,6,83.33
Amy Conner,5,6,83.33
Denise Lewis,10,12,83.33
Rachel Harvey,5,6,83.33
Daniel Buckley,5,6,83.33
Joan Garcia,5,6,83.33
Allison Torres,5,6,83.33
Patrick Harrison,5,6,83.33
Caleb Anderson,5,6,83.33
Sandra Howard,5,6,83.33
Courtney Anderson,20,24,83.33
Jonathan Walters,5,6,83.33
Emily Hanson,5,6,83.33
James Cole,15,18,83.33
Joshua Daniels,5,6,83.33
Stephanie Juarez,5,6,83.33
Christina Potter,5,6,83.33
Rebecca French,5,6,83.33
Kenneth Gray,5,6,83.33
Matthew Kaufman,5,6,83.33
Jacqueline Kennedy,5,6,83.33
George Collins,5,6,83.33
Natalie Sanchez,5,6,83.33
Tammy Reynolds,5,6,83.33
Sierra Martin,5,6,83.33
Anthony Ellis,15,18,83.33
Paul Tate,5,6,83.33
Brandy Watson,5,6,83.33
Jessica Simpson,5,6,83.33
Julia Chambers,5,6,83.33
Justin Rivera,20,24,83.33
Katherine Castillo,5,6,83.33
Lauren Mendoza,5,6,83.33
Jamie Hill,10,12,83.33
Danielle Knight,5,6,83.33
Carol Scott,5,6,83.33
Alexander Hayes,5,6,83.33
Douglas Turner,5,6,83.33
Andrew Johnston,5,6,83.33
Angela Hoffman,5,6,83.33
Jordan Graham,5,6,83.33
Kimberly Cortez,5,6,83.33
Mark Elliott,10,12,83.33
Joshua Williamson,5,6,83.33
Valerie Cole,5,6,83.33
Cynthia Reyes,5,6,83.33
Melanie Cox,5,6,83.33
Jessica Camacho,5,6,83.33
Cheryl Lee,5,6,83.33
Eric Crawford,5,6,83.33
Kevin Forbes,5,6,83.33
Jenna Fernandez,5,6,83.33
Timothy Wilcox,5,6,83.33
Kathleen Brewer,5,6,83.33
William Schaefer,5,6,83.33
Angela Lane,5,6,83.33
Joseph Baxter,5,6,83.33
Emma Miller,5,6,83.33
Cody Gomez,5,6,83.33
Robert Nash,5,6,83.33
Sarah Walton,5,6,83.33
Linda Hunter,5,6,83.33
Samantha Simon,5,6,83.33
Lisa Blackburn,5,6,83.33
Louis Edwards,5,6,83.33
Timothy Vasquez,5,6,83.33
Teresa Day,5,6,83.33
Casey Robinson,5,6,83.33
Barbara Rivera,5,6,83.33
Jonathan Vega,5,6,83.33
David Pennington,5,6,83.33
Matthew Townsend,5,6,83.33
Linda Hunt,5,6,83.33
Steven Russell,10,12,83.33
Angel Green,5,6,83.33
Christopher May,10,12,83.33
Richard Franklin,5,6,83.33
Austin Perez,5,6,83.33
Kyle Mccormick,5,6,83.33
Philip Lopez,5,6,83.33
Michelle Terry,5,6,83.33
Samuel Richards,5,6,83.33
Robert Barry,5,6,83.33
Michelle Marsh,5,6,83.33
Brandon Duran,5,6,83.33
Melissa Foley,5,6,83.33
Alexander Cook,5,6,83.33
Holly King,5,6,83.33
Timothy Ross,10,12,83.33
Jessica Hammond,5,6,83.33
Catherine Myers,5,6,83.33
Derek Thompson,5,6,83.33
Theresa Morris,5,6,83.33
Dana Peterson,5,6,83.33
Katie Hill,5,6,83.33
Betty Hernandez,5,6,83.33
Andrea Sanders,5,6,83.33
Ashley Mccoy,5,6,83.33
Lindsey Taylor,5,6,83.33
Sherri Davis,10,12,83.33
Brandon Stevens,5,6,83.33
Daniel Blackwell,5,6,83.33
Anne Baker,5,6,83.33
Jennifer Coffey,5,6,83.33
Charles Kelley,5,6,83.33
Andrew Brock,5,6,83.33
Jeffrey Larson,5,6,83.33
Patricia Weber,5,6,83.33
Brandon Pearson,5,6,83.33
April Dixon,5,6,83.33
William Foley,5,6,83.33
Rebecca Simmons,5,6,83.33
Brianna Ellis,5,6,83.33
Brittany Wolfe,5,6,83.33
Keith Rivera,5,6,83.33
Jose Richardson,5,6,83.33
Jonathan French,5,6,83.33
Kimberly Floyd,5,6,83.33
Scott Ruiz,5,6,83.33
Sandra Moreno,5,6,83.33
Timothy Watkins,5,6,83.33
Shannon Brady,5,6,83.33
Danielle Rogers,5,6,83.33
Nicole Lynch,5,6,83.33
Michael Ho,5,6,83.33
Travis Peterson,5,6,83.33
Paul Patterson,5,6,83.33
Erica Thomas,5,6,83.33
Justin Mcdaniel,5,6,83.33
Christopher Escobar,5,6,83.33
Dana Rogers,5,6,83.33
Jared Gonzalez,5,6,83.33
Devin Brown,10,12,83.33
Jessica Potter,5,6,83.33
Gina Anderson,5,6,83.33
April Schmidt,5,6,83.33
Victoria Gordon,5,6,83.33
Ronald Wright,5,6,83.33
Kristen Aguilar,5,6,83.33
Lisa Duncan,5,6,83.33
Lisa Villarreal,5,6,83.33
Taylor Morgan,10,12,83.33
Cathy Wilson,5,6,83.33
Sarah Dawson,5,6,83.33
Stephanie Lane,5,6,83.33
Michael Dunlap,5,6,83.33
Beth Lee,5,6,83.33
Wayne Gonzalez,5,6,83.33
Samuel Griffin,5,6,83.33
Craig Phillips,5,6,83.33
Mary Caldwell,5,6,83.33
Brian Mercado,5,6,83.33
Lisa Holder,5,6,83.33
Julia Garcia,15,18,83.33
Brianna Kelly,5,6,83.33
Susan Sims,5,6,83.33
Jonathan Webb,5,6,83.33
Brad Wilson,5,6,83.33
Jacob Harper,5,6,83.33
Jennifer Waller,5,6,83.33
Daniel Hammond,5,6,83.33
Angela Griffith,5,6,83.33
Curtis Young,5,6,83.33
Danielle Ford,5,6,83.33
Susan Massey,5,6,83.33
Amy Collier,5,6,83.33
Melissa Frazier,5,6,83.33
Lisa Reid,5,6,83.33
Jack Gonzalez,5,6,83.33
Traci Hernandez,5,6,83.33
Lisa Norman,5,6,83.33
Tiffany Kim,5,6,83.33
Krista Thomas,5,6,83.33
Teresa Snyder,5,6,83.33
Karen Ballard,5,6,83.33
Christopher Rhodes,5,6,83.33
Dylan Walker,5,6,83.33
Justin Richardson,10,12,83.33
Justin Hoffman,5,6,83.33
Stephen Price,5,6,83.33
Danielle Kennedy,5,6,83.33
Danielle Marshall,5,6,83.33
Frank Adams,5,6,83.33
Tina White,10,12,83.33
Tracy George,5,6,83.33
Gary Erickson,5,6,83.33
Julie Perkins,5,6,83.33
Ronald Mack,5,6,83.33
Michelle Hart,5,6,83.33
Melissa Miles,5,6,83.33
William Hoffman,5,6,83.33
Joshua Hansen,5,6,83.33
Charles Drake,5,6,83.33
Kelly Morales,5,6,83.33
Diana Vasquez,5,6,83.33
Jason Jacobs,5,6,83.33
Ashley Abbott,5,6,83.33
Jonathon Davis,5,6,83.33
Andrew Mills,5,6,83.33
Brandon Jensen,5,6,83.33
Ashley Ramsey,5,6,83.33
Timothy Booth,5,6,83.33
Mark Harper,5,6,83.33
Dustin Lopez,5,6,83.33
Angela Morrison,5,6,83.33
Jasmine Flores,5,6,83.33
Mary Little,5,6,83.33
Andre Garcia,5,6,83.33
Holly Carr,5,6,83.33
Nicholas Brooks,10,12,83.33
Kelly Skinner,5,6,83.33
Stephanie Webster,5,6,83.33
George Jennings,5,6,83.33
Joyce Harris,5,6,83.33
Jillian Taylor,5,6,83.33
Amber Dixon,5,6,83.33
Rachel Stewart,10,12,83.33
Justin Oneal,5,6,83.33
Megan Gibson,5,6,83.33
Alexander Stephens,5,6,83.33
Christine Scott,5,6,83.33
Keith Parker,5,6,83.33
Kevin Skinner,5,6,83.33
Christopher Herman,5,6,83.33
Jessica Robbins,5,6,83.33
Christian Lambert,5,6,83.33
Christopher Anthony,5,6,83.33
David Huffman,5,6,83.33
Jason Pearson,5,6,83.33
Richard Kramer,5,6,83.33
Susan Chandler,5,6,83.33
Diana Palmer,5,6,83.33
Valerie Murphy,5,6,83.33
Crystal West,5,6,83.33
Scott Holmes,5,6,83.33
Richard Gregory,5,6,83.33
Dustin Sanchez,5,6,83.33
Natalie Flores,5,6,83.33
Jose Nelson,10,12,83.33
Kimberly Wilkerson,5,6,83.33
Angel Simmons,5,6,83.33
Sharon Burns,5,6,83.33
Stacy Bailey,5,6,83.33
Ryan Tran,5,6,83.33
Yolanda Perez,5,6,83.33
Kyle Jacobs,5,6,83.33
Jacob Ortiz,5,6,83.33
John Simon,5,6,83.33
Victoria Dean,5,6,83.33
Robin Peterson,5,6,83.33
Gabriel Coleman,5,6,83.33
Phillip Baker,5,6,83.33
Erin Sullivan,5,6,83.33
Patricia Neal,5,6,83.33
Anthony Cook,15,18,83.33
Brooke Allen,5,6,83.33
Mary Nixon,5,6,83.33
Melanie Tran,5,6,83.33
Caitlyn Smith,5,6,83.33
Jason Contreras,5,6,83.33
Eric Marshall,10,12,83.33
Mary Strickland,5,6,83.33
Sandra Bailey,10,12,83.33
Theresa Turner,5,6,83.33
Nicole Ball,5,6,83.33
Christopher Doyle,5,6,83.33
Yvonne Brown,5,6,83.33
Jeffrey Barnett,5,6,83.33
Rachel Powers,5,6,83.33
Kyle Long,5,6,83.33
Danielle Manning,5,6,83.33
David Villa,5,6,83.33
Karen Riley,5,6,83.33
Paul Nguyen,5,6,83.33
Tracey Green,5,6,83.33
Tina Reid,5,6,83.33
Courtney Mason,5,6,83.33
Steven Montgomery,5,6,83.33
Dana Washington,5,6,83.33
Laura Macdonald,5,6,83.33
Joseph Charles,5,6,83.33
Jacob Barnes,5,6,83.33
Daniel Schroeder,5,6,83.33
Mary Cameron,5,6,83.33
Rebecca Maldonado,5,6,83.33
Michael Hester,5,6,83.33
Christine Hunt,5,6,83.33
Denise Cook,5,6,83.33
James Macdonald,5,6,83.33
Aaron Wood,5,6,83.33
Jamie Carlson,5,6,83.33
Robin Cooper,5,6,83.33
Kristin Coleman,5,6,83.33
Charles Klein,5,6,83.33
Brandon Jacobs,5,6,83.33
Cynthia Farmer,5,6,83.33
Edward Howard,5,6,83.33
Chad Bailey,5,6,83.33
Jessica Lambert,10,12,83.33
Terry Wright,5,6,83.33
Paul Mendez,5,6,83.33
Anna Ward,5,6,83.33
William Lutz,5,6,83.33
Wendy Murphy,5,6,83.33
Randy Richardson,5,6,83.33
Charles Yoder,5,6,83.33
Amy Valenzuela,5,6,83.33
David Benitez,5,6,83.33
Lori Patterson,5,6,83.33
Nicole Pittman,5,6,83.33
Joseph Casey,5,6,83.33
Dustin Clark,10,12,83.33
Benjamin Fox,5,6,83.33
Sarah Watts,5,6,83.33
Margaret Torres,5,6,83.33
Gary Green,5,6,83.33
Douglas Hernandez,10,12,83.33
Elizabeth Yang,5,6,83.33
Kimberly Montgomery,5,6,83.33
Hannah Nelson,5,6,83.33
Regina Allen,5,6,83.33
Kathleen Peterson,5,6,83.33
Wayne Mcdonald,5,6,83.33
Raymond Sullivan,5,6,83.33
Joyce Rodriguez,5,6,83.33
Amber Tucker,5,6,83.33
Nathan Rose,5,6,83.33
Noah Thomas,5,6,83.33
Mark Garza,5,6,83.33
Brittany Wallace,5,6,83.33
William Russell,10,12,83.33
James Rangel,5,6,83.33
Kevin Lynn,5,6,83.33
John Richard,5,6,83.33
Michael Flowers,5,6,83.33
Brandon Guerrero,5,6,83.33
Dana Harris,5,6,83.33
Michelle Mccormick,5,6,83.33
Cheryl Wood,5,6,83.33
George Lewis,10,12,83.33
Sarah Carpenter,5,6,83.33
Robert Flowers,5,6,83.33
Jessica Mcmillan,5,6,83.33
Monica Duncan,5,6,83.33
Claire Johnson,5,6,83.33
Mark Cochran,5,6,83.33
Aaron Cain,5,6,83.33
Alexander Bryant,5,6,83.33
Heather Daniels,5,6,83.33
Stacey Moore,10,12,83.33
Daniel Johnston,10,12,83.33
Lisa Osborne,5,6,83.33
Nicole Stone,5,6,83.33
Antonio Young,5,6,83.33
James Mcintosh,5,6,83.33
Steven Weber,5,6,83.33
Jose Ruiz,5,6,83.33
Jay Davis,5,6,83.33
Kevin Dalton,5,6,83.33
Jeffrey Nunez,5,6,83.33
Christina Mcdonald,5,6,83.33
Christopher Duke,5,6,83.33
Elizabeth Oconnor,5,6,83.33
Amber Jimenez,5,6,83.33
Jessica Santos,5,6,83.33
Keith Flores,5,6,83.33
Heather Boyd,5,6,83.33
Joshua Gallegos,5,6,83.33
Hunter Smith,5,6,83.33
Matthew Russell,15,18,83.33
Brooke Collins,5,6,83.33
Adam Steele,5,6,83.33
Brian Holt,5,6,83.33
Brittany Jenkins,5,6,83.33
Chad Collins,5,6,83.33
Laura Brewer,5,6,83.33
Jonathan Gomez,10,12,83.33
Bryan Garcia,10,12,83.33
Patrick Evans,10,12,83.33
James Valdez,10,12,83.33
Caroline Wood,5,6,83.33
Troy Wright,5,6,83.33
Shawn Bennett,5,6,83.33
Eric Lyons,5,6,83.33
Kathryn Butler,5,6,83.33
Sarah Goodman,5,6,83.33
Diana Robertson,5,6,83.33
Joshua Vega,5,6,83.33
Cynthia Stone,5,6,83.33
Nicole Valdez,5,6,83.33
John Bowen,10,12,83.33
Amy Ross,10,12,83.33
Tiffany Jenkins,5,6,83.33
Sara Carr,5,6,83.33
Adam Sutton,5,6,83.33
Matthew Mcgee,5,6,83.33
Steven Gilbert,5,6,83.33
Andrew Tucker,5,6,83.33
Tonya Thomas,5,6,83.33
Kimberly Berry,5,6,83.33
Brittany Chandler,5,6,83.33
Hannah Henderson,5,6,83.33
Anthony Francis,5,6,83.33
Michelle Dalton,5,6,83.33
Justin Tucker,5,6,83.33
Brandon Jackson,20,24,83.33
Sarah Herrera,5,6,83.33
Christy Hernandez,5,6,83.33
Chelsea Cole,5,6,83.33
Rebecca Lawson,5,6,83.33
Angelica Jones,5,6,83.33
Jennifer Jefferson,5,6,83.33
Mark Carroll,5,6,83.33
Juan Green,5,6,83.33
Andrea Mills,5,6,83.33
Tiffany Sanders,5,6,83.33
John French,5,6,83.33
Laura Harrington,5,6,83.33
Samantha Owens,5,6,83.33
Gary Hernandez,10,12,83.33
Amanda Trujillo,5,6,83.33
Lawrence Martin,5,6,83.33
Douglas Campbell,5,6,83.33
Alex Nelson,5,6,83.33
Tyler Cruz,5,6,83.33
Jennifer Camacho,5,6,83.33
Rebecca Rowe,5,6,83.33
Linda Andrews,5,6,83.33
Ryan Chan,5,6,83.33
Zachary Tucker,5,6,83.33
Donald Palmer,5,6,83.33
Brenda Stanley,5,6,83.33
Sarah Chang,5,6,83.33
Michelle Luna,5,6,83.33
Kristen Bennett,5,6,83.33
Raymond Cruz,5,6,83.33
Leah Morales,5,6,83.33
Julie Boyd,5,6,83.33
Hannah Morgan,5,6,83.33
Eric Stone,5,6,83.33
Tyler Williamson,5,6,83.33
Samantha James,5,6,83.33
Calvin Smith,10,12,83.33
Barbara Henderson,5,6,83.33
Virginia Lopez,5,6,83.33
Angela Chapman,5,6,83.33
Alexandra Gutierrez,5,6,83.33
Robert Skinner,5,6,83.33
Susan Rojas,5,6,83.33
Ryan Gilbert,5,6,83.33
Victoria Wheeler,5,6,83.33
Brent Hall,5,6,83.33
Kimberly Hodges,5,6,83.33
Laura Barber,5,6,83.33
Deborah Crawford,5,6,83.33
Lisa Compton,5,6,83.33
Pamela Jordan,5,6,83.33
Collin Jones,5,6,83.33
Christian Harris,5,6,83.33
Lisa Williamson,5,6,83.33
Lauren Harrison,5,6,83.33
Dawn Turner,5,6,83.33
Michael Krause,5,6,83.33
Anthony Fields,5,6,83.33
Jason Bishop,5,6,83.33
Sara Fisher,5,6,83.33
David Orozco,5,6,83.33
Raymond West,5,6,83.33
James Vega,10,12,83.33
Phillip Adams,5,6,83.33
Jonathan Sandoval,5,6,83.33
Angela Rojas,5,6,83.33
Sydney Martin,5,6,83.33
Matthew Glover,5,6,83.33
Chelsea Murphy,5,6,83.33
Dennis Howard,5,6,83.33
Mary Moran,5,6,83.33
Timothy Wilkerson,5,6,83.33
Melissa Grant,5,6,83.33
Jacob Williamson,5,6,83.33
Ashley Maddox,5,6,83.33
Julie Armstrong,5,6,83.33
Matthew Day,10,12,83.33
William Kane,5,6,83.33
Jessica Campos,5,6,83.33
Heather Rhodes,5,6,83.33
Matthew Dunn,10,12,83.33
Jean Clark,5,6,83.33
Renee Green,5,6,83.33
Matthew Velez,5,6,83.33
Courtney Clark,10,12,83.33
Larry Edwards,5,6,83.33
Victoria Owens,5,6,83.33
Julie Brooks,5,6,83.33
Jessica Harrington,5,6,83.33
Jared Ramirez,5,6,83.33
Adam Hanson,5,6,83.33
Zachary Edwards,5,6,83.33
Charles Munoz,5,6,83.33
Michelle Burnett,5,6,83.33
Lawrence Ward,5,6,83.33
Hunter Wilson,5,6,83.33
Elizabeth Carson,5,6,83.33
Megan Spencer,5,6,83.33
Kimberly Tran,5,6,83.33
Patrick Gonzalez,20,24,83.33
Sandra Lane,5,6,83.33
Matthew Bruce,5,6,83.33
Justin Schultz,5,6,83.33
Sandra Jordan,5,6,83.33
Makayla Johnson,5,6,83.33
Steven Hodges,5,6,83.33
Zachary Higgins,5,6,83.33
Paul Ford,5,6,83.33
Eric Avila,5,6,83.33
Rebecca Mills,5,6,83.33
Brooke Davis,10,12,83.33
Kara Anderson,5,6,83.33
Margaret Simpson,5,6,83.33
Joel Davis,10,12,83.33
Craig Rodriguez,5,6,83.33
Thomas Newton,5,6,83.33
Laura Barrett,5,6,83.33
Brianna Rice,5,6,83.33
Robert Hartman,5,6,83.33
Adam Fisher,5,6,83.33
Michael Roach,5,6,83.33
Lisa Yates,5,6,83.33
Keith Sims,5,6,83.33
Jason Schroeder,5,6,83.33
Molly Clark,5,6,83.33
Peter Collins,5,6,83.33
Christina Gray,5,6,83.33
Allison Moore,10,12,83.33
Emily Owens,5,6,83.33
Russell Martin,5,6,83.33
Mary Marquez,5,6,83.33
Janice Lopez,5,6,83.33
Scott Lambert,5,6,83.33
Leslie Russell,5,6,83.33
Susan Byrd,5,6,83.33
Ryan Hopkins,5,6,83.33
Christian Evans,5,6,83.33
Robert Schaefer,5,6,83.33
Paul Hamilton,5,6,83.33
Lisa Sherman,5,6,83.33
James Branch,5,6,83.33
Stephanie Norman,5,6,83.33
Kimberly Curtis,5,6,83.33
Katherine Torres,10,12,83.33
Karen Guzman,5,6,83.33
Brittany Richards,5,6,83.33
Daniel Mcbride,5,6,83.33
Katie Nelson,5,6,83.33
Susan Yang,5,6,83.33
Timothy Juarez,5,6,83.33
Adam Clark,15,18,83.33
Brittany Wheeler,5,6,83.33
Lisa Beck,10,12,83.33
Dana Perez,5,6,83.33
Vanessa Patel,5,6,83.33
Philip Martin,10,12,83.33
Brandon Boyd,5,6,83.33
Anthony Gutierrez,15,18,83.33
John Henry,10,12,83.33
Danielle Wallace,5,6,83.33
Alexis Vasquez,5,6,83.33
Jeffrey Haynes,5,6,83.33
Christina Elliott,5,6,83.33
Randy Walker,5,6,83.33
Joel King,5,6,83.33
Rachel Taylor,20,24,83.33
Kelly Burnett,5,6,83.33
Raymond Stewart,5,6,83.33
Donald Beck,5,6,83.33
Steven Wheeler,5,6,83.33
Christine Ford,5,6,83.33
Christopher Bridges,5,6,83.33
Kayla Jimenez,5,6,83.33
Ryan Jensen,5,6,83.33
Andrew Park,5,6,83.33
Scott Wu,5,6,83.33
Stacy Foster,5,6,83.33
Tonya Rodriguez,5,6,83.33
Melanie Patterson,5,6,83.33
Mary Bradley,10,12,83.33
Jose Cooper,5,6,83.33
Tyler Perry,5,6,83.33
Katie Gomez,5,6,83.33
Deborah Long,5,6,83.33
Lindsay Davis,5,6,83.33
Jacob Cruz,5,6,83.33
Daniel Colon,5,6,83.33
Aaron Holmes,5,6,83.33
Paul Richards,5,6,83.33
Mary Mclaughlin,5,6,83.33
Stephanie Cole,10,12,83.33
Mary Valdez,5,6,83.33
Maria Powell,5,6,83.33
Amanda Leblanc,5,6,83.33
Brian Bass,5,6,83.33
William Snyder,5,6,83.33
Joseph Shaw,10,12,83.33
Juan Edwards,5,6,83.33
Christina Jimenez,5,6,83.33
Sarah Mccarthy,5,6,83.33
Timothy Calderon,5,6,83.33
Gregory Simpson,5,6,83.33
Katherine Obrien,5,6,83.33
Edward Hart,5,6,83.33
Leonard Stewart,5,6,83.33
Brandi Torres,5,6,83.33
Cynthia Hayes,5,6,83.33
Teresa Ramos,5,6,83.33
Gregory Pierce,5,6,83.33
Michael Odonnell,5,6,83.33
Jennifer Hahn,5,6,83.33
Larry Taylor,5,6,83.33
Cheryl Alvarez,5,6,83.33
Eric Holt,5,6,83.33
Megan Stephens,5,6,83.33
Brett Myers,5,6,83.33
Carrie Green,5,6,83.33
Kevin Cortez,5,6,83.33
Paula Nguyen,5,6,83.33
Cynthia Lawrence,5,6,83.33
Laura Chen,5,6,83.33
Kevin Nguyen,25,30,83.33
Nicholas Rose,5,6,83.33
Susan Graham,5,6,83.33
Lynn Walker,5,6,83.33
Roger Williams,5,6,83.33
Jared Cox,5,6,83.33
Christopher Joseph,5,6,83.33
Patrick Burns,5,6,83.33
Joseph Ayala,5,6,83.33
Kathleen Barnes,5,6,83.33
Elizabeth Powers,10,12,83.33
Charles Stephens,5,6,83.33
Scott Porter,5,6,83.33
Julie Pitts,5,6,83.33
Courtney Murray,5,6,83.33
Thomas Chambers,5,6,83.33
Trevor Robinson,5,6,83.33
Erin Meyer,5,6,83.33
Megan Peters,5,6,83.33
Michele Simpson,5,6,83.33
Michelle Kerr,5,6,83.33
Jaime Garcia,5,6,83.33
Mike Williams,5,6,83.33
Scott Lucas,5,6,83.33
Diana Walker,5,6,83.33
Aaron Lawrence,5,6,83.33
Karen Jensen,5,6,83.33
Mary Frost,5,6,83.33
Cynthia Riley,5,6,83.33
Kurt Wilson,5,6,83.33
Roberto Martin,5,6,83.33
Patricia Cook,10,12,83.33
William Romero,15,18,83.33
Cynthia Dixon,5,6,83.33
Stacy Weaver,5,6,83.33
Linda Burns,5,6,83.33
Robin Clark,10,12,83.33
Erika Lopez,5,6,83.33
Aaron Barnes,5,6,83.33
Lori Dixon,5,6,83.33
Brittany Reynolds,5,6,83.33
Jessica Decker,5,6,83.33
Kenneth Jacobs,5,6,83.33
Mark Proctor,5,6,83.33
Travis Hall,5,6,83.33
John Hodge,10,12,83.33
Marcus Bennett,5,6,83.33
Gina Jones,15,18,83.33
Jason Lane,10,12,83.33
Lynn Lewis,5,6,83.33
Kayla Medina,5,6,83.33
Dennis Pierce,5,6,83.33
William Wong,5,6,83.33
April Adams,5,6,83.33
Jonathan Peters,5,6,83.33
Matthew Mathews,5,6,83.33
Kenneth Leblanc,5,6,83.33
Victoria Ward,5,6,83.33
Melissa Galloway,5,6,83.33
Lori Perry,5,6,83.33
Christopher Dudley,5,6,83.33
Joseph Hutchinson,5,6,83.33
Thomas Benson,5,6,83.33
Trevor Hernandez,5,6,83.33
Denise Simmons,5,6,83.33
Kimberly Todd,5,6,83.33
Cheryl Myers,5,6,83.33
Nicholas Harvey,5,6,83.33
Joshua Dunn,5,6,83.33
Maria Lane,5,6,83.33
Kathleen Morrison,5,6,83.33
David Davenport,5,6,83.33
Karen Rowe,5,6,83.33
Taylor Matthews,5,6,83.33
Kelly Cantrell,5,6,83.33
Kevin Soto,5,6,83.33
Samantha Gardner,5,6,83.33
Steve Lopez,5,6,83.33
Carolyn Johnson,15,18,83.33
Aaron Kennedy,5,6,83.33
Ryan Stone,5,6,83.33
Michael Madden,5,6,83.33
Marissa Lopez,5,6,83.33
Adam Simmons,5,6,83.33
Evan Wilson,5,6,83.33
Mary Small,5,6,83.33
Megan Griffin,5,6,83.33
Brandi Taylor,5,6,83.33
Lisa Miranda,5,6,83.33
Shane Rodriguez,5,6,83.33
Jennifer Monroe,10,12,83.33
Tammy Willis,5,6,83.33
Cameron Allen,5,6,83.33
Calvin Martinez,5,6,83.33
Wesley Thomas,5,6,83.33
Lawrence Gonzalez,5,6,83.33
James Gibbs,5,6,83.33
Jacob Gregory,5,6,83.33
Steven Lyons,5,6,83.33
Sharon Washington,5,6,83.33
Stephanie Dawson,5,6,83.33
Maria Ellis,5,6,83.33
Scott Shaw,5,6,83.33
Eric Joyce,5,6,83.33
Peter Howard,5,6,83.33
Donald Erickson,5,6,83.33
Thomas Bonilla,5,6,83.33
Bryan Henry,5,6,83.33
Lisa Chandler,5,6,83.33
Luke Lee,5,6,83.33
Richard Arellano,5,6,83.33
Patricia Hunt,5,6,83.33
Richard Willis,5,6,83.33
Terry Reed,5,6,83.33
Megan Ross,5,6,83.33
Joseph Tyler,5,6,83.33
Steven Patterson,10,12,83.33
Nicholas Snyder,5,6,83.33
Daniel Steele,5,6,83.33
William Harrington,5,6,83.33
James Mosley,5,6,83.33
Victoria Kelley,5,6,83.33
Todd Henderson,5,6,83.33
Rachel Barrett,5,6,83.33
Jacqueline Gomez,5,6,83.33
Erika Jackson,5,6,83.33
Scott Walton,5,6,83.33
Joseph Berg,5,6,83.33
Paula Foster,5,6,83.33
Joshua Moran,5,6,83.33
Samuel Marshall,5,6,83.33
Christopher Watts,5,6,83.33
Amy Knight,5,6,83.33
Patrick Romero,5,6,83.33
Jason Patel,10,12,83.33
Deborah Rodriguez,15,18,83.33
Scott Fuller,5,6,83.33
Jessica Brewer,5,6,83.33
Bonnie Lopez,5,6,83.33
Jose Morales,5,6,83.33
Linda Santos,5,6,83.33
Renee Anderson,10,12,83.33
Aaron Cunningham,5,6,83.33
David Contreras,10,12,83.33
David Massey,5,6,83.33
Brianna Young,5,6,83.33
Tina Bryant,5,6,83.33
Regina Lee,5,6,83.33
Brett Allen,5,6,83.33
Jennifer Houston,5,6,83.33
Steven Anthony,5,6,83.33
Shane Lee,5,6,83.33
Jessica Armstrong,10,12,83.33
Russell Miller,10,12,83.33
Monica Martin,10,12,83.33
Olivia Thomas,5,6,83.33
Gary Graham,5,6,83.33
Brittany Delgado,5,6,83.33
Ronald Love,5,6,83.33
Kyle Jennings,5,6,83.33
Lindsey Clark,5,6,83.33
Elizabeth Lyons,5,6,83.33
James Richmond,5,6,83.33
Theresa Castillo,5,6,83.33
Vanessa Duncan,5,6,83.33
Teresa Graves,5,6,83.33
Luis Hayes,5,6,83.33
Barbara Coleman,5,6,83.33
Larry Nguyen,5,6,83.33
Steven Mcmahon,5,6,83.33
Chelsea Rivera,5,6,83.33
Justin Carey,5,6,83.33
Alexis Adams,5,6,83.33
Jennifer Hopkins,15,18,83.33
Jessica Sherman,5,6,83.33
Christina Turner,10,12,83.33
Stacy Sanders,5,6,83.33
Kenneth Porter,5,6,83.33
Marie Davis,5,6,83.33
Phillip Martin,10,12,83.33
Mary Dean,5,6,83.33
Matthew Zimmerman,5,6,83.33
Elizabeth Copeland,5,6,83.33
Christopher Briggs,5,6,83.33
Michele Kelly,5,6,83.33
Ashley Mccarthy,5,6,83.33
Brett Rogers,5,6,83.33
Heather Woods,10,12,83.33
Jared Davis,5,6,83.33
Thomas Soto,5,6,83.33
Joseph Gardner,10,12,83.33
Emily Park,5,6,83.33
Denise Roberts,5,6,83.33
Christina Stone,5,6,83.33
Jacqueline Lawrence,5,6,83.33
Kevin Ross,15,18,83.33
Angela Love,5,6,83.33
Crystal Hughes,5,6,83.33
Tammy Hill,10,12,83.33
Edward Arnold,5,6,83.33
Emily Walters,5,6,83.33
Curtis Brown,10,12,83.33
Thomas Sanchez,15,18,83.33
William Miles,5,6,83.33
Alison Jackson,5,6,83.33
Samantha Bennett,10,12,83.33
Kristin Diaz,5,6,83.33
Zachary Reynolds,5,6,83.33
Julie Cooper,5,6,83.33
Kenneth Miles,5,6,83.33
Daniel Rios,5,6,83.33
Jesse Simmons,5,6,83.33
Denise Hughes,5,6,83.33
Shelley Jones,5,6,83.33
Kathy Hughes,5,6,83.33
Gerald Harris,5,6,83.33
Brad Garcia,5,6,83.33
Samantha Lawson,5,6,83.33
Kelly French,5,6,83.33
Julie Ross,5,6,83.33
Janet Collins,5,6,83.33
Deborah Collins,5,6,83.33
Janice Perez,5,6,83.33
Ashley Cruz,15,18,83.33
Susan Weaver,5,6,83.33
Erin Stewart,10,12,83.33
Andrea Kelly,5,6,83.33
Catherine Morgan,5,6,83.33
Alan Flores,5,6,83.33
Tracy Butler,5,6,83.33
Zachary Castro,5,6,83.33
Daniel Park,5,6,83.33
Valerie Stevens,5,6,83.33
Melissa Bartlett,5,6,83.33
Justin Harrison,10,12,83.33
April Richards,5,6,83.33
Brian Mullins,5,6,83.33
John Frederick,5,6,83.33
Shane Wilson,10,12,83.33
Lori Reyes,5,6,83.33
Scott Floyd,5,6,83.33
Aaron Patterson,5,6,83.33
Jose Morgan,5,6,83.33
Patrick Bailey,5,6,83.33
Andrew Moss,5,6,83.33
Vanessa Kim,5,6,83.33
Victor Roberts,5,6,83.33
Mike White,5,6,83.33
Emily Hansen,5,6,83.33
Stephanie Cunningham,5,6,83.33
Andrea Schmidt,5,6,83.33
Melissa Wallace,15,18,83.33
Stanley Miller,5,6,83.33
Timothy Ibarra,5,6,83.33
Laura Fletcher,5,6,83.33
James Noble,5,6,83.33
Heather Gibson,5,6,83.33
Joshua Powers,5,6,83.33
Meredith Hernandez,5,6,83.33
Christina Harper,5,6,83.33
Richard Ramsey,5,6,83.33
Chase Wilson,5,6,83.33
Shane Perez,5,6,83.33
Joseph Guerrero,5,6,83.33
Richard Santana,5,6,83.33
Sandra James,5,6,83.33
Kelly Lang,5,6,83.33
Jennifer Lynn,5,6,83.33
Maria Roman,5,6,83.33
Jennifer Mcmahon,5,6,83.33
Timothy Kennedy,10,12,83.33
Sheila Adams,5,6,83.33
Allen Jackson,5,6,83.33
Wendy Bailey,5,6,83.33
Derrick Jones,10,12,83.33
Larry Roberts,5,6,83.33
Marcus Phillips,5,6,83.33
Kimberly Curry,5,6,83.33
Tammy Morgan,5,6,83.33
Timothy Schneider,5,6,83.33
Benjamin Robertson,5,6,83.33
Theresa Baker,5,6,83.33
Sarah Maxwell,5,6,83.33
Joel Lewis,5,6,83.33
Stephanie Alexander,10,12,83.33
David Golden,5,6,83.33
Kayla Kelley,5,6,83.33
Melissa Brady,5,6,83.33
David Avery,5,6,83.33
Amanda Zimmerman,5,6,83.33
Brenda Graves,5,6,83.33
Jonathan Love,5,6,83.33
Nathan Garcia,15,18,83.33
Melissa Keller,5,6,83.33
Aaron Webster,5,6,83.33
Elizabeth Merritt,5,6,83.33
Anna Wallace,5,6,83.33
Charles Arellano,5,6,83.33
Jennifer Buchanan,5,6,83.33
Jacob Hart,5,6,83.33
Richard Page,5,6,83.33
Monique Rodriguez,5,6,83.33
Linda Owens,5,6,83.33
Brandy Hernandez,5,6,83.33
Melissa Brewer,5,6,83.33
Jennifer Higgins,5,6,83.33
Tammy Ortiz,5,6,83.33
Kelly Wood,10,12,83.33
Adam Oconnor,5,6,83.33
Cynthia Hughes,5,6,83.33
Kevin Boone,5,6,83.33
Brittany Patterson,5,6,83.33
Tina Williams,35,42,83.33
Stephanie Mason,5,6,83.33
Daniel Berger,5,6,83.33
Jennifer Chen,5,6,83.33
Kari Davis,5,6,83.33
Cynthia Robertson,10,12,83.33
Keith Collins,5,6,83.33
Austin Wilson,10,12,83.33
Cindy Butler,5,6,83.33
Michael Cantu,5,6,83.33
Diane Robinson,5,6,83.33
Mark Holland,5,6,83.33
Erin Vega,5,6,83.33
Gloria Smith,10,12,83.33
Kevin Cardenas,5,6,83.33
John Flowers,5,6,83.33
Derrick Wright,5,6,83.33
Michele Guerrero,5,6,83.33
Nathan Martinez,15,18,83.33
Julia Jenkins,5,6,83.33
Susan Ortega,5,6,83.33
Joshua Parks,5,6,83.33
Brenda Ortiz,5,6,83.33
Brian Wheeler,5,6,83.33
Christopher Ferrell,5,6,83.33
Valerie Harris,5,6,83.33
Michelle Huff,5,6,83.33
Stephanie Larson,5,6,83.33
Anna Roberts,5,6,83.33
Virginia Walker,5,6,83.33
Danielle Norris,5,6,83.33
Alex Miller,5,6,83.33
William Sherman,5,6,83.33
Scott Holt,5,6,83.33
Barbara Butler,5,6,83.33
Haley Walker,5,6,83.33
Cheryl Cox,5,6,83.33
Christopher Proctor,5,6,83.33
Amy Paul,5,6,83.33
Thomas Day,5,6,83.33
Michelle Patton,5,6,83.33
Trevor White,5,6,83.33
Richard Ballard,5,6,83.33
Erica Brooks,5,6,83.33
Zachary Cook,5,6,83.33
Jeffrey Crawford,5,6,83.33
Melanie Patel,5,6,83.33
Matthew Reed,20,24,83.33
Tanya Scott,5,6,83.33
Michael Sawyer,10,12,83.33
Charles Jenkins,10,12,83.33
David Mcgrath,5,6,83.33
Lori Carson,5,6,83.33
Carol Lawrence,5,6,83.33
Alan Perez,5,6,83.33
Connor Taylor,5,6,83.33
Samuel Turner,10,12,83.33
John Alvarado,5,6,83.33
Scott Eaton,5,6,83.33
Paul Jimenez,5,6,83.33
Richard Goodman,5,6,83.33
Laura Rose,5,6,83.33
Robin Flores,5,6,83.33
Samuel Tran,5,6,83.33
Bryan Collins,5,6,83.33
Kimberly Levine,5,6,83.33
Richard Sullivan,10,12,83.33
Brandon Dixon,5,6,83.33
Phillip Bell,5,6,83.33
Jessica Burnett,5,6,83.33
Christina Woods,5,6,83.33
William Massey,5,6,83.33
Barry Lee,5,6,83.33
Mary Carroll,5,6,83.33
Donald Rivera,5,6,83.33
Pamela Hunt,5,6,83.33
Paul Rose,5,6,83.33
Kelly Aguilar,5,6,83.33
Amanda Buckley,5,6,83.33
Tammy Russell,5,6,83.33
Suzanne Harris,5,6,83.33
Susan Mueller,5,6,83.33
Carolyn Rogers,5,6,83.33
Linda Richardson,5,6,83.33
Emily Norris,5,6,83.33
Tyler Patel,5,6,83.33
Douglas Owens,5,6,83.33
Jose Fitzgerald,5,6,83.33
James Blankenship,5,6,83.33
Kathy Aguilar,5,6,83.33
Jeremy Sanders,5,6,83.33
Tony Alexander,5,6,83.33
Janet Martin,5,6,83.33
Kevin Moran,5,6,83.33
Samantha Poole,5,6,83.33
Anita Clark,5,6,83.33
Steven Zimmerman,5,6,83.33
Michael Shepherd,5,6,83.33
John Marsh,5,6,83.33
James Mathis,5,6,83.33
Stanley Brown,5,6,83.33
James Boyle,5,6,83.33
Ashley Aguirre,5,6,83.33
Julia Stewart,5,6,83.33
Tasha Jones,5,6,83.33
Jerry Fisher,5,6,83.33
Craig Edwards,5,6,83.33
Zachary Peters,5,6,83.33
Benjamin Liu,5,6,83.33
Margaret Flores,5,6,83.33
Justin Rocha,5,6,83.33
Anthony Grant,5,6,83.33
Rachael Bailey,5,6,83.33
Courtney Owens,5,6,83.33
Elizabeth Massey,5,6,83.33
Alexandria Wilson,5,6,83.33
Ashley Massey,5,6,83.33
Joshua Rhodes,5,6,83.33
Jason Underwood,5,6,83.33
Randy Wood,5,6,83.33
Christopher Kelley,10,12,83.33
Kathleen Brooks,5,6,83.33
Jesse Sanchez,5,6,83.33
Sandra Hunt,5,6,83.33
Richard Ayala,5,6,83.33
Gary Richardson,5,6,83.33
Judith Jones,5,6,83.33
Phillip Richardson,5,6,83.33
Angela Rios,5,6,83.33
Ashley Nielsen,5,6,83.33
Donald Walker,10,12,83.33
Timothy Hopkins,5,6,83.33
Heather Schneider,5,6,83.33
Steve Davis,5,6,83.33
Julie Ramirez,10,12,83.33
Andrea Morales,5,6,83.33
Mark Tran,5,6,83.33
Joy Williams,5,6,83.33
Christopher Harding,5,6,83.33
Benjamin Bush,5,6,83.33
Krystal Jackson,5,6,83.33
Corey Lopez,5,6,83.33
Bryan Robinson,10,12,83.33
Cory Davis,5,6,83.33
Jesus Smith,15,18,83.33
Kevin Webster,5,6,83.33
Sarah Hodges,5,6,83.33
Kelly Short,5,6,83.33
Jennifer Nixon,5,6,83.33
Amanda Rios,5,6,83.33
Christopher Riddle,5,6,83.33
Emily Blair,5,6,83.33
Hannah Tran,5,6,83.33
Teresa Hodges,5,6,83.33
Rachel Watson,5,6,83.33
David Murray,20,24,83.33
Andrew Fuller,5,6,83.33
Ruth Harris,5,6,83.33
Linda Romero,5,6,83.33
Kelsey Harris,5,6,83.33
Thomas Dixon,5,6,83.33
David Mcpherson,5,6,83.33
Charles Mccormick,5,6,83.33
Deborah Evans,10,12,83.33
Mark Mejia,5,6,83.33
Mark Parks,5,6,83.33
Gregory Reed,5,6,83.33
Andrew Washington,5,6,83.33
Donald Valdez,5,6,83.33
Mary West,10,12,83.33
Richard Orozco,5,6,83.33
Stacy White,5,6,83.33
Kelsey Walker,5,6,83.33
Joy Gonzalez,5,6,83.33
Joseph Schwartz,5,6,83.33
Jason Nunez,5,6,83.33
Stacy Young,5,6,83.33
Jeremiah Davis,5,6,83.33
Elizabeth Macias,5,6,83.33
Dylan Ramos,5,6,83.33
Andrea Edwards,10,12,83.33
William Gilmore,5,6,83.33
Jacqueline Brooks,5,6,83.33
Bryan Molina,5,6,83.33
Ashley Marsh,5,6,83.33
Amber Love,5,6,83.33
Ann Torres,5,6,83.33
Samantha Watkins,5,6,83.33
Susan Woods,5,6,83.33
Laurie Evans,5,6,83.33
Bethany Martin,5,6,83.33
Anna Perry,5,6,83.33
Kevin Spencer,5,6,83.33
Jason Hicks,15,18,83.33
Maria Carroll,5,6,83.33
Julie Alexander,5,6,83.33
Timothy Guerrero,5,6,83.33
Mark Gilbert,5,6,83.33
Joshua Le,5,6,83.33
Billy Gonzalez,5,6,83.33
Benjamin Jenkins,5,6,83.33
Austin Moore,10,12,83.33
Heather Francis,5,6,83.33
Linda Hanson,5,6,83.33
Kenneth Washington,5,6,83.33
Patrick Diaz,5,6,83.33
Victoria Washington,5,6,83.33
Brittany Ray,5,6,83.33
Joseph Wolfe,5,6,83.33
Tara Hawkins,5,6,83.33
Stephen Obrien,5,6,83.33
Elizabeth Palmer,5,6,83.33
Raymond Green,5,6,83.33
Ashley Morgan,15,18,83.33
Brian Lee,30,36,83.33
Jared Bailey,5,6,83.33
James Wiley,5,6,83.33
Kayla Allen,10,12,83.33
William Webb,10,12,83.33
Tiffany Henderson,5,6,83.33
Logan Ramirez,5,6,83.33
Brandy Edwards,5,6,83.33
Lindsay Sanchez,5,6,83.33
Katherine Hanson,5,6,83.33
Nicole Oconnor,5,6,83.33
Tyler Hall,10,12,83.33
Kelly Simmons,10,12,83.33
Jacqueline Perez,5,6,83.33
Kevin Lynch,5,6,83.33
Derek Hernandez,5,6,83.33
Connor Brown,5,6,83.33
Amber Ward,5,6,83.33
Alexander Reed,5,6,83.33
Margaret Willis,5,6,83.33
James Saunders,10,12,83.33
Justin Bartlett,5,6,83.33
Lori Gibson,5,6,83.33
Kimberly Cummings,5,6,83.33
Alice Brown,5,6,83.33
Jeffrey Warren,5,6,83.33
Marvin Williams,5,6,83.33
James Pratt,5,6,83.33
Antonio Robinson,5,6,83.33
Jeffrey Daniel,5,6,83.33
Charles Thornton,5,6,83.33
Tina West,5,6,83.33
Jessica Rojas,5,6,83.33
Lori Delgado,5,6,83.33
Wendy Edwards,5,6,83.33
Stephanie Jensen,5,6,83.33
Christopher Lowery,5,6,83.33
Kevin Farmer,5,6,83.33
Susan Lyons,5,6,83.33
Andrew Watts,5,6,83.33
Raymond Robinson,5,6,83.33
Margaret Ellis,5,6,83.33
Rebecca Ferguson,5,6,83.33
Anna Parker,5,6,83.33
Julia Cooper,5,6,83.33
Ethan Martinez,5,6,83.33
Adam Myers,10,12,83.33
Brenda Murray,5,6,83.33
Miranda White,5,6,83.33
Melinda Flores,5,6,83.33
Stacey Nguyen,5,6,83.33
Stephen Mitchell,10,12,83.33
Andrew Potter,5,6,83.33
Joshua Tate,5,6,83.33
Tina Lopez,10,12,83.33
Stephen Peterson,10,12,83.33
Amanda Dennis,5,6,83.33
Keith Reynolds,5,6,83.33
Casey Harris,5,6,83.33
Jeremy Sanchez,15,18,83.33
Donna Reyes,5,6,83.33
Shannon Jimenez,5,6,83.33
Toni Martinez,5,6,83.33
Christina Coffey,5,6,83.33
Jamie Howard,5,6,83.33
Barbara Nguyen,5,6,83.33
Eric Macdonald,5,6,83.33
Timothy Bowers,5,6,83.33
Jordan Sims,5,6,83.33
William Kirk,5,6,83.33
Mary Ramos,10,12,83.33
Ryan Hill,15,18,83.33
Jeffrey Berry,5,6,83.33
Angela Tyler,5,6,83.33
Mark Eaton,5,6,83.33
Brian Rios,5,6,83.33
Jose Crawford,5,6,83.33
Ralph Allen,5,6,83.33
Mario Jones,5,6,83.33
Stephanie Hayes,5,6,83.33
Laura Li,5,6,83.33
Lisa Fuller,10,12,83.33
Karen Bridges,5,6,83.33
Scott Harvey,5,6,83.33
Stephanie Cochran,5,6,83.33
Nicholas Chambers,5,6,83.33
Rachel Cook,10,12,83.33
Frederick Hernandez,5,6,83.33
Rhonda Nelson,5,6,83.33
Rachel Willis,5,6,83.33
John Miranda,5,6,83.33
Chad Patterson,5,6,83.33
Nicole Holland,5,6,83.33
Donna Warren,5,6,83.33
Aaron Carlson,5,6,83.33
Thomas Hawkins,5,6,83.33
Hannah Peterson,5,6,83.33
Jason Oneal,5,6,83.33
Gregory Walters,5,6,83.33
Elizabeth Bryant,15,18,83.33
Robert Hurst,5,6,83.33
Amber Fowler,5,6,83.33
Trevor Anderson,5,6,83.33
Robin Butler,5,6,83.33
Jody Jones,5,6,83.33
Jill Patterson,5,6,83.33
Tina Hayes,5,6,83.33
Carolyn Wilson,5,6,83.33
Charles Ray,5,6,83.33
Paul Payne,5,6,83.33
Timothy Garner,5,6,83.33
Monica Wood,5,6,83.33
Debra Carter,5,6,83.33
Melinda Adams,5,6,83.33
Ashley Horton,5,6,83.33
Stephanie Bowman,5,6,83.33
Louis Johnson,10,12,83.33
Alicia Stevens,5,6,83.33
James Calderon,5,6,83.33
Steven Nielsen,5,6,83.33
Carolyn Green,5,6,83.33
Cassandra Clark,5,6,83.33
Luis Lee,10,12,83.33
Zachary Graham,5,6,83.33
Barbara Bell,5,6,83.33
Lindsey Anderson,5,6,83.33
Darryl Martinez,5,6,83.33
Grace Davis,5,6,83.33
Terry Diaz,5,6,83.33
Elizabeth Small,5,6,83.33
Sarah Clarke,5,6,83.33
Thomas Hale,5,6,83.33
Douglas Roberts,5,6,83.33
John Acevedo,5,6,83.33
Whitney Rodriguez,5,6,83.33
Kevin Cobb,5,6,83.33
Christina Lawrence,5,6,83.33
Deanna Gray,5,6,83.33
Samantha Lane,5,6,83.33
Alexis Collins,5,6,83.33
Justin Hart,5,6,83.33
Elizabeth Carter,15,18,83.33
Adam Long,5,6,83.33
Trevor Hill,5,6,83.33
Danielle Simmons,5,6,83.33
Lisa Fleming,5,6,83.33
Timothy Dean,5,6,83.33
Kathryn Walker,10,12,83.33
Cynthia Barnes,5,6,83.33
Carolyn Baker,5,6,83.33
Nicole Harper,5,6,83.33
Scott Holloway,5,6,83.33
Eric Gilbert,10,12,83.33
Tammy Tucker,5,6,83.33
William Beasley,5,6,83.33
Deborah Taylor,10,12,83.33
Connie Green,5,6,83.33
Loretta Johnson,5,6,83.33
Melissa Walter,5,6,83.33
Scott Aguilar,5,6,83.33
Leslie Walters,5,6,83.33
Taylor Cole,5,6,83.33
Craig Turner,5,6,83.33
Crystal Caldwell,5,6,83.33
Carol Green,5,6,83.33
James Larsen,5,6,83.33
Karen Perkins,5,6,83.33
Heather Hunter,5,6,83.33
Teresa Crawford,5,6,83.33
Donna Mitchell,5,6,83.33
Karen Pacheco,5,6,83.33
Amanda Ali,5,6,83.33
Joshua Mccormick,5,6,83.33
Dorothy Brown,5,6,83.33
Stacey Torres,5,6,83.33
Richard Armstrong,10,12,83.33
Jacqueline Walker,10,12,83.33
Cynthia Knight,5,6,83.33
Lisa Dyer,5,6,83.33
Amanda Silva,10,12,83.33
Rachel Francis,5,6,83.33
Sean Cooper,5,6,83.33
Jill Kennedy,5,6,83.33
Colin Miller,5,6,83.33
John Monroe,5,6,83.33
Jeffrey Reynolds,5,6,83.33
Rebecca Reynolds,5,6,83.33
Samuel Flores,5,6,83.33
John Jacobson,5,6,83.33
James Nolan,5,6,83.33
Christopher Ware,5,6,83.33
Jessica Cummings,5,6,83.33
Nathan Rodriguez,15,18,83.33
Sarah Powers,5,6,83.33
Amy Haynes,5,6,83.33
Vincent Lewis,5,6,83.33
Monica Carter,5,6,83.33
Shawn Morgan,5,6,83.33
Robert Phillips,34,41,82.93
Kimberly White,34,41,82.93
Jennifer Ortiz,24,29,82.76
John Barnes,24,29,82.76
Troy Smith,24,29,82.76
Michael Carroll,24,29,82.76
Mary Ramirez,24,29,82.76
Sarah Hall,24,29,82.76
Joseph Phillips,19,23,82.61
Kimberly Turner,19,23,82.61
Lisa Reyes,19,23,82.61
Eric King,19,23,82.61
Jason Parker,19,23,82.61
Brandi Smith,19,23,82.61
Brandon Wright,19,23,82.61
Lori Wilson,19,23,82.61
Michael Hunter,19,23,82.61
Rebecca Lee,19,23,82.61
Michael Aguilar,19,23,82.61
Joseph Long,19,23,82.61
Michael Bates,19,23,82.61
Mary Lee,38,46,82.61
Jennifer Jimenez,19,23,82.61
Ashley Thomas,38,46,82.61
Robert Moore,71,86,82.56
Jose Baker,14,17,82.35
John Barnett,14,17,82.35
Kathleen White,14,17,82.35
Rebecca Howard,14,17,82.35
Jeffrey Wagner,14,17,82.35
Keith Lopez,14,17,82.35
Tracy Allen,14,17,82.35
Matthew Sanders,14,17,82.35
Brian Bailey,14,17,82.35
Ashley Nguyen,14,17,82.35
Christopher Webb,14,17,82.35
William Murray,14,17,82.35
Jason Henderson,14,17,82.35
Dawn Davis,28,34,82.35
James Williamson,14,17,82.35
Christopher West,14,17,82.35
Stephen Roberts,14,17,82.35
Richard James,14,17,82.35
Patricia Hall,14,17,82.35
Morgan Miller,14,17,82.35
Kenneth Myers,14,17,82.35
Stephanie Flores,14,17,82.35
William Henry,14,17,82.35
William Marshall,14,17,82.35
William Grant,14,17,82.35
Angela Woods,14,17,82.35
Rachel Hall,14,17,82.35
Justin Green,14,17,82.35
James Moreno,14,17,82.35
Nicholas Howard,14,17,82.35
Emily Hall,14,17,82.35
Mary Edwards,14,17,82.35
Tammy Lee,14,17,82.35
Julie Robinson,14,17,82.35
Tamara Jones,14,17,82.35
Timothy Evans,14,17,82.35
Karen Parker,14,17,82.35
Christopher Reeves,14,17,82.35
Stephanie Turner,14,17,82.35
Robert Rice,14,17,82.35
Kimberly Hamilton,14,17,82.35
Ashley Myers,14,17,82.35
Jeffrey Cole,14,17,82.35
Matthew Hoffman,14,17,82.35
David Burton,14,17,82.35
Lisa Henderson,14,17,82.35
Gregory Young,14,17,82.35
Jordan Mitchell,14,17,82.35
Tammy Adams,14,17,82.35
Valerie Davis,14,17,82.35
Jason Nelson,14,17,82.35
Katherine Lewis,14,17,82.35
Erica Thompson,14,17,82.35
Alexander White,14,17,82.35
Eric Taylor,28,34,82.35
Christina Adams,14,17,82.35
Brian Butler,14,17,82.35
Anthony Morales,14,17,82.35
Kristen Thompson,14,17,82.35
Melissa Murphy,14,17,82.35
Lisa Simmons,14,17,82.35
Erica Moore,14,17,82.35
Joseph Hunt,14,17,82.35
Timothy Peterson,14,17,82.35
Sarah Rice,14,17,82.35
Karen Sanchez,14,17,82.35
Sarah Richardson,14,17,82.35
William Watson,14,17,82.35
Richard Wright,23,28,82.14
Jason Hall,23,28,82.14
Ryan Martin,23,28,82.14
Kathryn Williams,23,28,82.14
Matthew Long,23,28,82.14
Erin Miller,23,28,82.14
Jennifer Barnes,23,28,82.14
Kenneth Thompson,23,28,82.14
Wendy Johnson,32,39,82.05
Theresa Williams,32,39,82.05
James Carter,41,50,82.0
Kelly Davis,41,50,82.0
Laura Porter,9,11,81.82
Kevin Holland,9,11,81.82
Jason Freeman,9,11,81.82
Nicole Andrews,9,11,81.82
Kayla Moore,9,11,81.82
Christopher Palmer,9,11,81.82
Jeremiah Johnson,9,11,81.82
Laura Butler,9,11,81.82
James Garrett,9,11,81.82
Bradley Lopez,9,11,81.82
Daniel Sullivan,18,22,81.82
Jeffrey Woods,9,11,81.82
Christina Davis,27,33,81.82
John Neal,9,11,81.82
Lisa Armstrong,9,11,81.82
Erin Myers,9,11,81.82
Lisa Parks,9,11,81.82
Ashley Nelson,18,22,81.82
Melissa Marshall,9,11,81.82
Christine Bailey,9,11,81.82
Debra Brown,18,22,81.82
Michelle Rogers,18,22,81.82
Christopher Hoffman,9,11,81.82
Roger Lopez,9,11,81.82
Heather Barnes,9,11,81.82
Brian Porter,9,11,81.82
John Santos,9,11,81.82
Lori Long,9,11,81.82
Melissa Keith,9,11,81.82
Gregory Evans,9,11,81.82
Lisa Holmes,9,11,81.82
Nicholas Morgan,9,11,81.82
Kathleen Sanchez,9,11,81.82
Kimberly Chapman,9,11,81.82
Dawn Hernandez,9,11,81.82
Jose Morris,9,11,81.82
Sean Martin,18,22,81.82
Katherine Rivera,9,11,81.82
Brent Brown,9,11,81.82
Nathan Walker,9,11,81.82
Kari Smith,9,11,81.82
Cody Miller,9,11,81.82
Kathleen Morris,9,11,81.82
Rachel Porter,9,11,81.82
Danny Davis,9,11,81.82
Joshua Castillo,9,11,81.82
Kayla Hill,9,11,81.82
Randy Thompson,9,11,81.82
Lisa Little,9,11,81.82
Christopher Guzman,9,11,81.82
Lindsay White,9,11,81.82
Aaron Ross,9,11,81.82
Joseph Hayes,9,11,81.82
Karen Gutierrez,9,11,81.82
Amy Chan,9,11,81.82
Christopher Estrada,9,11,81.82
Matthew Washington,9,11,81.82
Jennifer Lambert,9,11,81.82
Joe Jones,9,11,81.82
Melissa Chapman,9,11,81.82
Brenda Young,9,11,81.82
Timothy Cox,9,11,81.82
Brandon Hamilton,9,11,81.82
Joshua Silva,9,11,81.82
Michelle Reyes,18,22,81.82
David Thornton,9,11,81.82
Mary Harper,9,11,81.82
Mary Murray,9,11,81.82
Thomas Bennett,9,11,81.82
Timothy Andrews,9,11,81.82
Lindsey Thomas,9,11,81.82
Robert Cummings,9,11,81.82
Samantha Kim,9,11,81.82
Stephanie Jennings,9,11,81.82
Patricia Price,9,11,81.82
Michael Ritter,9,11,81.82
James Hopkins,9,11,81.82
Jennifer Blake,9,11,81.82
Christine Myers,9,11,81.82
Catherine Wilson,9,11,81.82
Timothy King,18,22,81.82
Scott Morales,9,11,81.82
Robert Sutton,9,11,81.82
Troy Lee,9,11,81.82
Nancy Lewis,9,11,81.82
Lisa Schneider,9,11,81.82
Ryan Chavez,9,11,81.82
William Crawford,9,11,81.82
Arthur Brown,9,11,81.82
Anthony Roberts,18,22,81.82
Valerie White,9,11,81.82
Timothy Kim,9,11,81.82
James Cervantes,9,11,81.82
Jonathan Bryant,9,11,81.82
Gregory Howard,9,11,81.82
John Munoz,9,11,81.82
Matthew Thornton,9,11,81.82
Kristen Thomas,9,11,81.82
Anne Davis,9,11,81.82
Larry Gonzalez,9,11,81.82
Karen Cox,9,11,81.82
Lisa Mason,9,11,81.82
Jeffrey Webb,9,11,81.82
Julie Kelley,9,11,81.82
April Wilson,9,11,81.82
Brian Hunt,9,11,81.82
Kathleen Ramirez,9,11,81.82
Nicole Gibson,9,11,81.82
Gregory Peterson,9,11,81.82
Jeffery Garcia,9,11,81.82
Jessica Watkins,9,11,81.82
Kenneth Sanchez,9,11,81.82
Samuel Young,9,11,81.82
Margaret Lopez,9,11,81.82
Lisa Chapman,9,11,81.82
Leah Davis,9,11,81.82
Christopher Little,9,11,81.82
Mary Rose,9,11,81.82
William Sims,9,11,81.82
Seth Davis,9,11,81.82
Teresa Ramirez,9,11,81.82
Richard Castillo,9,11,81.82
Daniel Osborne,9,11,81.82
Richard Fields,9,11,81.82
Mark Dixon,9,11,81.82
Michael Rich,9,11,81.82
Ricky Martinez,9,11,81.82
Deborah Allen,9,11,81.82
Alexander King,9,11,81.82
Jonathan Griffin,9,11,81.82
Jessica Carpenter,9,11,81.82
Jessica Kelly,18,22,81.82
Renee Moore,9,11,81.82
James Klein,9,11,81.82
Denise Thompson,9,11,81.82
Antonio Thomas,9,11,81.82
Tamara Miller,9,11,81.82
Derek Lee,9,11,81.82
Thomas Graham,9,11,81.82
Mark Foster,9,11,81.82
David Hooper,9,11,81.82
Roger Brown,9,11,81.82
Elizabeth Dominguez,9,11,81.82
Emily Perez,9,11,81.82
Debra Taylor,9,11,81.82
Elizabeth Simmons,9,11,81.82
Michael Atkins,9,11,81.82
Thomas Guzman,9,11,81.82
Michelle Curtis,9,11,81.82
Michael Mckenzie,9,11,81.82
Megan Murphy,9,11,81.82
Eric Holmes,9,11,81.82
Amanda Ellis,9,11,81.82
Diane Jones,9,11,81.82
Amanda Webb,9,11,81.82
Jordan Martin,9,11,81.82
Christian Walker,9,11,81.82
Kristen Mitchell,9,11,81.82
Matthew Ball,9,11,81.82
Christopher Bruce,9,11,81.82
Caitlin Williams,9,11,81.82
Andrew Alexander,9,11,81.82
Claudia Smith,9,11,81.82
Julie Simmons,9,11,81.82
Michael Kline,9,11,81.82
Patrick Turner,9,11,81.82
Jason Garza,9,11,81.82
Wendy Lewis,9,11,81.82
Keith Taylor,9,11,81.82
Kenneth Rivera,9,11,81.82
Sharon Scott,9,11,81.82
Lisa Luna,9,11,81.82
Cassandra Taylor,9,11,81.82
Christopher Kramer,9,11,81.82
Robert Vega,9,11,81.82
Elizabeth Ray,9,11,81.82
Nathan Adams,9,11,81.82
Lisa Harvey,9,11,81.82
Shawn Rivera,9,11,81.82
Ashley Hicks,9,11,81.82
Amanda Curtis,9,11,81.82
Jamie Collins,9,11,81.82
Shannon White,18,22,81.82
Kelly James,9,11,81.82
Brian Lamb,9,11,81.82
Mary Crawford,9,11,81.82
James Turner,36,44,81.82
Jessica Figueroa,9,11,81.82
Nancy Adams,9,11,81.82
David Hawkins,9,11,81.82
Mary Ellis,9,11,81.82
Ryan Reed,9,11,81.82
Thomas Fisher,9,11,81.82
Thomas Nguyen,9,11,81.82
Blake Smith,9,11,81.82
Justin Ford,9,11,81.82
Lisa Burke,9,11,81.82
Darren Brown,9,11,81.82
Tyler Rogers,9,11,81.82
William Stanley,9,11,81.82
Brian Mills,9,11,81.82
Lindsey Thompson,9,11,81.82
Angela Kim,9,11,81.82
Alyssa Anderson,9,11,81.82
Michelle Rose,9,11,81.82
Nicole Russell,9,11,81.82
Aaron Green,9,11,81.82
Kyle Green,9,11,81.82
Paul Adams,9,11,81.82
Victoria Moore,9,11,81.82
Cynthia Bailey,9,11,81.82
Sarah Patel,9,11,81.82
Stephanie George,9,11,81.82
William Frazier,9,11,81.82
Walter Davis,9,11,81.82
Amber Cruz,9,11,81.82
Mark Alvarez,9,11,81.82
Nicole Mcdonald,9,11,81.82
Michelle Perry,9,11,81.82
Matthew Dean,9,11,81.82
Paul Hill,9,11,81.82
Katherine Chavez,9,11,81.82
Aaron Robinson,9,11,81.82
Joseph Carr,9,11,81.82
Charles Adams,18,22,81.82
Robert Martin,63,77,81.82
Emily Kelly,9,11,81.82
Scott Ortiz,9,11,81.82
James Merritt,9,11,81.82
Jennifer Franklin,9,11,81.82
Mary Reynolds,9,11,81.82
Paul Cox,9,11,81.82
Donald Nguyen,9,11,81.82
Kevin Elliott,9,11,81.82
Robert Carpenter,9,11,81.82
Nicholas Long,9,11,81.82
Daniel Simmons,9,11,81.82
Michelle Black,9,11,81.82
Monica Jackson,18,22,81.82
Lauren Morales,9,11,81.82
David Bruce,9,11,81.82
Angela Tran,9,11,81.82
Tracy Reyes,9,11,81.82
Linda Morris,9,11,81.82
Robert Lucas,9,11,81.82
Richard Hunt,9,11,81.82
Daniel Murphy,18,22,81.82
Michael Hebert,9,11,81.82
Mark Gonzales,9,11,81.82
Ronald Ramirez,9,11,81.82
Angela Simmons,9,11,81.82
Melissa Hoffman,9,11,81.82
Jordan Hall,9,11,81.82
Christina Perry,9,11,81.82
Sarah Washington,9,11,81.82
William Burton,9,11,81.82
James Obrien,9,11,81.82
Andrew Salazar,9,11,81.82
Zachary Martinez,18,22,81.82
Craig Martinez,9,11,81.82
Patricia Gray,9,11,81.82
Amy Kelly,9,11,81.82
Richard Kelley,9,11,81.82
David Cunningham,27,33,81.82
Stephanie Fernandez,9,11,81.82
Nicole Mendoza,9,11,81.82
Gregory Stewart,9,11,81.82
Raymond Young,9,11,81.82
Ashley Day,9,11,81.82
Danny Rodriguez,9,11,81.82
Aaron Taylor,18,22,81.82
Debbie Adams,9,11,81.82
Amy Parker,9,11,81.82
Amber Nguyen,9,11,81.82
Brian Schwartz,9,11,81.82
Eric Castillo,9,11,81.82
Jennifer Tate,9,11,81.82
Mitchell Williams,9,11,81.82
Angela Peters,9,11,81.82
Sarah Morris,18,22,81.82
Andrea Stephens,9,11,81.82
William Burke,9,11,81.82
Alexander Moore,9,11,81.82
Melissa Fernandez,9,11,81.82
Corey White,9,11,81.82
Logan Jones,9,11,81.82
Peggy Smith,9,11,81.82
James Raymond,9,11,81.82
Jerry Hernandez,9,11,81.82
Melissa Castillo,9,11,81.82
Amanda Pearson,9,11,81.82
Jessica Miranda,9,11,81.82
Rebecca Chavez,9,11,81.82
Jennifer Melendez,9,11,81.82
William Curtis,9,11,81.82
Jessica Austin,9,11,81.82
Sean Phillips,9,11,81.82
Cheyenne Williams,9,11,81.82
Douglas Hill,9,11,81.82
Thomas Ray,9,11,81.82
Carlos Thomas,9,11,81.82
John Bush,9,11,81.82
Christopher Colon,9,11,81.82
Daniel Rhodes,9,11,81.82
William Mack,9,11,81.82
Jason Dunn,9,11,81.82
Christopher Avila,9,11,81.82
Dawn Allen,18,22,81.82
Tammy Turner,9,11,81.82
Eric Payne,9,11,81.82
Tammy Wright,9,11,81.82
Jose Campbell,9,11,81.82
Anthony Lawson,9,11,81.82
Melissa Rodriguez,40,49,81.63
Sarah Phillips,22,27,81.48
Robert Marshall,22,27,81.48
Anthony Flores,22,27,81.48
Michael May,22,27,81.48
Nicole Taylor,22,27,81.48
Morgan Johnson,22,27,81.48
Michael Fuller,22,27,81.48
Ronald Miller,22,27,81.48
Richard Nguyen,22,27,81.48
Richard Evans,22,27,81.48
Andrew Lewis,22,27,81.48
Charles Young,22,27,81.48
Kevin Hernandez,35,43,81.4
Robert Lynch,13,16,81.25
Antonio Wilson,13,16,81.25
James Lowe,13,16,81.25
Taylor Hernandez,13,16,81.25
Susan Mitchell,13,16,81.25
George Wilson,13,16,81.25
Jon Johnson,13,16,81.25
Tara Williams,26,32,81.25
Connie Williams,13,16,81.25
Maria Baker,13,16,81.25
Eric Ward,13,16,81.25
Andrea Sanchez,13,16,81.25
James Olson,13,16,81.25
Monica Martinez,13,16,81.25
Mark Powell,13,16,81.25
Melissa West,13,16,81.25
Jessica Ward,13,16,81.25
Andrew West,13,16,81.25
Christopher Wheeler,13,16,81.25
Crystal Green,13,16,81.25
Danielle Campbell,13,16,81.25
Jose Lee,13,16,81.25
Lisa Robertson,13,16,81.25
Robert Chambers,13,16,81.25
Anthony Guzman,13,16,81.25
Laura Jenkins,13,16,81.25
Joshua Barnes,13,16,81.25
Benjamin Green,13,16,81.25
Amanda Howard,13,16,81.25
Christopher Vargas,13,16,81.25
Amanda Phillips,26,32,81.25
Robert Robertson,13,16,81.25
Wesley Johnson,13,16,81.25
Elizabeth Mason,13,16,81.25
Jeffrey Brooks,13,16,81.25
Mark Jimenez,13,16,81.25
Patricia Stewart,13,16,81.25
Jeremy Rodriguez,13,16,81.25
Gabriel Smith,13,16,81.25
Ricky Jones,13,16,81.25
Robert Washington,13,16,81.25
Jason Castillo,13,16,81.25
Andrew Perez,26,32,81.25
John Glover,13,16,81.25
Sean Thompson,13,16,81.25
Christopher Alvarez,13,16,81.25
Brandon Rivera,13,16,81.25
Patricia Carter,13,16,81.25
Daniel Fernandez,13,16,81.25
Rebecca Evans,13,16,81.25
Michael Cochran,13,16,81.25
Christopher Medina,13,16,81.25
Lindsey Jones,13,16,81.25
Matthew Berry,13,16,81.25
Brittany Roberts,13,16,81.25
Ashley Owens,13,16,81.25
Mary Jimenez,13,16,81.25
Patricia Rivera,13,16,81.25
Sheila Brown,13,16,81.25
David Horton,13,16,81.25
Michael Rodgers,13,16,81.25
Jennifer Butler,26,32,81.25
Robert Fowler,13,16,81.25
Heather Young,13,16,81.25
John Garza,13,16,81.25
Heather Green,13,16,81.25
Tiffany Lopez,13,16,81.25
Zachary Jackson,13,16,81.25
William Mason,13,16,81.25
Rebecca Nelson,13,16,81.25
Lisa Kennedy,13,16,81.25
Joseph Henry,13,16,81.25
Michael Warren,26,32,81.25
Elizabeth Patterson,13,16,81.25
Sandra Lewis,13,16,81.25
Stephanie Richardson,13,16,81.25
Michael Snow,13,16,81.25
Kelly Campbell,13,16,81.25
David Garza,13,16,81.25
Jessica Gutierrez,13,16,81.25
Jennifer Palmer,13,16,81.25
Sarah Reyes,13,16,81.25
Steven Phillips,13,16,81.25
Jennifer Horton,13,16,81.25
James Bishop,13,16,81.25
Richard Hall,30,37,81.08
Samantha Davis,30,37,81.08
Robert James,30,37,81.08
Michael Kennedy,30,37,81.08
Jason Adams,17,21,80.95
Vincent Smith,17,21,80.95
Hannah Jones,17,21,80.95
Kimberly Cruz,17,21,80.95
Brett Johnson,17,21,80.95
Christina Martin,17,21,80.95
Kevin Flores,17,21,80.95
Jenna Smith,17,21,80.95
Sara Johnson,34,42,80.95
Michelle Turner,17,21,80.95
Jessica Henderson,17,21,80.95
Casey Brown,17,21,80.95
Cynthia Rodriguez,17,21,80.95
Melissa Rogers,17,21,80.95
William Green,34,42,80.95
Thomas Howard,17,21,80.95
Amanda Stevens,17,21,80.95
Katie Williams,17,21,80.95
Jeffrey Kelly,17,21,80.95
Amy Walker,17,21,80.95
James Flores,34,42,80.95
Mark Cox,17,21,80.95
Jennifer Mills,17,21,80.95
Tiffany Hernandez,17,21,80.95
Christopher Hunter,17,21,80.95
Lisa Price,17,21,80.95
Linda Brown,34,42,80.95
Michelle Collins,17,21,80.95
Michael Bailey,38,47,80.85
Chad Davis,21,26,80.77
Daniel Baker,21,26,80.77
Megan Taylor,21,26,80.77
Jessica Cook,21,26,80.77
Amy Lee,21,26,80.77
Douglas Miller,21,26,80.77
Michael Bradley,21,26,80.77
Michael Wheeler,21,26,80.77
Mark Young,21,26,80.77
Angela Lewis,21,26,80.77
Travis Jones,21,26,80.77
Michael Marshall,21,26,80.77
Tammy Johnson,46,57,80.7
Brittany Garcia,25,31,80.65
Hannah Williams,25,31,80.65
Kayla Brown,25,31,80.65
Stephanie Hall,25,31,80.65
Tammy Davis,29,36,80.56
Ryan Taylor,29,36,80.56
John Turner,33,41,80.49
Amanda Garcia,37,46,80.43
Julie James,8,10,80.0
Lisa Bennett,16,20,80.0
Julia Phillips,8,10,80.0
Brandon Tucker,8,10,80.0
Sara Gray,8,10,80.0
Lisa Aguilar,8,10,80.0
Laura Hayes,8,10,80.0
Janet Thompson,12,15,80.0
Wendy Sanchez,8,10,80.0
Michael Crawford,20,25,80.0
Lisa Graham,16,20,80.0
Ashley Tran,8,10,80.0
Krystal Williams,8,10,80.0
Todd Scott,8,10,80.0
Sheila Anderson,8,10,80.0
Elizabeth Porter,12,15,80.0
Deborah Thompson,8,10,80.0
Deborah Hill,8,10,80.0
Steven Barnes,8,10,80.0
Dawn Brooks,8,10,80.0
Jason Wells,8,10,80.0
Rachel Martinez,28,35,80.0
Jimmy Martinez,8,10,80.0
Joe Williams,8,10,80.0
Erik Williams,12,15,80.0
Daniel Wise,8,10,80.0
Joseph Wells,8,10,80.0
Michael Holt,16,20,80.0
Christopher Castillo,16,20,80.0
Matthew Davidson,8,10,80.0
Brandon Henderson,8,10,80.0
Brooke Hall,8,10,80.0
Stephanie Andrews,8,10,80.0
Christopher Prince,8,10,80.0
Samantha Thompson,16,20,80.0
Nicholas Chavez,8,10,80.0
Michael Shelton,12,15,80.0
Daniel Gray,12,15,80.0
Brianna Taylor,8,10,80.0
Timothy Richards,8,10,80.0
Rachel Boyd,8,10,80.0
Melissa Ferguson,12,15,80.0
Jeanette Johnson,8,10,80.0
Rachel Torres,12,15,80.0
William Bryant,12,15,80.0
Mark Sullivan,12,15,80.0
Christina Kelly,8,10,80.0
Steven Moreno,8,10,80.0
Christopher Stephenson,8,10,80.0
Katherine Howard,8,10,80.0
Matthew Chapman,8,10,80.0
Jessica Hicks,12,15,80.0
Mary Ford,8,10,80.0
Adam Hill,8,10,80.0
Mark Johnston,8,10,80.0
Kenneth Peterson,8,10,80.0
Melissa Ford,8,10,80.0
Robert Ball,8,10,80.0
Rebecca Perry,8,10,80.0
Jennifer Rodgers,8,10,80.0
Christopher Fletcher,8,10,80.0
Seth Williams,8,10,80.0
Henry Smith,20,25,80.0
Jeremy Ortiz,8,10,80.0
Heather Lee,16,20,80.0
Sharon Rodriguez,12,15,80.0
Elizabeth Mendez,8,10,80.0
April Wright,12,15,80.0
John Garner,8,10,80.0
Robert Farrell,12,15,80.0
Brenda White,12,15,80.0
Melissa Washington,12,15,80.0
Shelby Davis,8,10,80.0
Jacob Turner,8,10,80.0
Benjamin Collins,8,10,80.0
Stephanie Lynch,8,10,80.0
Stacy Lee,8,10,80.0
John Sutton,8,10,80.0
Lisa Gibbs,8,10,80.0
John Baldwin,8,10,80.0
Mary Santos,8,10,80.0
Brenda Wright,8,10,80.0
Matthew Holmes,12,15,80.0
Gary Ramirez,8,10,80.0
Matthew Spencer,8,10,80.0
Megan Flores,8,10,80.0
William George,8,10,80.0
Taylor Lewis,8,10,80.0
Jacqueline Robinson,8,10,80.0
Sean Flores,8,10,80.0
Joseph Carlson,8,10,80.0
Samantha Gutierrez,8,10,80.0
Tonya Campbell,8,10,80.0
Mary Reyes,8,10,80.0
Joshua Ellis,8,10,80.0
Daniel Watkins,8,10,80.0
Michelle West,8,10,80.0
James Drake,8,10,80.0
Christopher Norton,8,10,80.0
Lisa Keith,8,10,80.0
Deanna Wilson,8,10,80.0
Donna Fisher,12,15,80.0
Donna Peterson,8,10,80.0
Patrick Morris,8,10,80.0
Brittany Baker,8,10,80.0
Samantha Moreno,8,10,80.0
William Rodriguez,56,70,80.0
Patrick Butler,8,10,80.0
Robin Perez,8,10,80.0
Richard Warren,8,10,80.0
John Barrett,12,15,80.0
Heather Marshall,8,10,80.0
Robert Underwood,8,10,80.0
Derek Lopez,8,10,80.0
Mary Holmes,8,10,80.0
Michael Holland,16,20,80.0
Christopher Shepherd,8,10,80.0
Christina Simpson,8,10,80.0
Jennifer Porter,12,15,80.0
Tanya Garcia,8,10,80.0
Tiffany Green,8,10,80.0
Sarah Silva,8,10,80.0
John Gibson,12,15,80.0
Alyssa Johnson,16,20,80.0
William Schultz,8,10,80.0
Jasmine Garcia,8,10,80.0
Jamie Torres,8,10,80.0
Anne Lopez,8,10,80.0
Robert Wong,12,15,80.0
Kenneth Cook,8,10,80.0
Catherine Robinson,8,10,80.0
Jordan Baker,8,10,80.0
Danielle Wells,8,10,80.0
Keith Anderson,16,20,80.0
Karen Allen,16,20,80.0
Kayla Harris,8,10,80.0
Katherine Watson,8,10,80.0
Jacqueline Peterson,8,10,80.0
Stacy Jackson,8,10,80.0
James Hood,8,10,80.0
Dawn Long,8,10,80.0
Edward Phillips,8,10,80.0
Ronald Chandler,8,10,80.0
Elizabeth Torres,20,25,80.0
Christine Gonzalez,16,20,80.0
Jose Miller,16,20,80.0
Christopher Villanueva,8,10,80.0
Ashley Lee,24,30,80.0
Tony Williams,12,15,80.0
Kristen Baker,8,10,80.0
Shane Anderson,8,10,80.0
Matthew Burke,8,10,80.0
Jessica Baldwin,8,10,80.0
Leah Anderson,8,10,80.0
John Mckinney,8,10,80.0
Mike Johnson,8,10,80.0
Cynthia Mitchell,8,10,80.0
Justin Kennedy,8,10,80.0
James Castro,16,20,80.0
Donna Carter,8,10,80.0
Shelby Jackson,8,10,80.0
Katie Davis,12,15,80.0
Cassandra Evans,8,10,80.0
Susan Ray,8,10,80.0
Kimberly Cooper,12,15,80.0
Aaron Hernandez,12,15,80.0
Ashley Evans,20,25,80.0
Kathleen Torres,8,10,80.0
Sharon Wright,8,10,80.0
Melissa Scott,20,25,80.0
Robert Warren,12,15,80.0
Rachel Hughes,8,10,80.0
David Sherman,8,10,80.0
Anthony Lynch,12,15,80.0
Kelsey Davis,8,10,80.0
Jamie Mitchell,12,15,80.0
Aaron Diaz,8,10,80.0
Carl Brown,12,15,80.0
Charles Gray,12,15,80.0
Ashley Ferguson,8,10,80.0
Pamela Hernandez,16,20,80.0
Stephen Cooper,8,10,80.0
Donna Reed,8,10,80.0
Kevin Knight,8,10,80.0
Daniel Ferguson,8,10,80.0
Scott Richards,12,15,80.0
Jennifer Wolf,8,10,80.0
Brandy Lewis,8,10,80.0
Jason Graham,12,15,80.0
Mary Wagner,12,15,80.0
Joshua Pratt,8,10,80.0
Victoria Anderson,12,15,80.0
Jessica Crawford,12,15,80.0
Amanda Russell,8,10,80.0
David Hanson,12,15,80.0
Sara Gonzalez,12,15,80.0
Adam Moore,12,15,80.0
Samantha Clark,12,15,80.0
Leslie Flores,12,15,80.0
Trevor Thomas,8,10,80.0
Stacy Davis,8,10,80.0
Pamela Hughes,8,10,80.0
Robert Wade,8,10,80.0
Tanya Nelson,8,10,80.0
Mary Montgomery,8,10,80.0
Nancy Smith,32,40,80.0
Anthony Horton,8,10,80.0
Brandon James,8,10,80.0
Alicia Davis,16,20,80.0
William Andrews,8,10,80.0
Chad Hernandez,12,15,80.0
Stephen Guzman,8,10,80.0
Michael Romero,20,25,80.0
Debbie Jones,8,10,80.0
John Gillespie,8,10,80.0
Robert Decker,8,10,80.0
Christian Miller,16,20,80.0
Danielle Gray,8,10,80.0
Joseph Tran,8,10,80.0
Jessica Lane,8,10,80.0
Joshua Brady,8,10,80.0
Timothy Arnold,8,10,80.0
John Johnston,16,20,80.0
Alexandria Smith,12,15,80.0
Tammy Scott,8,10,80.0
Kimberly Phillips,16,20,80.0
Kathy Thomas,8,10,80.0
Cheryl Bennett,8,10,80.0
Maria Peterson,8,10,80.0
Brianna Davis,8,10,80.0
Jessica Watts,8,10,80.0
Christopher Wolfe,8,10,80.0
Richard Cook,12,15,80.0
Jesse Wright,8,10,80.0
Jeremy Reyes,8,10,80.0
Lisa Willis,8,10,80.0
Dana Hall,8,10,80.0
Ashley Perkins,8,10,80.0
Timothy Snyder,8,10,80.0
Alison Williams,8,10,80.0
Brian Gonzales,16,20,80.0
Jonathan Campbell,12,15,80.0
Tina Jimenez,8,10,80.0
Patricia Wallace,8,10,80.0
Samantha Perry,12,15,80.0
Joshua Roberts,12,15,80.0
Mark Fields,8,10,80.0
Scott Gutierrez,8,10,80.0
Edward Morris,8,10,80.0
Lisa Sandoval,8,10,80.0
Kristin Parker,8,10,80.0
James Dyer,8,10,80.0
Brandon Green,12,15,80.0
Mary Cox,12,15,80.0
Joseph Reeves,8,10,80.0
Mark Webb,8,10,80.0
David Fowler,20,25,80.0
Angela Lopez,24,30,80.0
Andrew Freeman,8,10,80.0
Valerie Mitchell,8,10,80.0
James Berry,8,10,80.0
Matthew Walsh,8,10,80.0
Stephanie Mills,12,15,80.0
Jacob Oliver,8,10,80.0
Tyler Nelson,12,15,80.0
Lindsey White,8,10,80.0
Amy Ramos,12,15,80.0
Jennifer Scott,44,55,80.0
Robert Soto,12,15,80.0
John Cummings,8,10,80.0
Kristen Ramirez,8,10,80.0
Stephanie Reyes,8,10,80.0
John Wong,12,15,80.0
Rebecca Harrison,8,10,80.0
Ryan Foster,8,10,80.0
Aaron Hill,8,10,80.0
Jason Delgado,8,10,80.0
David Cardenas,8,10,80.0
Lisa Hamilton,16,20,80.0
Daniel Henry,8,10,80.0
Joshua Wheeler,8,10,80.0
Elizabeth Nunez,8,10,80.0
Suzanne Brown,12,15,80.0
Susan Allen,16,20,80.0
Stephanie Butler,8,10,80.0
Scott Mcdonald,8,10,80.0
Thomas Pearson,8,10,80.0
Stephanie Keller,8,10,80.0
Monica Davis,20,25,80.0
Melissa Perkins,8,10,80.0
Austin Nguyen,8,10,80.0
Kristin Garcia,12,15,80.0
Jason Patterson,8,10,80.0
Amber Perez,8,10,80.0
Nicole Green,16,20,80.0
Christopher Burke,12,15,80.0
Michael Villarreal,8,10,80.0
Nicholas Grant,8,10,80.0
Jennifer Leonard,12,15,80.0
Anna Garcia,16,20,80.0
Megan Mitchell,12,15,80.0
Robert West,12,15,80.0
Steven Ruiz,8,10,80.0
Anthony Bell,8,10,80.0
Chelsea Brown,16,20,80.0
William Powers,8,10,80.0
Scott Jimenez,8,10,80.0
Justin Cook,8,10,80.0
Carolyn Miller,12,15,80.0
Linda Thompson,12,15,80.0
Danielle Chavez,8,10,80.0
Samuel Campbell,8,10,80.0
Marcus Martinez,8,10,80.0
Sarah Hudson,8,10,80.0
Bryan Wright,8,10,80.0
Jennifer Roach,8,10,80.0
Michael Hoover,8,10,80.0
Timothy Fisher,8,10,80.0
Timothy Brewer,8,10,80.0
Jonathan Wright,16,20,80.0
Christopher Shelton,12,15,80.0
Lauren Wood,8,10,80.0
Victor Taylor,8,10,80.0
Craig Collins,8,10,80.0
Crystal Thompson,12,15,80.0
David Beck,12,15,80.0
Barbara Gonzalez,8,10,80.0
Ronald Jackson,12,15,80.0
John Douglas,8,10,80.0
Thomas Sullivan,12,15,80.0
David Callahan,8,10,80.0
Devin Williams,8,10,80.0
Zachary Walker,8,10,80.0
James Roman,8,10,80.0
Jason Diaz,12,15,80.0
Daniel Cox,16,20,80.0
Dawn Peterson,8,10,80.0
Michelle Grant,8,10,80.0
Courtney Thompson,8,10,80.0
Mary Keller,8,10,80.0
Kelly Gonzales,8,10,80.0
Rebecca Allen,16,20,80.0
Victoria Walker,12,15,80.0
Dennis Wilson,8,10,80.0
Lisa Russell,12,15,80.0
Jennifer Holmes,12,15,80.0
Veronica White,8,10,80.0
Danielle Adams,8,10,80.0
Sandra Carter,8,10,80.0
Sandra Hernandez,16,20,80.0
Michael Golden,8,10,80.0
Robert Kemp,8,10,80.0
Michelle Mendoza,12,15,80.0
John Fletcher,12,15,80.0
Karen Mccarthy,8,10,80.0
Anthony Olson,8,10,80.0
Ryan Simpson,8,10,80.0
Andrew Robertson,8,10,80.0
Adam Ramirez,8,10,80.0
Victor White,8,10,80.0
Thomas Vargas,8,10,80.0
Brandy Smith,16,20,80.0
Michelle Aguilar,8,10,80.0
Frederick Williams,12,15,80.0
Jennifer Willis,8,10,80.0
Travis Thompson,8,10,80.0
Jessica Fernandez,12,15,80.0
Michael Rhodes,12,15,80.0
Emily Campbell,8,10,80.0
Melissa Robertson,8,10,80.0
Christopher Cortez,8,10,80.0
Michael Gay,8,10,80.0
Jennifer Bell,36,45,80.0
James Reed,20,25,80.0
Dennis Anderson,8,10,80.0
Dennis Scott,8,10,80.0
David Newton,8,10,80.0
Tanya Lopez,8,10,80.0
Maria Gonzalez,12,15,80.0
Anthony Bradley,8,10,80.0
Sean Jackson,12,15,80.0
Bonnie Davis,8,10,80.0
Michael Cherry,8,10,80.0
Lisa Sanchez,28,35,80.0
Kenneth Hamilton,8,10,80.0
Nicole Simmons,8,10,80.0
Angel Hernandez,8,10,80.0
Christine Sanchez,12,15,80.0
Jonathan Cox,8,10,80.0
Sarah Griffin,8,10,80.0
Glenn Brown,8,10,80.0
Douglas Hall,8,10,80.0
Michelle Palmer,12,15,80.0
John Solomon,8,10,80.0
David Oliver,12,15,80.0
Jon Martinez,8,10,80.0
David Johnston,16,20,80.0
Mary Jordan,12,15,80.0
Lori Wells,8,10,80.0
Marcus Garcia,8,10,80.0
Caroline Smith,12,15,80.0
Heather Fox,8,10,80.0
Cameron Miller,8,10,80.0
Daniel Bowman,8,10,80.0
Ryan Bennett,12,15,80.0
Michael Novak,8,10,80.0
William Alvarado,8,10,80.0
Charles Rogers,8,10,80.0
John Pham,8,10,80.0
Erin Cook,8,10,80.0
Lisa Woodward,8,10,80.0
Adam Taylor,12,15,80.0
Jacqueline Torres,8,10,80.0
Melissa Rice,8,10,80.0
Linda Roberts,8,10,80.0
Michael Griffith,16,20,80.0
Chad Stewart,8,10,80.0
Michael Kerr,8,10,80.0
Aaron Moore,16,20,80.0
Brian Chambers,8,10,80.0
Alexander Hernandez,12,15,80.0
Leslie Clark,8,10,80.0
Abigail Thompson,8,10,80.0
George Moore,8,10,80.0
James Shaw,20,25,80.0
Michelle Carr,8,10,80.0
Brooke Thompson,8,10,80.0
Oscar Smith,8,10,80.0
Diane Sanchez,8,10,80.0
Chris Johnson,8,10,80.0
Brian Bryant,8,10,80.0
Robert Montgomery,8,10,80.0
Susan Young,8,10,80.0
James Newton,8,10,80.0
Colleen Davis,12,15,80.0
Chelsea Jones,8,10,80.0
Megan Lewis,16,20,80.0
Gregory Mills,8,10,80.0
Nicole Palmer,8,10,80.0
David Flynn,8,10,80.0
Mark Garrett,12,15,80.0
Dana Anderson,8,10,80.0
Donna Flores,8,10,80.0
Jessica West,12,15,80.0
Danielle Flores,8,10,80.0
Bryan Lee,8,10,80.0
Rebecca Brooks,8,10,80.0
John Hickman,8,10,80.0
Erin Lewis,8,10,80.0
Gregory Adams,12,15,80.0
Nicole Webb,8,10,80.0
Bryan Hill,8,10,80.0
Jacob Gonzales,8,10,80.0
Valerie Jones,16,20,80.0
Edward Sanchez,12,15,80.0
Samuel Jackson,12,15,80.0
Michael Fletcher,20,25,80.0
Kenneth Rogers,12,15,80.0
Scott Chavez,8,10,80.0
John Marquez,8,10,80.0
Thomas Peterson,12,15,80.0
Jamie Wright,8,10,80.0
Sara Rodriguez,16,20,80.0
David Wolfe,8,10,80.0
William Banks,8,10,80.0
Jordan Carter,8,10,80.0
Eric Reynolds,8,10,80.0
Matthew Haynes,8,10,80.0
Jennifer Strickland,8,10,80.0
Charles Stevens,8,10,80.0
Nicole Lane,8,10,80.0
John Carpenter,12,15,80.0
Zachary Sanders,8,10,80.0
Michelle Ross,12,15,80.0
Sarah Butler,12,15,80.0
Christine Gordon,8,10,80.0
Jeffrey Owens,8,10,80.0
Christopher Rice,12,15,80.0
Kelly Wright,16,20,80.0
Joshua Bell,12,15,80.0
Christopher Webster,8,10,80.0
Katherine Gray,8,10,80.0
Michelle Lane,8,10,80.0
Austin Lewis,8,10,80.0
Heather Jordan,8,10,80.0
Jacob Ferguson,8,10,80.0
Brandy Johnson,12,15,80.0
Christopher Pena,8,10,80.0
Robert Solis,8,10,80.0
Kelly Moreno,8,10,80.0
William Stone,8,10,80.0
John Berg,8,10,80.0
Mary Reid,8,10,80.0
Allen Jones,8,10,80.0
James Peck,8,10,80.0
Lisa Stewart,24,30,80.0
Antonio Taylor,8,10,80.0
Tina Allen,8,10,80.0
Jordan Perez,8,10,80.0
Donna Clark,16,20,80.0
Patrick Torres,8,10,80.0
Jeffrey Cooper,8,10,80.0
Daniel Hines,8,10,80.0
Kristin Mitchell,8,10,80.0
Donald Scott,8,10,80.0
Sarah Cooper,12,15,80.0
Katherine Clark,12,15,80.0
John Whitaker,8,10,80.0
Shannon Sanchez,12,15,80.0
Matthew Mclaughlin,8,10,80.0
Benjamin Ramirez,8,10,80.0
Michael Kane,8,10,80.0
Tammy Green,8,10,80.0
Jacob Austin,8,10,80.0
Corey Williams,12,15,80.0
Jonathan Hicks,8,10,80.0
Melissa Mccoy,8,10,80.0
Matthew Gallagher,8,10,80.0
Andrew Tran,8,10,80.0
Catherine Martin,16,20,80.0
Melissa Sullivan,8,10,80.0
Stephanie Mendoza,8,10,80.0
Alexandra Thomas,8,10,80.0
Thomas Mason,8,10,80.0
Dawn Lopez,8,10,80.0
Jennifer Barker,8,10,80.0
Steven Ramos,12,15,80.0
Jordan Evans,8,10,80.0
Sarah Ferguson,8,10,80.0
Benjamin Morgan,8,10,80.0
William Murphy,20,25,80.0
James Keith,8,10,80.0
John George,8,10,80.0
Sean Young,8,10,80.0
Mary Kelley,8,10,80.0
Karen Harris,16,20,80.0
Maria Kelly,8,10,80.0
Melissa Campbell,12,15,80.0
Patricia Bell,8,10,80.0
Kimberly Wright,28,35,80.0
Scott Cook,12,15,80.0
Matthew Fox,16,20,80.0
Christopher Mccullough,8,10,80.0
Catherine Gonzalez,8,10,80.0
Jeffery Harris,8,10,80.0
Nicholas Butler,8,10,80.0
Richard Price,12,15,80.0
Taylor Gonzales,8,10,80.0
Kristy Williams,8,10,80.0
Jennifer Charles,8,10,80.0
Stephen Graham,8,10,80.0
Richard Bennett,8,10,80.0
Elizabeth Henderson,12,15,80.0
Shane Jones,12,15,80.0
Rebecca Morales,8,10,80.0
Anthony Long,16,20,80.0
David Noble,8,10,80.0
Michelle Harrison,8,10,80.0
Teresa Brown,32,40,80.0
Chad Turner,8,10,80.0
Charles Mcdonald,8,10,80.0
Lisa Stone,8,10,80.0
Jeremy Hill,8,10,80.0
Benjamin Gomez,8,10,80.0
Andrew Leonard,8,10,80.0
Richard Guzman,8,10,80.0
Jennifer Golden,8,10,80.0
Laura Diaz,8,10,80.0
Elizabeth Reed,16,20,80.0
Terry Harris,12,15,80.0
Emily Long,12,15,80.0
Michael Ali,8,10,80.0
Chad Gonzalez,12,15,80.0
Sarah Norris,8,10,80.0
Jeffrey Richardson,8,10,80.0
David Simon,8,10,80.0
Elizabeth Boyd,8,10,80.0
Jennifer Cole,16,20,80.0
Lindsay Williams,8,10,80.0
Todd Young,8,10,80.0
David Nunez,8,10,80.0
Jessica Navarro,8,10,80.0
Jason Miranda,8,10,80.0
Amber Long,8,10,80.0
James Wade,8,10,80.0
Larry Clark,8,10,80.0
Ashley Vasquez,8,10,80.0
Kevin Henson,8,10,80.0
Lisa Gray,16,20,80.0
Lisa Cole,8,10,80.0
Stacy Rodriguez,8,10,80.0
Scott Hanson,8,10,80.0
John Valdez,12,15,80.0
Jennifer Kramer,8,10,80.0
Melissa Stevens,12,15,80.0
Jessica Ross,12,15,80.0
Ryan West,8,10,80.0
Todd Hall,8,10,80.0
Lisa Sims,8,10,80.0
Kathleen Phillips,8,10,80.0
Amanda Mcgee,8,10,80.0
Jacqueline Wright,8,10,80.0
Elizabeth Price,8,10,80.0
James Nguyen,40,50,80.0
Vincent Harris,8,10,80.0
Samantha Miller,24,30,80.0
Jennifer Park,8,10,80.0
Rebecca Stevens,8,10,80.0
Kyle Collins,12,15,80.0
Elizabeth Burgess,8,10,80.0
William Brewer,8,10,80.0
Daniel Newman,8,10,80.0
Wayne Smith,16,20,80.0
Stephanie Craig,8,10,80.0
Amber Bell,8,10,80.0
Jason Peters,8,10,80.0
Robert Koch,8,10,80.0
Joshua Sanchez,24,30,80.0
Maria Gibson,8,10,80.0
Christopher Wise,8,10,80.0
Adam Young,12,15,80.0
Ryan Howard,8,10,80.0
Michele Turner,8,10,80.0
Jason Butler,12,15,80.0
Taylor Flores,8,10,80.0
Alexandra Anderson,8,10,80.0
Amanda Hunter,12,15,80.0
Jacob Washington,8,10,80.0
Jason Price,12,15,80.0
Kenneth Butler,8,10,80.0
Amy Gray,8,10,80.0
Jesse Miller,12,15,80.0
Brandi Wright,8,10,80.0
Craig Hall,8,10,80.0
Jessica Hayes,12,15,80.0
Brian Wallace,12,15,80.0
Samantha Price,8,10,80.0
Jill Clark,8,10,80.0
Tina Roberts,8,10,80.0
Amanda Wood,12,15,80.0
Mark Perry,8,10,80.0
Amanda Morales,12,15,80.0
Laura Alexander,8,10,80.0
Theresa Adams,8,10,80.0
Dylan Brown,8,10,80.0
Robert Haynes,8,10,80.0
Maria Bailey,8,10,80.0
Matthew Luna,8,10,80.0
William Powell,16,20,80.0
Christopher Nunez,8,10,80.0
Michael Sharp,12,15,80.0
Frank Lopez,8,10,80.0
Dennis Clark,8,10,80.0
Sara Wood,8,10,80.0
Andrew Allen,16,20,80.0
Michelle Martin,36,45,80.0
Erin Brooks,8,10,80.0
Robert Reid,8,10,80.0
Heather Chapman,8,10,80.0
Laura James,8,10,80.0
Mark West,8,10,80.0
Jason Hudson,8,10,80.0
Dana Carter,8,10,80.0
William Aguirre,8,10,80.0
Ashley Perry,8,10,80.0
Tamara Garcia,8,10,80.0
Ashley Dunn,8,10,80.0
Sarah Wallace,8,10,80.0
Jill Perez,8,10,80.0
Candice Johnson,8,10,80.0
Timothy Ford,8,10,80.0
Elizabeth Ramos,8,10,80.0
Charles Kelly,12,15,80.0
Jessica Vargas,8,10,80.0
David Kim,16,20,80.0
Lisa Alvarez,12,15,80.0
Michelle Kramer,8,10,80.0
Ashley Rose,8,10,80.0
Shannon Lewis,8,10,80.0
Richard Weaver,8,10,80.0
Ronald Hill,8,10,80.0
Linda Alexander,8,10,80.0
John Brock,8,10,80.0
Katherine Brooks,8,10,80.0
Joseph Robertson,8,10,80.0
Thomas Torres,12,15,80.0
Robert Juarez,12,15,80.0
Michael Woodward,8,10,80.0
Jeffrey Nelson,12,15,80.0
Christopher Schwartz,8,10,80.0
David Eaton,8,10,80.0
Anthony Henderson,8,10,80.0
Dana Baker,8,10,80.0
Anthony Peterson,12,15,80.0
Angel Smith,8,10,80.0
Joseph Stevens,12,15,80.0
Patrick Carter,8,10,80.0
Cynthia Myers,8,10,80.0
Brittney Miller,8,10,80.0
Laura Kelley,8,10,80.0
Daniel Stone,8,10,80.0
Tina Johnson,39,49,79.59
Gregory Williams,39,49,79.59
Patricia Miller,35,44,79.55
Holly Smith,35,44,79.55
Jennifer Morgan,31,39,79.49
Kayla Johnson,27,34,79.41
David Cruz,27,34,79.41
Robert Flores,27,34,79.41
Jeffrey Clark,23,29,79.31
John Myers,23,29,79.31
James Russell,23,29,79.31
Adam Martinez,23,29,79.31
Justin Lewis,23,29,79.31
Melissa Perez,23,29,79.31
Danielle Garcia,23,29,79.31
Cheryl Johnson,23,29,79.31
Ronald Johnson,46,58,79.31
Michelle Adams,23,29,79.31
Elizabeth Adams,23,29,79.31
Lori Williams,23,29,79.31
Jeremy Martinez,19,24,79.17
Joshua Stewart,19,24,79.17
Jennifer Morales,19,24,79.17
Charles Allen,19,24,79.17
Andrew Ramirez,19,24,79.17
Michael Watkins,19,24,79.17
Patricia Green,19,24,79.17
Kimberly Perry,19,24,79.17
Amber Miller,19,24,79.17
Stephen Baker,19,24,79.17
Melissa Ramirez,19,24,79.17
April Jones,19,24,79.17
Maria Taylor,19,24,79.17
Elizabeth Robinson,19,24,79.17
Jeremy Brown,38,48,79.17
Amanda Adams,19,24,79.17
Daniel Diaz,19,24,79.17
Ashley Stewart,19,24,79.17
Ashley Carter,19,24,79.17
Amanda Taylor,38,48,79.17
Jeffrey Mitchell,19,24,79.17
Olivia Smith,19,24,79.17
Michael Contreras,19,24,79.17
Angela White,34,43,79.07
Denise Johnson,34,43,79.07
Kelly Carter,15,19,78.95
Michael Holmes,30,38,78.95
Danielle Hernandez,15,19,78.95
Kelly Wilson,30,38,78.95
Stephen Clark,15,19,78.95
Theresa Miller,15,19,78.95
Carrie Williams,15,19,78.95
Suzanne Williams,15,19,78.95
Samantha Watson,15,19,78.95
Gregory Hall,15,19,78.95
Vincent Jones,15,19,78.95
Heather Scott,15,19,78.95
Sherry Williams,15,19,78.95
Stephanie Cook,15,19,78.95
James Carlson,15,19,78.95
Laurie Williams,15,19,78.95
Derrick Smith,15,19,78.95
Julie Gonzalez,15,19,78.95
David Wallace,15,19,78.95
Julie Jackson,15,19,78.95
Benjamin Lee,15,19,78.95
Scott Murphy,15,19,78.95
Scott Stewart,15,19,78.95
Jacob Lopez,15,19,78.95
James Harper,15,19,78.95
David Gardner,15,19,78.95
James Fernandez,15,19,78.95
Angela Martinez,30,38,78.95
William Herrera,15,19,78.95
Joseph Gibson,15,19,78.95
Angela Mitchell,15,19,78.95
Larry Martinez,15,19,78.95
Christopher Wallace,15,19,78.95
Kevin Parker,15,19,78.95
Jeremy Lopez,15,19,78.95
Christopher Jennings,15,19,78.95
Amanda Sullivan,15,19,78.95
Amy Watson,15,19,78.95
Debra White,15,19,78.95
Adam Hernandez,15,19,78.95
Jessica Reyes,15,19,78.95
Matthew Morgan,15,19,78.95
Lori Jackson,15,19,78.95
Zachary Thomas,15,19,78.95
Gary Miller,15,19,78.95
Deborah Jackson,15,19,78.95
James Richards,15,19,78.95
Jennifer Hunt,15,19,78.95
Karen Baker,15,19,78.95
Jonathan Garcia,30,38,78.95
Victor Smith,15,19,78.95
Mark Bell,15,19,78.95
Tammy Harris,15,19,78.95
Cynthia Gonzalez,15,19,78.95
Ashley Reyes,15,19,78.95
Tanya Jones,15,19,78.95
Cassandra Johnson,15,19,78.95
Robert Knight,15,19,78.95
Patricia Moore,26,33,78.79
Michael Hamilton,26,33,78.79
Kristen Williams,26,33,78.79
Mary Allen,26,33,78.79
Mary Lewis,26,33,78.79
Elizabeth White,37,47,78.72
Richard Thomas,37,47,78.72
Amy Woods,11,14,78.57
David Lambert,11,14,78.57
Richard Green,22,28,78.57
Christopher Perkins,11,14,78.57
Mary Hicks,11,14,78.57
Christopher Fowler,11,14,78.57
William Carroll,11,14,78.57
Jason Stone,11,14,78.57
Kimberly Myers,11,14,78.57
Edward Thompson,11,14,78.57
Joseph Soto,11,14,78.57
Ashley Meyer,11,14,78.57
Daniel Weaver,11,14,78.57
Michael James,33,42,78.57
Laura Wood,11,14,78.57
Lindsey Martin,11,14,78.57
Jamie Ramirez,11,14,78.57
Christopher Higgins,11,14,78.57
James Joseph,11,14,78.57
Michael Mullen,11,14,78.57
Catherine Lewis,11,14,78.57
David Brewer,11,14,78.57
Kimberly Boyd,11,14,78.57
Tyler Mitchell,11,14,78.57
Amy Wright,22,28,78.57
Jennifer Fitzgerald,11,14,78.57
Samantha Edwards,11,14,78.57
William Ross,11,14,78.57
William Austin,11,14,78.57
Lisa Castillo,11,14,78.57
Emily Mitchell,11,14,78.57
Eric Collins,11,14,78.57
Joseph Barnes,11,14,78.57
Cameron Jones,11,14,78.57
Lisa Hanson,11,14,78.57
Theresa Garcia,11,14,78.57
Brian Cole,11,14,78.57
Benjamin Walker,11,14,78.57
Matthew Jenkins,11,14,78.57
Christopher Valdez,11,14,78.57
Maria Young,11,14,78.57
Andrew Sullivan,11,14,78.57
Sandra Gonzalez,11,14,78.57
Donald White,11,14,78.57
Joseph Kennedy,11,14,78.57
Joseph Weaver,11,14,78.57
Tracy Adams,11,14,78.57
Philip Jones,11,14,78.57
Lisa Hawkins,11,14,78.57
Matthew Patel,11,14,78.57
Aaron Ramirez,11,14,78.57
John Carr,11,14,78.57
Matthew Willis,11,14,78.57
Ryan Evans,11,14,78.57
April Clark,11,14,78.57
Adam Lewis,11,14,78.57
Amy Hamilton,11,14,78.57
Andrew Kelly,11,14,78.57
Jonathan Stewart,11,14,78.57
Cody Brown,11,14,78.57
Terry Garcia,11,14,78.57
Alicia Thompson,11,14,78.57
Lauren Roberts,11,14,78.57
Charles Turner,11,14,78.57
Charles Hamilton,11,14,78.57
Stephen Green,11,14,78.57
Paula Miller,11,14,78.57
Sara Cox,11,14,78.57
Tamara Johnson,11,14,78.57
Eric Gutierrez,11,14,78.57
Mary Alvarado,11,14,78.57
Amber Scott,11,14,78.57
Lisa Vargas,11,14,78.57
Jonathan Lewis,11,14,78.57
Mark Bennett,11,14,78.57
Mary Stone,11,14,78.57
Steven Cooper,11,14,78.57
Stephanie Barnes,11,14,78.57
Debra Jackson,11,14,78.57
John Estrada,11,14,78.57
Daniel Marshall,11,14,78.57
Natalie Lopez,11,14,78.57
Robin Thomas,11,14,78.57
Ronald Lewis,11,14,78.57
Steven Valdez,11,14,78.57
Margaret Thompson,11,14,78.57
Mark Bryant,11,14,78.57
Matthew Mcdonald,11,14,78.57
Julie Nelson,11,14,78.57
Joseph Ford,11,14,78.57
Joseph Tucker,11,14,78.57
Ryan Parker,11,14,78.57
Lauren Anderson,11,14,78.57
John Mann,11,14,78.57
Mark Soto,11,14,78.57
Rebecca Edwards,11,14,78.57
Edward Carter,11,14,78.57
David Erickson,11,14,78.57
Angela Evans,11,14,78.57
Michael Collier,11,14,78.57
Anthony Baker,22,28,78.57
Jessica Arnold,11,14,78.57
James Barker,11,14,78.57
Ashley Brooks,11,14,78.57
Elizabeth Murray,11,14,78.57
Andrew Patterson,11,14,78.57
Joseph Murray,11,14,78.57
David Palmer,11,14,78.57
Daniel Holmes,11,14,78.57
Nicole Lawrence,11,14,78.57
Sharon Martinez,11,14,78.57
Daniel Sims,11,14,78.57
Shane Martinez,11,14,78.57
Kenneth Allen,11,14,78.57
Jessica Cole,11,14,78.57
Jerry Rodriguez,11,14,78.57
Vanessa Thompson,11,14,78.57
Sean White,11,14,78.57
Michael Myers,33,42,78.57
Jacob Ramirez,11,14,78.57
Linda Lee,11,14,78.57
Brandon Garcia,22,28,78.57
Lynn Smith,22,28,78.57
Susan Phillips,11,14,78.57
Steven Bennett,11,14,78.57
Elizabeth Martinez,33,42,78.57
Amber Cooper,11,14,78.57
Victor Davis,11,14,78.57
Tara Brown,11,14,78.57
Hannah Taylor,11,14,78.57
Christina Ramirez,11,14,78.57
William Porter,11,14,78.57
Matthew Cunningham,11,14,78.57
Michael Juarez,11,14,78.57
Danielle Perez,11,14,78.57
April Baker,11,14,78.57
Amanda Palmer,11,14,78.57
Theresa Moore,11,14,78.57
Evan Brown,11,14,78.57
Eric Henderson,11,14,78.57
Kayla Sanchez,11,14,78.57
Douglas Thompson,11,14,78.57
Phillip Rodriguez,11,14,78.57
Thomas Marshall,11,14,78.57
Jill Miller,11,14,78.57
Michelle Rodriguez,33,42,78.57
Anthony Bennett,11,14,78.57
Brian Oliver,11,14,78.57
Karen Wagner,11,14,78.57
Billy Brown,11,14,78.57
Heather Stevens,11,14,78.57
Susan Williams,51,65,78.46
Cheryl Williams,29,37,78.38
John Cruz,29,37,78.38
Diane Johnson,29,37,78.38
Donna Smith,47,60,78.33
David Jimenez,18,23,78.26
Kristina Williams,18,23,78.26
Tina Rodriguez,18,23,78.26
Heather Lewis,18,23,78.26
Patrick Garcia,18,23,78.26
Jonathan Baker,18,23,78.26
Karen Young,18,23,78.26
Stephanie Young,18,23,78.26
Gregory Martin,18,23,78.26
Nicholas Young,18,23,78.26
Christopher Peters,18,23,78.26
Elizabeth Green,18,23,78.26
Erika Jones,18,23,78.26
Kimberly Martinez,54,69,78.26
William Simpson,18,23,78.26
Tyler Martinez,18,23,78.26
Jennifer Castillo,18,23,78.26
Rebecca Perez,18,23,78.26
Christina Hernandez,18,23,78.26
Joseph Peterson,18,23,78.26
Jennifer Burns,18,23,78.26
James Wood,18,23,78.26
Elizabeth Howard,18,23,78.26
Melissa Hall,25,32,78.12
Robert Cooper,25,32,78.12
Lisa Martinez,50,64,78.12
Tyler Brown,25,32,78.12
Jennifer Edwards,32,41,78.05
Deborah Johnson,32,41,78.05
Ashley Young,32,41,78.05
John Peterson,32,41,78.05
Steven Davis,46,59,77.97
Jeremy Smith,46,59,77.97
Dominique Smith,14,18,77.78
Robert French,7,9,77.78
Melissa Guerrero,7,9,77.78
Peter Carter,7,9,77.78
Phillip Thompson,7,9,77.78
Sarah Greer,7,9,77.78
Melanie Thompson,7,9,77.78
Justin Arnold,7,9,77.78
John Cline,7,9,77.78
Richard Butler,7,9,77.78
Karen Collins,7,9,77.78
Michelle Carter,21,27,77.78
Jacqueline Scott,7,9,77.78
Pamela Cole,7,9,77.78
Harold Smith,7,9,77.78
Stephanie Mendez,7,9,77.78
Whitney Lewis,7,9,77.78
Julia Ramirez,7,9,77.78
Tiffany Howell,7,9,77.78
Scott Russell,7,9,77.78
Mark Knight,7,9,77.78
Drew Smith,7,9,77.78
Kelly Henderson,7,9,77.78
Shannon Fisher,7,9,77.78
Kaitlyn Jones,7,9,77.78
Nicole Jimenez,7,9,77.78
Roberto Williams,7,9,77.78
Richard Pierce,7,9,77.78
Angela Salazar,7,9,77.78
Kelly Pearson,7,9,77.78
Nicholas Gray,7,9,77.78
Elizabeth Simpson,7,9,77.78
Jennifer Chapman,7,9,77.78
Jason Mccormick,7,9,77.78
Jeffrey Barnes,7,9,77.78
Kimberly Henderson,7,9,77.78
Timothy Ward,14,18,77.78
Francisco Smith,14,18,77.78
Cynthia Fisher,7,9,77.78
Derrick Wilson,7,9,77.78
Carrie Flores,7,9,77.78
Thomas Pena,7,9,77.78
Nicholas Tyler,7,9,77.78
Daniel Estrada,7,9,77.78
Jeffrey Hogan,7,9,77.78
Robert Love,7,9,77.78
Thomas Knight,7,9,77.78
Cassandra Perez,7,9,77.78
Brandon Shaw,7,9,77.78
James Mcpherson,7,9,77.78
William Stephens,7,9,77.78
Wendy Allen,7,9,77.78
James Murray,21,27,77.78
Karen Wallace,7,9,77.78
James Becker,7,9,77.78
Ryan Payne,7,9,77.78
Charles Perkins,7,9,77.78
Janet Clark,7,9,77.78
Elizabeth Lynch,7,9,77.78
Laura West,7,9,77.78
Gloria Brown,7,9,77.78
Donna Gomez,7,9,77.78
Amy Wells,7,9,77.78
Stephen Henderson,7,9,77.78
Jose Gonzalez,7,9,77.78
Zachary Campbell,7,9,77.78
Antonio Anderson,7,9,77.78
Heather Hudson,7,9,77.78
Michelle Mccoy,7,9,77.78
John Rice,7,9,77.78
Scott Pearson,7,9,77.78
Adam Vargas,7,9,77.78
Jeremy Webb,7,9,77.78
Kevin Caldwell,7,9,77.78
Timothy Payne,7,9,77.78
Danielle Torres,7,9,77.78
Laura Castillo,7,9,77.78
Jennifer Maxwell,7,9,77.78
Sean Kelly,7,9,77.78
Raymond Clark,7,9,77.78
Benjamin Hughes,7,9,77.78
Mary Willis,7,9,77.78
Alan Lopez,7,9,77.78
Elizabeth Beck,7,9,77.78
Justin Price,7,9,77.78
Kristin Lee,14,18,77.78
Kristen Miller,21,27,77.78
Roger Martinez,7,9,77.78
Zachary Perry,7,9,77.78
Andrew Little,7,9,77.78
Michael Cline,7,9,77.78
Margaret Hernandez,7,9,77.78
Angela Hawkins,7,9,77.78
Susan Gomez,7,9,77.78
Ann Martinez,7,9,77.78
Paul Jordan,7,9,77.78
Eric Hunter,7,9,77.78
Charles Simon,7,9,77.78
Brian Saunders,7,9,77.78
Patrick King,7,9,77.78
Ryan Porter,7,9,77.78
Richard Malone,7,9,77.78
Adam Howell,7,9,77.78
Keith Thompson,7,9,77.78
Crystal Mcdonald,7,9,77.78
Kimberly Nguyen,14,18,77.78
Robert Mccall,7,9,77.78
Linda Peters,7,9,77.78
Patrick Howard,7,9,77.78
Michael Neal,7,9,77.78
Timothy Moore,35,45,77.78
John Parks,7,9,77.78
Brett Davis,7,9,77.78
Jennifer Cannon,7,9,77.78
Taylor Wood,7,9,77.78
Richard Jennings,7,9,77.78
David Jensen,7,9,77.78
Shannon Cruz,7,9,77.78
David Pittman,7,9,77.78
Elizabeth Vasquez,14,18,77.78
Christopher Swanson,7,9,77.78
Paul Price,7,9,77.78
Timothy Long,7,9,77.78
Heather Matthews,7,9,77.78
Kyle Evans,7,9,77.78
Tyler Ramirez,14,18,77.78
Laura Marshall,7,9,77.78
Heather Castro,7,9,77.78
James Pearson,7,9,77.78
Elizabeth Poole,7,9,77.78
Melissa Ramos,7,9,77.78
Ashley Scott,21,27,77.78
Christopher Watson,28,36,77.78
William Ford,7,9,77.78
Brandon Stephens,7,9,77.78
Dawn Stewart,7,9,77.78
Deborah Perez,7,9,77.78
Eric Cruz,7,9,77.78
Thomas Castaneda,7,9,77.78
James Snyder,14,18,77.78
Jacqueline Gutierrez,7,9,77.78
Amanda Lyons,7,9,77.78
Matthew Logan,7,9,77.78
Jennifer Barron,7,9,77.78
Daniel Barnett,7,9,77.78
Ann Taylor,7,9,77.78
Heather Rivera,7,9,77.78
Samantha Castillo,7,9,77.78
Dylan Ramirez,7,9,77.78
Mary Guzman,7,9,77.78
Daniel Lucas,7,9,77.78
Lindsey Johnson,14,18,77.78
Debra Perez,7,9,77.78
Austin Lopez,7,9,77.78
Paul Ward,7,9,77.78
Sharon Clark,14,18,77.78
Lindsay Garcia,7,9,77.78
Kimberly Hopkins,7,9,77.78
Jennifer Zamora,7,9,77.78
Michelle Crawford,14,18,77.78
Robert Alvarez,14,18,77.78
John Henderson,21,27,77.78
Jason Perkins,7,9,77.78
Corey Wilson,7,9,77.78
Matthew Beck,7,9,77.78
Jordan Nguyen,7,9,77.78
Andrea Murphy,7,9,77.78
Robert Cortez,7,9,77.78
Jamie James,7,9,77.78
Cheryl Mitchell,7,9,77.78
Kathleen Walker,14,18,77.78
Jordan Turner,7,9,77.78
Jennifer Pace,7,9,77.78
Phillip Taylor,7,9,77.78
Bryan Evans,7,9,77.78
Michael Castaneda,7,9,77.78
Mary Wells,7,9,77.78
Lawrence Rodriguez,7,9,77.78
Nicole Spencer,7,9,77.78
Sarah Bishop,7,9,77.78
Carolyn Torres,7,9,77.78
Robert Pena,7,9,77.78
Anthony Richardson,14,18,77.78
Julie Snyder,7,9,77.78
Brett Miller,7,9,77.78
Andre Miller,7,9,77.78
Luis Mitchell,7,9,77.78
Matthew Walker,28,36,77.78
Ashley Jensen,7,9,77.78
Jennifer Carr,7,9,77.78
David Barrett,7,9,77.78
Ryan Ross,7,9,77.78
Edward Campbell,7,9,77.78
Jay Anderson,7,9,77.78
Daniel Holloway,7,9,77.78
Lisa Ryan,7,9,77.78
William Yates,7,9,77.78
Jeffrey Keller,7,9,77.78
Derek Jones,7,9,77.78
Ronald Collins,7,9,77.78
Russell Davis,7,9,77.78
Lisa Delgado,7,9,77.78
James Galvan,7,9,77.78
Daniel Black,14,18,77.78
Thomas Carlson,7,9,77.78
William Pearson,7,9,77.78
Sarah Cruz,7,9,77.78
Paul Morgan,7,9,77.78
Andrew Crawford,7,9,77.78
Tanner Jones,7,9,77.78
Elizabeth Medina,7,9,77.78
Michelle Cruz,7,9,77.78
Julie Kennedy,7,9,77.78
Angela Carroll,7,9,77.78
Matthew Nunez,7,9,77.78
Charles Bailey,7,9,77.78
Michelle Lamb,7,9,77.78
Stephanie Henderson,7,9,77.78
Jacob Richardson,7,9,77.78
Lisa Terry,7,9,77.78
James Orr,7,9,77.78
Jeremy Allen,7,9,77.78
Amanda Le,7,9,77.78
Mark Leonard,7,9,77.78
Amy White,35,45,77.78
Paul Murray,7,9,77.78
David Barker,7,9,77.78
Janet Sanchez,7,9,77.78
Ashley Stevens,7,9,77.78
Sarah Mccoy,7,9,77.78
Wendy Thompson,7,9,77.78
Ashley Ward,14,18,77.78
Anne Hernandez,7,9,77.78
Carol Rodriguez,14,18,77.78
Daniel Wells,7,9,77.78
Michael Valenzuela,7,9,77.78
Eric Mitchell,14,18,77.78
Edward Edwards,7,9,77.78
Eric Stevens,7,9,77.78
John Moss,14,18,77.78
Shannon Richardson,7,9,77.78
Miguel Smith,7,9,77.78
Rebecca Carroll,7,9,77.78
Michelle Avila,7,9,77.78
Carlos Miller,7,9,77.78
Jeremy Hall,7,9,77.78
John Quinn,7,9,77.78
Justin Alvarez,7,9,77.78
Brian Ortega,7,9,77.78
Andrea Gomez,7,9,77.78
Stacey Davis,7,9,77.78
Terry Hall,7,9,77.78
Charles Ross,7,9,77.78
Cynthia Bowman,7,9,77.78
Teresa Taylor,14,18,77.78
Charles Morris,7,9,77.78
Michelle Romero,7,9,77.78
Angela Warren,7,9,77.78
Alexis Rodriguez,7,9,77.78
Scott Cunningham,7,9,77.78
Jeremy Price,7,9,77.78
Steven Payne,7,9,77.78
Carrie Moore,7,9,77.78
William Foster,14,18,77.78
Andrew Moreno,7,9,77.78
Jennifer Fuller,7,9,77.78
Jeremy Collins,7,9,77.78
Gregory Nelson,7,9,77.78
Michael Cordova,7,9,77.78
Jeremy White,14,18,77.78
Melissa Ramsey,7,9,77.78
Amy Larson,7,9,77.78
Tyler Kelly,7,9,77.78
Kevin Oliver,7,9,77.78
Richard Fowler,7,9,77.78
Christopher Mcclain,7,9,77.78
Taylor Nelson,7,9,77.78
Angela Holmes,7,9,77.78
Barbara Young,7,9,77.78
Tracy Rivera,7,9,77.78
Nicole Rose,7,9,77.78
Heather Singh,7,9,77.78
Christina Anderson,21,27,77.78
Amber Peterson,7,9,77.78
Mark Reid,7,9,77.78
Richard Kennedy,7,9,77.78
Brooke Rodriguez,7,9,77.78
Colleen Jones,7,9,77.78
Samantha Rios,7,9,77.78
Maria Stewart,7,9,77.78
Joseph Dominguez,7,9,77.78
Craig Young,7,9,77.78
Elizabeth Arnold,7,9,77.78
Theresa Harris,7,9,77.78
Jennifer Wyatt,7,9,77.78
Anthony Welch,7,9,77.78
Catherine Martinez,7,9,77.78
Kendra Williams,7,9,77.78
Daniel Soto,7,9,77.78
Leslie Martinez,7,9,77.78
Jennifer Proctor,7,9,77.78
Timothy Bryant,7,9,77.78
Jennifer Chambers,7,9,77.78
Kimberly Gonzales,7,9,77.78
Jose Rivera,7,9,77.78
Elizabeth Larson,7,9,77.78
Laura Romero,7,9,77.78
Sandra Rivera,7,9,77.78
Katherine Gomez,7,9,77.78
Steven Silva,7,9,77.78
Eric Jackson,21,27,77.78
Wayne Johnson,14,18,77.78
Hannah Lee,7,9,77.78
James Gonzalez,63,81,77.78
Kimberly Rogers,14,18,77.78
Megan Perez,14,18,77.78
Adam Ward,7,9,77.78
James Mcgee,7,9,77.78
Steven Lowe,7,9,77.78
John York,7,9,77.78
Kristen Taylor,7,9,77.78
Kaitlyn Johnson,14,18,77.78
Kelly Cruz,7,9,77.78
Lisa Chen,7,9,77.78
April Green,7,9,77.78
Joseph Ray,14,18,77.78
William Rivera,21,27,77.78
Ryan Castillo,7,9,77.78
Kathryn Mitchell,7,9,77.78
Joseph Freeman,14,18,77.78
Kathryn Ortiz,7,9,77.78
Jason Espinoza,7,9,77.78
Mary Vega,7,9,77.78
Barbara Jones,14,18,77.78
Mark Daniels,7,9,77.78
Erin West,7,9,77.78
Angela Jimenez,7,9,77.78
Jenna Martinez,7,9,77.78
Catherine Jenkins,7,9,77.78
Edwin Wilson,7,9,77.78
Seth Smith,14,18,77.78
Adam Lopez,7,9,77.78
Lori James,7,9,77.78
Lori Campbell,7,9,77.78
Matthew Brock,7,9,77.78
Kathryn Martin,7,9,77.78
Debbie Moore,7,9,77.78
Daniel Hardy,7,9,77.78
Robert Bryan,7,9,77.78
Richard Sharp,7,9,77.78
Edward Peterson,7,9,77.78
Sarah Mcdonald,7,9,77.78
Andrew Pena,7,9,77.78
Sherry Jones,21,27,77.78
Lisa Mccoy,7,9,77.78
Michael Flynn,7,9,77.78
Michael Strong,7,9,77.78
Michelle Burgess,7,9,77.78
Brian Goodwin,7,9,77.78
Rhonda Martinez,7,9,77.78
Peter Hill,7,9,77.78
Ashley Henderson,14,18,77.78
Nancy Nelson,7,9,77.78
Lisa Webster,7,9,77.78
Patricia Kim,7,9,77.78
Molly Hernandez,7,9,77.78
Michael Schwartz,21,27,77.78
Jonathan Moore,28,36,77.78
Robert Stevenson,7,9,77.78
Joanna Miller,7,9,77.78
James Patton,7,9,77.78
Steven Williamson,7,9,77.78
Stephen Martin,21,27,77.78
Nancy Mitchell,7,9,77.78
Marie Williams,7,9,77.78
Robert Bradley,14,18,77.78
David Saunders,7,9,77.78
Anthony Salazar,7,9,77.78
Eric Turner,14,18,77.78
Jonathan Gibson,7,9,77.78
Jordan Allen,7,9,77.78
Shane Miller,7,9,77.78
Barbara Hernandez,14,18,77.78
Timothy Barrett,7,9,77.78
Jennifer Deleon,7,9,77.78
George Hill,7,9,77.78
Joseph Christensen,7,9,77.78
Lisa Caldwell,7,9,77.78
Brandon Murray,7,9,77.78
Richard Elliott,7,9,77.78
Krystal Johnson,7,9,77.78
Thomas Crawford,7,9,77.78
Christine Alvarez,7,9,77.78
Jimmy Jones,7,9,77.78
Devin Rodriguez,7,9,77.78
Carol Jackson,7,9,77.78
Amanda Byrd,7,9,77.78
Brandon Diaz,7,9,77.78
Lori Hall,7,9,77.78
Christine Burns,7,9,77.78
Angela Bowman,7,9,77.78
Brandi Jones,7,9,77.78
Kevin Boyd,7,9,77.78
Joshua Walker,28,36,77.78
Sean King,7,9,77.78
Amber Cole,7,9,77.78
Anthony Kennedy,7,9,77.78
Eric Wagner,7,9,77.78
Monica Sanchez,7,9,77.78
Laura Patel,7,9,77.78
Scott Simmons,7,9,77.78
Susan Vargas,7,9,77.78
Jeffery Miller,7,9,77.78
Justin Day,7,9,77.78
Donna Woods,7,9,77.78
Lori Sullivan,7,9,77.78
Shawn Ward,7,9,77.78
Sonya Davis,7,9,77.78
Adam Roberts,14,18,77.78
Robert Ingram,7,9,77.78
Danielle Richardson,7,9,77.78
Stacey Johnson,14,18,77.78
Jason Porter,7,9,77.78
Kelsey Torres,7,9,77.78
Erin Evans,7,9,77.78
Linda Allen,7,9,77.78
Sara Hall,7,9,77.78
Christopher George,7,9,77.78
Cory White,7,9,77.78
Keith Peterson,7,9,77.78
Martin Rodriguez,7,9,77.78
Lisa Walters,7,9,77.78
Ryan Knight,7,9,77.78
Timothy Little,7,9,77.78
Lauren Taylor,21,27,77.78
Krista Johnson,7,9,77.78
Amanda Moreno,7,9,77.78
Robert Cole,14,18,77.78
Leslie Hernandez,7,9,77.78
Daniel Pearson,7,9,77.78
James Gordon,7,9,77.78
John Savage,7,9,77.78
Sherry Anderson,7,9,77.78
Kimberly Gardner,7,9,77.78
Brian Hoffman,14,18,77.78
Lori Torres,7,9,77.78
Roger Lewis,7,9,77.78
Tracey Jones,7,9,77.78
Christine Diaz,7,9,77.78
Melissa Henry,7,9,77.78
David Hardy,7,9,77.78
James Aguilar,14,18,77.78
Jonathan Mcdonald,7,9,77.78
Danny Moore,7,9,77.78
Wendy Nelson,7,9,77.78
Stephanie Kim,7,9,77.78
Vincent Green,7,9,77.78
Joshua Berry,7,9,77.78
Bryan Jackson,7,9,77.78
Dustin Wood,7,9,77.78
Joshua Spencer,7,9,77.78
Jessica Terry,7,9,77.78
Katherine Young,7,9,77.78
Lisa Curtis,7,9,77.78
Justin Elliott,7,9,77.78
Elizabeth Hudson,7,9,77.78
Maria Morrison,7,9,77.78
Jeremy Hughes,7,9,77.78
Christy Jones,7,9,77.78
Joseph Hughes,7,9,77.78
Kelly Salazar,7,9,77.78
Jennifer Lamb,7,9,77.78
Lindsey Torres,7,9,77.78
Adam Kim,7,9,77.78
Lauren Adams,14,18,77.78
Matthew Fuller,7,9,77.78
Jasmine Harris,7,9,77.78
Bradley Harris,7,9,77.78
David Harmon,7,9,77.78
Henry Brown,7,9,77.78
Christopher Manning,7,9,77.78
Rebecca Stephens,7,9,77.78
Robin Walker,7,9,77.78
William Sharp,7,9,77.78
Julie Coleman,7,9,77.78
Linda Walker,14,18,77.78
Brian Parker,14,18,77.78
Donna Ward,7,9,77.78
Kevin Zimmerman,7,9,77.78
Joseph Lawson,7,9,77.78
Carrie Campbell,7,9,77.78
Julia Cook,7,9,77.78
Benjamin Arnold,7,9,77.78
Luis Martin,7,9,77.78
Chad Allen,7,9,77.78
Dennis Taylor,7,9,77.78
Manuel Rodriguez,7,9,77.78
Jennifer Shaffer,7,9,77.78
Robert Shelton,7,9,77.78
Jonathan Thomas,28,36,77.78
Amanda Burke,7,9,77.78
Melinda Martinez,7,9,77.78
Kimberly Lowe,7,9,77.78
Kimberly Marshall,7,9,77.78
Brian Grant,7,9,77.78
Crystal Reyes,7,9,77.78
John Solis,7,9,77.78
Matthew Rush,7,9,77.78
Deborah Lopez,7,9,77.78
Katherine Parker,7,9,77.78
Michelle Ruiz,7,9,77.78
Adam Nguyen,7,9,77.78
Thomas Collins,14,18,77.78
April Ramirez,7,9,77.78
Sarah Ramos,7,9,77.78
Monica Thomas,14,18,77.78
Lisa Howell,7,9,77.78
Kathleen Martin,7,9,77.78
James Velasquez,7,9,77.78
Michelle Moran,7,9,77.78
Kathleen Evans,7,9,77.78
Joyce Williams,7,9,77.78
Mark Nichols,7,9,77.78
Terry Scott,7,9,77.78
Dale Miller,7,9,77.78
Adam Watson,7,9,77.78
Patricia Collins,14,18,77.78
Raymond Garcia,7,9,77.78
Ryan Williamson,7,9,77.78
Melissa Aguilar,7,9,77.78
Anna Moore,7,9,77.78
James Oneill,7,9,77.78
Christopher Maxwell,7,9,77.78
Anna Thompson,14,18,77.78
Kenneth Cox,7,9,77.78
Sarah Parker,14,18,77.78
Kimberly Cohen,7,9,77.78
Andrea Coleman,7,9,77.78
Kelly Garza,7,9,77.78
Joseph Silva,7,9,77.78
Dana Moore,7,9,77.78
Richard Johnston,7,9,77.78
Valerie Martinez,7,9,77.78
James Hughes,21,27,77.78
Matthew May,7,9,77.78
Linda Bryant,7,9,77.78
Alexander Taylor,14,18,77.78
Miguel Johnson,7,9,77.78
William Gill,7,9,77.78
Valerie Gonzalez,7,9,77.78
Joseph Ruiz,7,9,77.78
Aaron Stewart,7,9,77.78
Scott Stone,7,9,77.78
Thomas Jacobs,7,9,77.78
Michael Wong,14,18,77.78
Courtney Rodriguez,14,18,77.78
Anna Walker,7,9,77.78
Katelyn Williams,7,9,77.78
Sara Morris,7,9,77.78
Timothy Myers,7,9,77.78
Mark Evans,14,18,77.78
Benjamin Rodriguez,14,18,77.78
David Payne,14,18,77.78
Robin Rodriguez,7,9,77.78
Curtis Hernandez,7,9,77.78
Monica Gonzalez,7,9,77.78
Jamie Perez,7,9,77.78
Elizabeth Cooper,14,18,77.78
Erica Jackson,7,9,77.78
Becky Jones,7,9,77.78
Kristen Kelly,7,9,77.78
Keith Sanchez,7,9,77.78
Heather Lane,7,9,77.78
Deanna Harris,7,9,77.78
Eric Shelton,7,9,77.78
David Riley,7,9,77.78
Emily Baker,14,18,77.78
Erin Ramos,7,9,77.78
Kevin Gardner,7,9,77.78
Christopher Le,7,9,77.78
David Olsen,7,9,77.78
Rachael Johnson,7,9,77.78
Jessica Dixon,7,9,77.78
Renee Lewis,7,9,77.78
Christopher Barnett,7,9,77.78
Kenneth Wong,7,9,77.78
Gregory Morgan,7,9,77.78
Christopher Malone,7,9,77.78
Rachel Graham,7,9,77.78
Jacqueline Reynolds,7,9,77.78
William Baker,28,36,77.78
Alison Smith,14,18,77.78
Thomas Hansen,7,9,77.78
Lisa Shelton,7,9,77.78
Heather Tran,7,9,77.78
Jonathan Collins,7,9,77.78
Shannon Collins,7,9,77.78
James Holloway,7,9,77.78
Ricky Anderson,7,9,77.78
Antonio Garcia,7,9,77.78
Matthew Richardson,21,27,77.78
Kimberly Duncan,7,9,77.78
John Walter,7,9,77.78
Cynthia Collins,7,9,77.78
Ashley Ellis,7,9,77.78
Nathan Roberts,7,9,77.78
Taylor Chavez,7,9,77.78
Tammy Jackson,14,18,77.78
Andrea Castro,7,9,77.78
Kimberly Higgins,7,9,77.78
Jordan King,7,9,77.78
Kimberly Richards,7,9,77.78
Denise Nelson,7,9,77.78
Todd Hill,7,9,77.78
Kelly Fisher,7,9,77.78
Christopher Dean,7,9,77.78
Scott Daniels,7,9,77.78
David Yates,7,9,77.78
Angela Bernard,7,9,77.78
Benjamin Perkins,7,9,77.78
Brian Morgan,7,9,77.78
Lori Walker,7,9,77.78
Ashley Hunt,7,9,77.78
Jacqueline Collins,7,9,77.78
Jonathan Gonzales,7,9,77.78
April Thompson,7,9,77.78
Matthew Walton,7,9,77.78
Mary Pearson,7,9,77.78
Jesse Turner,7,9,77.78
Justin Vasquez,7,9,77.78
Toni Johnson,7,9,77.78
Carolyn White,7,9,77.78
Stephen Stone,7,9,77.78
Jordan Crawford,7,9,77.78
Stephanie Garza,7,9,77.78
Vanessa Jones,14,18,77.78
Angela Ferguson,7,9,77.78
Jason James,7,9,77.78
Brenda James,7,9,77.78
Deborah Nguyen,7,9,77.78
Andrew Cox,14,18,77.78
Nathan Clark,7,9,77.78
Thomas Morrison,7,9,77.78
Brian Owens,7,9,77.78
Kevin George,7,9,77.78
Lisa Barnes,14,18,77.78
Peter Lewis,7,9,77.78
Thomas Wolfe,7,9,77.78
Corey Brown,14,18,77.78
John Craig,7,9,77.78
Raymond Campbell,7,9,77.78
Margaret Rogers,7,9,77.78
Amy Owens,7,9,77.78
Jeremy Cook,7,9,77.78
Christopher Acosta,7,9,77.78
Kristen Walker,14,18,77.78
Austin Hernandez,7,9,77.78
Todd Lee,7,9,77.78
Aaron Cox,7,9,77.78
Elizabeth Matthews,7,9,77.78
Briana Smith,7,9,77.78
Tammy Hall,14,18,77.78
Ann Jones,14,18,77.78
Danielle Young,7,9,77.78
James Perkins,7,9,77.78
Cindy Baker,7,9,77.78
Albert Brown,7,9,77.78
Laurie Harris,7,9,77.78
Michael Larsen,7,9,77.78
Caitlin Thomas,7,9,77.78
David Pierce,14,18,77.78
Adam Hall,14,18,77.78
Amy Chavez,7,9,77.78
Julie Watson,7,9,77.78
Amy Fuller,7,9,77.78
Michael Mays,7,9,77.78
Philip Moore,7,9,77.78
Robert Osborne,7,9,77.78
Robin King,7,9,77.78
Lisa Ruiz,7,9,77.78
Jose Jackson,14,18,77.78
Andrew Dixon,7,9,77.78
Joshua Richards,7,9,77.78
Chelsea Hernandez,7,9,77.78
Diana Smith,28,36,77.78
William Hansen,7,9,77.78
Kimberly Underwood,7,9,77.78
John Delacruz,7,9,77.78
Kyle Castillo,7,9,77.78
Kevin Bass,7,9,77.78
Elizabeth Manning,7,9,77.78
Scott Griffin,7,9,77.78
Margaret Reynolds,7,9,77.78
Laura Barnes,7,9,77.78
Lisa Guerrero,7,9,77.78
Kimberly Hunt,7,9,77.78
Kimberly Schwartz,7,9,77.78
Joshua Patel,7,9,77.78
William Castillo,7,9,77.78
Samantha Sullivan,7,9,77.78
Kyle Martin,14,18,77.78
Jessica Chen,7,9,77.78
Jennifer Roberson,7,9,77.78
Michael Gaines,7,9,77.78
Kelly Rice,7,9,77.78
Derrick Thompson,7,9,77.78
Ryan Barnes,7,9,77.78
Elizabeth Johnston,7,9,77.78
Andrew Fox,7,9,77.78
Jessica Wolfe,7,9,77.78
Julie Alvarez,7,9,77.78
Wesley Miller,7,9,77.78
Matthew Douglas,7,9,77.78
Kevin Barrett,7,9,77.78
Sierra Smith,7,9,77.78
Dennis Sanchez,7,9,77.78
Jeffrey Russell,7,9,77.78
Randy Davis,7,9,77.78
Jeffrey Green,14,18,77.78
Paul Parker,7,9,77.78
Alyssa Rivera,7,9,77.78
Lori Ramirez,7,9,77.78
Michael Potter,14,18,77.78
Kimberly Hicks,7,9,77.78
Peter Nelson,7,9,77.78
Gary Stewart,7,9,77.78
Helen Johnson,7,9,77.78
Ashley Hansen,7,9,77.78
Christina West,7,9,77.78
Robin Hall,7,9,77.78
Hannah Ramirez,7,9,77.78
Danny Brown,7,9,77.78
John Abbott,7,9,77.78
Adam Martin,14,18,77.78
Miguel Williams,7,9,77.78
Heather Ross,7,9,77.78
Taylor Nguyen,7,9,77.78
Kenneth Martinez,21,27,77.78
Amanda Hayes,7,9,77.78
Melissa Martin,28,36,77.78
Anthony Ford,7,9,77.78
Rachel Hamilton,7,9,77.78
Daniel Griffith,7,9,77.78
Heather Russell,7,9,77.78
Rachel Caldwell,7,9,77.78
Margaret Richardson,7,9,77.78
Sheila Hernandez,7,9,77.78
Heather Reynolds,7,9,77.78
Jamie Hall,7,9,77.78
Aaron Nelson,7,9,77.78
Michael Conway,7,9,77.78
Aaron Hayes,7,9,77.78
Betty Johnson,7,9,77.78
Christopher Cummings,7,9,77.78
Jose Watson,7,9,77.78
Christopher Ramos,14,18,77.78
Lisa Stephenson,7,9,77.78
Matthew Perkins,7,9,77.78
Karen Owens,7,9,77.78
Karen Lopez,21,27,77.78
Christine Fisher,7,9,77.78
Michele Harris,7,9,77.78
James Griffith,7,9,77.78
Heather Sanchez,14,18,77.78
Richard Cole,7,9,77.78
Patricia Evans,7,9,77.78
Edward Rivera,7,9,77.78
Christopher Wolf,7,9,77.78
Jacob Lane,7,9,77.78
Robert Franklin,14,18,77.78
Jennifer Lane,14,18,77.78
James Serrano,7,9,77.78
Nicole Kelley,7,9,77.78
Richard Hanson,7,9,77.78
Tara Lopez,7,9,77.78
Christopher Solomon,7,9,77.78
Leslie Ward,7,9,77.78
Dawn Rogers,7,9,77.78
Ronald Kim,7,9,77.78
Ashley Chen,7,9,77.78
John Chan,7,9,77.78
Aaron King,14,18,77.78
Cynthia Mendoza,7,9,77.78
Matthew Bailey,14,18,77.78
Sean Clark,7,9,77.78
Ann Nelson,7,9,77.78
Anthony Hoffman,7,9,77.78
Tracy Diaz,7,9,77.78
Nicole Patel,7,9,77.78
Robert Larsen,7,9,77.78
Lisa Short,7,9,77.78
Keith Roberts,7,9,77.78
John Mcgrath,7,9,77.78
Donald Phillips,7,9,77.78
Matthew Cohen,7,9,77.78
Michelle Mason,7,9,77.78
Stephen Phillips,14,18,77.78
Mark Frazier,7,9,77.78
Jason Kelley,7,9,77.78
Tony Rodriguez,7,9,77.78
John Manning,7,9,77.78
Thomas Tran,7,9,77.78
Sean Payne,7,9,77.78
Allison Wright,7,9,77.78
Laura Jensen,7,9,77.78
Diane Evans,7,9,77.78
Edward Ortiz,7,9,77.78
Nancy Turner,7,9,77.78
Danielle Sanchez,7,9,77.78
Cody Sanchez,7,9,77.78
Shannon Gonzalez,14,18,77.78
Diane Walker,7,9,77.78
Elizabeth Logan,7,9,77.78
Jennifer Dixon,14,18,77.78
Patricia Robertson,7,9,77.78
John Webster,7,9,77.78
Casey Martin,7,9,77.78
Christina Mendez,7,9,77.78
Melissa Robbins,7,9,77.78
Amanda Garza,7,9,77.78
Rebecca Jackson,28,36,77.78
Michelle Woods,7,9,77.78
Michael Haley,7,9,77.78
Mary Wright,28,36,77.78
Beverly Johnson,7,9,77.78
Joshua Robertson,7,9,77.78
Kristen Adams,7,9,77.78
Sandra Fisher,7,9,77.78
Stacey Thompson,7,9,77.78
Brian Harper,7,9,77.78
Amanda Collins,21,27,77.78
Deborah Murphy,7,9,77.78
Sandra Coleman,7,9,77.78
Derek Perez,7,9,77.78
Melissa Graham,7,9,77.78
Angela Lawson,7,9,77.78
Victoria Parker,7,9,77.78
Mark Sparks,7,9,77.78
Natasha Davis,7,9,77.78
Patricia Mitchell,7,9,77.78
Kimberly Page,7,9,77.78
Zachary Brooks,7,9,77.78
Nicholas Olson,7,9,77.78
Michelle Wood,14,18,77.78
Felicia Taylor,7,9,77.78
Stephen Coleman,7,9,77.78
Angel Anderson,7,9,77.78
Samuel Lopez,7,9,77.78
Brenda Flores,7,9,77.78
Michael Melton,7,9,77.78
Michael Blackwell,7,9,77.78
Christopher Fitzgerald,7,9,77.78
Anthony Powers,7,9,77.78
Michelle Lawrence,7,9,77.78
Victoria Martin,7,9,77.78
Jennifer Reilly,7,9,77.78
Ryan Luna,7,9,77.78
Veronica Lee,7,9,77.78
John Wang,7,9,77.78
Rachel Richardson,7,9,77.78
Barry Johnson,7,9,77.78
Daniel Barker,7,9,77.78
Charles Lawrence,7,9,77.78
Robert Gill,7,9,77.78
Nicholas Simpson,7,9,77.78
David Estrada,14,18,77.78
Kelly Johnson,52,67,77.61
Robert Mitchell,38,49,77.55
Jamie Miller,31,40,77.5
Kevin Martin,31,40,77.5
Mary Lopez,31,40,77.5
Zachary Johnson,31,40,77.5
Brian Thompson,31,40,77.5
Jason Hernandez,31,40,77.5
Ashley Hall,24,31,77.42
Christopher Jordan,24,31,77.42
Robert Wood,24,31,77.42
Stephen Wilson,24,31,77.42
Keith Brown,24,31,77.42
Justin Robinson,24,31,77.42
William Brooks,24,31,77.42
John Bell,24,31,77.42
Justin White,24,31,77.42
Gregory Smith,65,84,77.38
Joseph Brown,99,128,77.34
Jessica Gonzales,17,22,77.27
Danielle Lewis,17,22,77.27
Barbara Garcia,17,22,77.27
Travis Miller,17,22,77.27
Tiffany Garcia,17,22,77.27
David Black,17,22,77.27
Megan Lopez,17,22,77.27
Scott Rodriguez,34,44,77.27
Jeffery Jones,17,22,77.27
Jennifer Silva,17,22,77.27
James Gonzales,17,22,77.27
Mary Adams,17,22,77.27
Christine Thompson,17,22,77.27
Terri Smith,17,22,77.27
Denise Anderson,17,22,77.27
Heather Harris,17,22,77.27
Mark Collins,17,22,77.27
Joshua Rogers,17,22,77.27
Brenda Williams,34,44,77.27
Samantha Adams,17,22,77.27
Rachel Perez,17,22,77.27
John Pierce,17,22,77.27
Valerie Brown,17,22,77.27
Kayla Davis,17,22,77.27
Joshua Evans,17,22,77.27
James Bryant,17,22,77.27
Jennifer Gordon,17,22,77.27
William Palmer,17,22,77.27
Katie Brown,17,22,77.27
Kelly Lewis,17,22,77.27
Cynthia Thompson,17,22,77.27
Edward Clark,17,22,77.27
Christopher Kim,17,22,77.27
Joseph Diaz,17,22,77.27
Richard Rivera,17,22,77.27
Mark Adams,17,22,77.27
Kelly Jones,44,57,77.19
David Phillips,44,57,77.19
Stephanie Lee,27,35,77.14
Charles Hernandez,27,35,77.14
Jill Johnson,27,35,77.14
Erin Johnson,37,48,77.08
Laura Miller,37,48,77.08
Richard Andrews,10,13,76.92
Matthew Hines,10,13,76.92
Jeremy Lee,10,13,76.92
Lindsey Davis,10,13,76.92
Daniel Tran,10,13,76.92
Kevin Bradley,10,13,76.92
Scott Byrd,10,13,76.92
Devin Johnson,10,13,76.92
Jennifer Reeves,10,13,76.92
Deborah Walker,10,13,76.92
Carol Gonzalez,10,13,76.92
Donna Hall,10,13,76.92
Heather Kelly,10,13,76.92
David Francis,10,13,76.92
Robin Jackson,10,13,76.92
Misty Smith,10,13,76.92
Luke Jones,10,13,76.92
Cheryl Wilson,10,13,76.92
Taylor Harris,10,13,76.92
Andrew Nichols,10,13,76.92
Christopher Chase,10,13,76.92
Robert Lambert,10,13,76.92
Stephanie Gonzales,10,13,76.92
Cory Jones,10,13,76.92
Kristina Brown,10,13,76.92
Kevin Berry,10,13,76.92
Amber Lewis,10,13,76.92
Rebecca Nguyen,10,13,76.92
Cindy Garcia,10,13,76.92
Susan Howard,10,13,76.92
Carrie Wilson,10,13,76.92
Donna Edwards,10,13,76.92
Brenda Lewis,10,13,76.92
Danny Smith,10,13,76.92
Richard Bailey,10,13,76.92
Amanda Peterson,10,13,76.92
Nicole Reynolds,10,13,76.92
Amy Reynolds,10,13,76.92
Jeffery Taylor,10,13,76.92
Patrick Wright,10,13,76.92
Jacob Murphy,10,13,76.92
Victoria White,10,13,76.92
Jennifer Espinoza,10,13,76.92
Sarah Barnes,10,13,76.92
Anthony Chavez,10,13,76.92
Jennifer Schneider,10,13,76.92
Taylor Williams,20,26,76.92
Sara Perez,10,13,76.92
John Stone,10,13,76.92
Kimberly Ford,10,13,76.92
Stacey Martin,10,13,76.92
Daniel Peters,10,13,76.92
Jennifer Francis,10,13,76.92
Pamela Thompson,10,13,76.92
Kenneth Edwards,10,13,76.92
Heidi Jones,10,13,76.92
Tina Adams,10,13,76.92
Jacob Lewis,20,26,76.92
Lynn Johnson,10,13,76.92
Heather Palmer,10,13,76.92
Mark Arnold,10,13,76.92
Megan Green,10,13,76.92
Lauren Green,10,13,76.92
Scott Carter,10,13,76.92
Thomas Jenkins,10,13,76.92
Scott Johnston,10,13,76.92
Michael Wilkins,10,13,76.92
Alejandro Smith,10,13,76.92
Joseph George,10,13,76.92
Kyle Davis,30,39,76.92
Christopher Johnston,10,13,76.92
Michael Mack,10,13,76.92
Amanda Turner,20,26,76.92
James Fisher,20,26,76.92
Samantha Sanchez,10,13,76.92
Robert Zimmerman,10,13,76.92
David Barber,10,13,76.92
Christopher Lang,10,13,76.92
Jamie Walker,10,13,76.92
Abigail Williams,10,13,76.92
Laura Reynolds,10,13,76.92
Daniel Walters,10,13,76.92
Eric Hansen,10,13,76.92
Pamela Morgan,10,13,76.92
Kenneth Lopez,20,26,76.92
David Tate,10,13,76.92
Jasmine Wilson,10,13,76.92
Michelle Ford,10,13,76.92
Michael Vega,10,13,76.92
David Caldwell,10,13,76.92
Kimberly Cox,10,13,76.92
Joseph Simpson,10,13,76.92
Heather Olson,10,13,76.92
Christopher Barrett,10,13,76.92
Todd Wilson,10,13,76.92
Chad Martin,10,13,76.92
Robert Higgins,10,13,76.92
Kristin Gonzalez,10,13,76.92
Timothy Howard,10,13,76.92
Katherine Scott,10,13,76.92
Kelly Nguyen,10,13,76.92
Heather Hughes,10,13,76.92
Amy Washington,10,13,76.92
Maria Nguyen,10,13,76.92
Kathleen Young,10,13,76.92
Laura Washington,10,13,76.92
Christopher Fuller,10,13,76.92
Chad Smith,30,39,76.92
Catherine Garcia,10,13,76.92
John Stevenson,10,13,76.92
Joseph Mills,10,13,76.92
William Dominguez,10,13,76.92
Debra Hall,10,13,76.92
Crystal Hall,10,13,76.92
Larry Scott,10,13,76.92
Heather Ford,10,13,76.92
Susan Watson,10,13,76.92
Jeremy Edwards,10,13,76.92
Stephen Hernandez,20,26,76.92
Jennifer Moore,70,91,76.92
David Briggs,10,13,76.92
Amanda Kelly,10,13,76.92
Cynthia Wright,10,13,76.92
Debra Rodriguez,10,13,76.92
Veronica Hernandez,10,13,76.92
Donald Lewis,10,13,76.92
Robert Steele,10,13,76.92
Jeffrey Patterson,10,13,76.92
Steven Ward,10,13,76.92
James Goodwin,10,13,76.92
Keith Allen,10,13,76.92
Thomas Peters,10,13,76.92
Haley Williams,10,13,76.92
Donald Martin,10,13,76.92
Jessica Mcdonald,10,13,76.92
Michelle Howard,10,13,76.92
Kevin Wood,10,13,76.92
Rebecca Jones,40,52,76.92
Cindy Williams,20,26,76.92
John Black,10,13,76.92
Samuel Gonzalez,10,13,76.92
Thomas Morgan,10,13,76.92
Michael Jefferson,10,13,76.92
Steven Robertson,10,13,76.92
Jessica Hamilton,10,13,76.92
James West,20,26,76.92
Lauren Wilson,20,26,76.92
William Bradley,10,13,76.92
David Myers,30,39,76.92
Larry Thomas,10,13,76.92
Stephanie Hoffman,10,13,76.92
Michele Hall,10,13,76.92
Marissa Johnson,10,13,76.92
Gregory Roberts,10,13,76.92
James Foley,10,13,76.92
Eric Gonzales,10,13,76.92
Mark Lee,30,39,76.92
Theresa Clark,10,13,76.92
Jennifer Morrison,10,13,76.92
David Heath,10,13,76.92
Tiffany Campbell,10,13,76.92
Alan Brown,10,13,76.92
James Austin,10,13,76.92
Kathleen Rodriguez,10,13,76.92
Robert Ford,20,26,76.92
Jeffrey Watson,10,13,76.92
Jonathan Sullivan,10,13,76.92
Robert Jenkins,20,26,76.92
Sharon Walker,10,13,76.92
Michael Mueller,10,13,76.92
Matthew Rice,10,13,76.92
Michelle Burke,10,13,76.92
Amanda Simmons,10,13,76.92
Tammy Edwards,10,13,76.92
David Goodwin,10,13,76.92
Kristina Taylor,10,13,76.92
Jessica Olson,10,13,76.92
Brian Patel,10,13,76.92
Frank Thompson,10,13,76.92
Joseph Dunn,10,13,76.92
Rebecca Lopez,20,26,76.92
Christopher Hartman,10,13,76.92
Charles Austin,10,13,76.92
John Sandoval,10,13,76.92
John Chapman,10,13,76.92
Stephanie Hudson,10,13,76.92
Theresa Martinez,10,13,76.92
Ashley Ramos,10,13,76.92
Sandra Wright,10,13,76.92
Sharon Thompson,10,13,76.92
Abigail Anderson,10,13,76.92
Bobby Smith,10,13,76.92
Brittany Wood,10,13,76.92
Joseph Willis,10,13,76.92
Daniel Hill,20,26,76.92
Michael Chandler,10,13,76.92
Holly Miller,20,26,76.92
Daniel Vasquez,10,13,76.92
Michael Doyle,10,13,76.92
Aaron Allen,10,13,76.92
David Walsh,10,13,76.92
Brandon Walker,10,13,76.92
Jonathan Morgan,10,13,76.92
Charles Wilson,30,39,76.92
Pamela Hill,10,13,76.92
Joseph Carpenter,10,13,76.92
Jason Baker,20,26,76.92
Craig Moore,10,13,76.92
Patricia Morris,10,13,76.92
James Day,10,13,76.92
Brian Dunn,10,13,76.92
Lori Wright,10,13,76.92
James Lucas,10,13,76.92
William Barber,10,13,76.92
Julie Lopez,20,26,76.92
Mary Gray,10,13,76.92
Vickie Smith,10,13,76.92
Michael Espinoza,10,13,76.92
Courtney Perez,10,13,76.92
Justin Bailey,10,13,76.92
Kelly Shaw,10,13,76.92
Crystal Morgan,10,13,76.92
Kimberly Moreno,10,13,76.92
Thomas Henry,10,13,76.92
Kevin Bryant,10,13,76.92
Rachel Kelly,10,13,76.92
Brandon King,20,26,76.92
David Todd,10,13,76.92
Jessica Warner,10,13,76.92
Laura Flores,10,13,76.92
Joshua Brooks,10,13,76.92
Andrew Hart,10,13,76.92
Christopher Jensen,10,13,76.92
Heather Foster,10,13,76.92
Jeffery Rodriguez,10,13,76.92
Ashley Price,10,13,76.92
Rebekah Smith,10,13,76.92
Jessica Sullivan,10,13,76.92
Samantha Harris,20,26,76.92
Kimberly Hoffman,10,13,76.92
Raymond Wilson,10,13,76.92
Tanya Thompson,10,13,76.92
Samuel Rodriguez,10,13,76.92
Michael Jacobs,20,26,76.92
Lisa Freeman,10,13,76.92
Stephanie Johnston,10,13,76.92
Kevin Black,10,13,76.92
Jason Martin,30,39,76.92
Travis Brown,20,26,76.92
Mark Burns,10,13,76.92
Michael Tran,20,26,76.92
Joseph Kim,10,13,76.92
Jennifer Bradley,10,13,76.92
Michael Turner,43,56,76.79
Joseph Harris,33,43,76.74
Bradley Smith,33,43,76.74
Stephanie White,33,43,76.74
Mary Martin,33,43,76.74
Gregory Taylor,23,30,76.67
Julie Hernandez,23,30,76.67
William Morris,23,30,76.67
Christina Thomas,23,30,76.67
Kimberly Ramirez,23,30,76.67
Jennifer James,23,30,76.67
Karen Garcia,23,30,76.67
Jessica Howard,23,30,76.67
Jesse Brown,23,30,76.67
Larry Brown,23,30,76.67
Andrew Lee,23,30,76.67
Kim Smith,23,30,76.67
Mark King,23,30,76.67
Amanda Mitchell,23,30,76.67
David Mcdonald,23,30,76.67
Matthew Garcia,59,77,76.62
Shannon Williams,36,47,76.6
Pamela Johnson,36,47,76.6
Michelle Williams,72,94,76.6
Kayla Thompson,13,17,76.47
Michael Kramer,13,17,76.47
Amanda Harris,26,34,76.47
Christopher Wells,13,17,76.47
Steven Graham,13,17,76.47
Courtney Taylor,13,17,76.47
Dennis Brown,13,17,76.47
Jennifer Curtis,13,17,76.47
Katherine Williams,39,51,76.47
Carlos Rodriguez,13,17,76.47
Sarah Adams,13,17,76.47
Michael Fuentes,13,17,76.47
Leslie Rodriguez,13,17,76.47
Kelly Bailey,13,17,76.47
Kathleen Harris,13,17,76.47
Amber Collins,13,17,76.47
Lisa Diaz,13,17,76.47
Ryan Ruiz,13,17,76.47
Sonya Smith,13,17,76.47
Jonathan Morris,13,17,76.47
John Oliver,13,17,76.47
Tracey Smith,13,17,76.47
Michelle Gomez,13,17,76.47
Scott Scott,13,17,76.47
Kimberly Moore,39,51,76.47
Justin Scott,13,17,76.47
Daniel Simpson,13,17,76.47
David Shaw,13,17,76.47
Ashley Foster,13,17,76.47
Mary Morales,13,17,76.47
Laura Rogers,13,17,76.47
Matthew Reyes,13,17,76.47
Kristen Wilson,13,17,76.47
Lauren Martin,13,17,76.47
Anna Martin,13,17,76.47
William Knight,13,17,76.47
David Ray,13,17,76.47
Rachel Nelson,13,17,76.47
Matthew Castillo,13,17,76.47
Anthony Jackson,26,34,76.47
Jared Jones,13,17,76.47
Ryan Gonzales,13,17,76.47
Amber Jordan,13,17,76.47
Deborah Davis,13,17,76.47
Patrick Moore,13,17,76.47
Susan Nelson,13,17,76.47
David Stanley,13,17,76.47
Richard Myers,13,17,76.47
Deborah Scott,13,17,76.47
Andrea Martin,13,17,76.47
Zachary Gonzalez,13,17,76.47
Lauren Campbell,13,17,76.47
Sarah Price,13,17,76.47
Amanda Bailey,13,17,76.47
Emily Cooper,13,17,76.47
Nicholas Cook,13,17,76.47
Heather Alexander,13,17,76.47
Michael Curry,13,17,76.47
Kelly Torres,13,17,76.47
Kevin Chavez,13,17,76.47
Jessica Alexander,13,17,76.47
Joseph Hamilton,13,17,76.47
Jennifer Nguyen,26,34,76.47
David Reed,26,34,76.47
Michelle Wells,13,17,76.47
Michael Sparks,13,17,76.47
Christopher Ferguson,13,17,76.47
Tina Gonzalez,13,17,76.47
William Jenkins,13,17,76.47
Jasmine Jones,13,17,76.47
Nicole Allen,13,17,76.47
Kevin Robinson,26,34,76.47
Gregory Harris,13,17,76.47
Jacob Adams,13,17,76.47
Mike Smith,13,17,76.47
Jordan Brown,26,34,76.47
Christina Hall,13,17,76.47
Teresa Walker,13,17,76.47
Michael Lawrence,13,17,76.47
Joseph Mason,13,17,76.47
Anthony Graham,13,17,76.47
Brandon Young,13,17,76.47
Joshua Morales,13,17,76.47
Olivia Miller,13,17,76.47
William Torres,13,17,76.47
Mark Long,13,17,76.47
Jennifer Ortega,13,17,76.47
Johnny Johnson,13,17,76.47
Erica Taylor,13,17,76.47
Jeffrey Bennett,13,17,76.47
Steven Ortiz,13,17,76.47
Elizabeth Washington,13,17,76.47
Jessica Edwards,13,17,76.47
Michael Edwards,42,55,76.36
Kimberly Taylor,42,55,76.36
James Sanchez,42,55,76.36
Eric Martin,29,38,76.32
Melissa Jackson,29,38,76.32
John Sanchez,29,38,76.32
Sarah Martin,29,38,76.32
Joshua Baker,29,38,76.32
Dana Smith,29,38,76.32
Kathryn Smith,29,38,76.32
Heather Wilson,29,38,76.32
Joseph Anderson,45,59,76.27
Ashley Miller,61,80,76.25
Jason Cook,16,21,76.19
Tanya Williams,16,21,76.19
Jessica Carter,32,42,76.19
Sarah Green,16,21,76.19
Donna Jackson,16,21,76.19
Gregory Baker,16,21,76.19
Angela Rodriguez,32,42,76.19
Jeffrey Roberts,16,21,76.19
Kenneth Davis,32,42,76.19
Patricia Hernandez,16,21,76.19
Randy Smith,32,42,76.19
James Little,16,21,76.19
Paul Lopez,16,21,76.19
Joseph Gray,16,21,76.19
Luis Johnson,16,21,76.19
James Medina,16,21,76.19
Christopher Parker,32,42,76.19
Nathan Taylor,16,21,76.19
Zachary Green,16,21,76.19
Danielle Wilson,16,21,76.19
Justin Parker,16,21,76.19
Jessica Murphy,16,21,76.19
Michael Gardner,16,21,76.19
Michelle Hill,16,21,76.19
Joseph Butler,16,21,76.19
James Ferguson,16,21,76.19
Tyler Lee,16,21,76.19
James Tucker,16,21,76.19
Steven Hill,16,21,76.19
Timothy Hill,16,21,76.19
Christopher Ruiz,16,21,76.19
Megan Miller,32,42,76.19
Katrina Smith,16,21,76.19
Erika Williams,16,21,76.19
Mary Rogers,16,21,76.19
Nicole Wright,16,21,76.19
Matthew Henderson,16,21,76.19
Maria Anderson,16,21,76.19
Bryan Moore,16,21,76.19
Matthew Coleman,16,21,76.19
Brianna Johnson,16,21,76.19
Michael Washington,32,42,76.19
Ryan White,16,21,76.19
David James,16,21,76.19
Jessica Jordan,16,21,76.19
Marcus Williams,16,21,76.19
David Grant,16,21,76.19
Brittany Williams,51,67,76.12
Justin Jones,35,46,76.09
Christopher Sanchez,35,46,76.09
Jennifer Evans,35,46,76.09
Christopher Bryant,19,25,76.0
Mary Roberts,19,25,76.0
William Cook,19,25,76.0
Diana Jones,19,25,76.0
John Gutierrez,19,25,76.0
Justin Roberts,19,25,76.0
Jessica Phillips,19,25,76.0
Michael Tucker,19,25,76.0
Emily Scott,19,25,76.0
Nicholas Lewis,19,25,76.0
Kevin Watson,19,25,76.0
Sarah Mitchell,19,25,76.0
Charles Robinson,19,25,76.0
Jose Johnson,38,50,76.0
Brian Lopez,38,50,76.0
Kimberly Hernandez,38,50,76.0
John Graham,19,25,76.0
Michael Ross,38,50,76.0
Michael Herrera,19,25,76.0
Edward Thomas,19,25,76.0
Kyle Smith,60,79,75.95
Matthew White,41,54,75.93
Brian Clark,41,54,75.93
Melissa Clark,22,29,75.86
Ann Johnson,22,29,75.86
Mark Rodriguez,44,58,75.86
Richard Robinson,22,29,75.86
Nicole Thompson,22,29,75.86
Susan Perez,22,29,75.86
William Ramirez,22,29,75.86
David Cole,22,29,75.86
Nancy Brown,22,29,75.86
Ryan Clark,22,29,75.86
Julie Wilson,22,29,75.86
Sabrina Smith,22,29,75.86
Richard Flores,22,29,75.86
Justin Martin,25,33,75.76
Charles Lewis,25,33,75.76
Charles Williams,50,66,75.76
Lisa Anderson,50,66,75.76
Lisa Turner,25,33,75.76
James Price,25,33,75.76
Holly Williams,25,33,75.76
Jason King,25,33,75.76
John Brooks,25,33,75.76
Karen Martin,25,33,75.76
Cynthia Hernandez,25,33,75.76
Thomas Harris,25,33,75.76
David Cox,25,33,75.76
Paul Johnson,53,70,75.71
Elizabeth Davis,53,70,75.71
Charles Jones,53,70,75.71
David Rogers,28,37,75.68
Anthony Clark,28,37,75.68
Kayla Smith,28,37,75.68
Joseph Mitchell,28,37,75.68
Cindy Smith,28,37,75.68
Cynthia Davis,28,37,75.68
Charles Taylor,31,41,75.61
Amy Thomas,31,41,75.61
Michael Hughes,31,41,75.61
Jennifer Murphy,31,41,75.61
Dennis Smith,31,41,75.61
Justin Miller,31,41,75.61
Joseph Green,31,41,75.61
Lori Johnson,31,41,75.61
John Rogers,34,45,75.56
Michelle Taylor,34,45,75.56
Keith Johnson,34,45,75.56
Brian White,34,45,75.56
Amy Rodriguez,34,45,75.56
Amanda Lee,34,45,75.56
Todd Johnson,34,45,75.56
Jeffrey Miller,46,61,75.41
Lori Smith,49,65,75.38
Jennifer Walker,49,65,75.38
Jennifer White,52,69,75.36
Karen Brown,55,73,75.34
David Lopez,67,89,75.28
Paul Potter,6,8,75.0
Gregory Morris,6,8,75.0
Audrey Johnson,6,8,75.0
Amy Ford,6,8,75.0
Joshua Welch,9,12,75.0
Joseph Parrish,6,8,75.0
Gregory Ross,6,8,75.0
Jeffrey Dixon,6,8,75.0
Kristen Cole,6,8,75.0
William Dennis,6,8,75.0
Christine Collins,9,12,75.0
Heather Perez,18,24,75.0
Scott Hernandez,18,24,75.0
Christina Long,9,12,75.0
Benjamin Porter,6,8,75.0
Christine Tucker,6,8,75.0
Kevin Munoz,6,8,75.0
Tara Martin,6,8,75.0
Phillip Scott,6,8,75.0
Lisa Bailey,18,24,75.0
Jacqueline Taylor,9,12,75.0
Teresa Silva,6,8,75.0
David Duran,6,8,75.0
Martha Davis,9,12,75.0
Gerald Johnson,12,16,75.0
Kathleen Stewart,6,8,75.0
Bradley Thompson,12,16,75.0
Jessica Carlson,6,8,75.0
Mary Woods,12,16,75.0
Robert Fuentes,6,8,75.0
Katherine Harris,18,24,75.0
Veronica Anderson,6,8,75.0
Ashley Webb,9,12,75.0
Patrick Foster,6,8,75.0
Erica Rodriguez,15,20,75.0
Teresa Long,6,8,75.0
Christopher Hubbard,6,8,75.0
Joshua Campos,6,8,75.0
Sandra Rodriguez,18,24,75.0
Sarah Perez,27,36,75.0
Maria Martin,15,20,75.0
Amanda Rodriguez,51,68,75.0
Jennifer Montoya,6,8,75.0
Justin Adams,9,12,75.0
William Hood,6,8,75.0
Anthony Massey,6,8,75.0
Mary Kramer,6,8,75.0
Frank Anderson,6,8,75.0
Jennifer Romero,18,24,75.0
Pamela Simmons,6,8,75.0
Cheryl Rodriguez,6,8,75.0
Ashlee Miller,6,8,75.0
Sandra Price,6,8,75.0
David Brock,9,12,75.0
Christopher Mueller,6,8,75.0
Donna Rogers,9,12,75.0
Anthony Castaneda,6,8,75.0
Terry King,6,8,75.0
Tina Rivera,6,8,75.0
Alfred Smith,6,8,75.0
Benjamin Martin,18,24,75.0
Jose Murray,6,8,75.0
Joseph Cardenas,6,8,75.0
Christina Brown,36,48,75.0
Thomas Hunter,6,8,75.0
Jason Knight,6,8,75.0
Robert Luna,6,8,75.0
Amanda Larson,6,8,75.0
Brittany Evans,9,12,75.0
Richard Duran,6,8,75.0
Gina Robinson,6,8,75.0
Danielle Washington,6,8,75.0
Andrea Rogers,6,8,75.0
Brianna Garcia,6,8,75.0
Brian Schultz,6,8,75.0
Cody Hernandez,9,12,75.0
Daniel Cunningham,6,8,75.0
Jeffery Davis,6,8,75.0
Cynthia Martinez,12,16,75.0
Christopher Frank,6,8,75.0
Stephen Lewis,12,16,75.0
Daniel Sanders,12,16,75.0
Michael Good,6,8,75.0
Timothy Palmer,6,8,75.0
Christine Green,9,12,75.0
Maria Ross,6,8,75.0
Erik Miller,9,12,75.0
Dana Clark,6,8,75.0
Timothy Craig,6,8,75.0
Timothy Short,6,8,75.0
Kathy Gonzalez,6,8,75.0
Patricia Nguyen,9,12,75.0
Jeffrey Ramos,9,12,75.0
Steven Bowen,6,8,75.0
Elizabeth Farmer,6,8,75.0
James Nicholson,6,8,75.0
Ruben Johnson,9,12,75.0
Erica King,6,8,75.0
Karen Freeman,6,8,75.0
Michelle Robinson,27,36,75.0
Ryan Warren,6,8,75.0
Teresa Tucker,6,8,75.0
Brittany Bradley,6,8,75.0
Joseph Mccarthy,9,12,75.0
Holly Rivera,6,8,75.0
Rhonda Watson,6,8,75.0
Barbara Robinson,6,8,75.0
Raymond Thomas,6,8,75.0
Jennifer Douglas,9,12,75.0
Jennifer Castro,18,24,75.0
Ashley Montgomery,6,8,75.0
Donald Garrett,6,8,75.0
Maria Diaz,6,8,75.0
David Fitzgerald,9,12,75.0
Catherine Knight,6,8,75.0
Mary Collier,6,8,75.0
Randall Miller,6,8,75.0
Rachel Alexander,6,8,75.0
Anthony Hayes,9,12,75.0
Jessica Hoffman,12,16,75.0
Kimberly Ochoa,6,8,75.0
Michael House,6,8,75.0
Sharon Mitchell,6,8,75.0
Bryan Howard,6,8,75.0
Rachel Peters,6,8,75.0
Nicole Banks,6,8,75.0
Brenda Hansen,6,8,75.0
Robert Rodgers,6,8,75.0
Jamie Gilbert,6,8,75.0
Alan Gonzalez,6,8,75.0
Jeffrey Mendez,9,12,75.0
Cody Rogers,6,8,75.0
David Morton,6,8,75.0
Katherine Simmons,6,8,75.0
Kevin Hopkins,6,8,75.0
Patricia Cox,9,12,75.0
Gary Evans,9,12,75.0
Elizabeth Mills,9,12,75.0
David Ball,6,8,75.0
Daniel Welch,6,8,75.0
Cody Wilson,6,8,75.0
Larry Allen,6,8,75.0
Andrew Castro,9,12,75.0
Ryan Vargas,6,8,75.0
Michael Baldwin,12,16,75.0
Julie Ortiz,6,8,75.0
Gary White,9,12,75.0
Ashley Jacobs,6,8,75.0
Alice Smith,6,8,75.0
Brian Schneider,6,8,75.0
Christian Campbell,6,8,75.0
Stephanie Simmons,6,8,75.0
Ricardo Lopez,6,8,75.0
Eric Howard,9,12,75.0
Brian Ferguson,6,8,75.0
Patrick Sims,6,8,75.0
Steven Fox,6,8,75.0
Carlos Walker,6,8,75.0
Patrick Reynolds,6,8,75.0
William Ramos,12,16,75.0
Derek Nelson,6,8,75.0
Karen Oliver,6,8,75.0
Michael Levy,6,8,75.0
John Elliott,12,16,75.0
Thomas Walters,6,8,75.0
Jeffrey Nguyen,12,16,75.0
Thomas Shaw,6,8,75.0
Tina Hall,6,8,75.0
Angela Armstrong,6,8,75.0
Ryan Myers,6,8,75.0
Kristen Garcia,15,20,75.0
Emily Sims,6,8,75.0
Katherine Lawrence,6,8,75.0
Luke Miller,6,8,75.0
Derrick Rodriguez,6,8,75.0
Kelly Harris,27,36,75.0
Richard Fuller,6,8,75.0
Eric Ortiz,9,12,75.0
Christopher Morrow,6,8,75.0
Brandon Harris,18,24,75.0
Christine Walker,15,20,75.0
John Oconnor,12,16,75.0
Nancy Garcia,12,16,75.0
Patricia Alvarez,6,8,75.0
Tammy Herrera,6,8,75.0
Tiffany Nelson,12,16,75.0
Lucas Martin,6,8,75.0
Brandon Cunningham,6,8,75.0
Elizabeth Rogers,18,24,75.0
Christopher Hudson,9,12,75.0
Kristen Jimenez,6,8,75.0
Kimberly Austin,6,8,75.0
Brian Alexander,6,8,75.0
Andrea Scott,6,8,75.0
Jose Gordon,6,8,75.0
Robert Holmes,15,20,75.0
Christina Peterson,12,16,75.0
Sarah Banks,6,8,75.0
Julie Ruiz,6,8,75.0
Robert Curtis,9,12,75.0
Shannon Evans,6,8,75.0
Stephanie Gardner,6,8,75.0
Sarah Berry,6,8,75.0
Jacob Allen,12,16,75.0
Heather Bates,6,8,75.0
George James,9,12,75.0
Eric Hicks,6,8,75.0
Amber Ross,6,8,75.0
Stephen Wallace,6,8,75.0
Kathleen Perkins,6,8,75.0
Victoria Alexander,6,8,75.0
Christopher Skinner,6,8,75.0
Nicholas Bryant,6,8,75.0
David Cantu,6,8,75.0
Matthew Hanson,6,8,75.0
Emma Lopez,6,8,75.0
Anthony Zamora,6,8,75.0
Emily Wilson,24,32,75.0
William Page,6,8,75.0
Patricia Guzman,6,8,75.0
Ronald Williams,24,32,75.0
Amanda Hall,30,40,75.0
John Freeman,18,24,75.0
David Mccarthy,12,16,75.0
Christopher Walsh,9,12,75.0
John Barron,6,8,75.0
William Hernandez,42,56,75.0
Lisa Garrett,6,8,75.0
Andre Davis,6,8,75.0
Kimberly Bowman,6,8,75.0
Shelly Brown,6,8,75.0
Sarah Black,6,8,75.0
Richard Barber,6,8,75.0
Aaron White,15,20,75.0
Alexandra Adams,6,8,75.0
April Cook,6,8,75.0
Thomas Lara,6,8,75.0
David Frank,9,12,75.0
Rebecca Fernandez,9,12,75.0
Michael Townsend,9,12,75.0
Kathleen Hamilton,6,8,75.0
Eric Peterson,6,8,75.0
Debra Martin,15,20,75.0
Curtis King,6,8,75.0
Jennifer Ryan,9,12,75.0
George Taylor,9,12,75.0
Matthew Manning,6,8,75.0
Anthony Stanley,6,8,75.0
Anthony Alvarez,6,8,75.0
Anthony Brooks,9,12,75.0
Tiffany Carpenter,6,8,75.0
James Gill,6,8,75.0
Kevin Strickland,6,8,75.0
Ashley Farmer,6,8,75.0
Anthony Daniels,9,12,75.0
Gregory Hughes,9,12,75.0
Jill James,6,8,75.0
Michael Richard,6,8,75.0
Joshua Chapman,9,12,75.0
Nathan Ramirez,6,8,75.0
Christina Cox,9,12,75.0
John Ray,9,12,75.0
Caitlin Smith,12,16,75.0
Christopher Conrad,6,8,75.0
Linda Simmons,6,8,75.0
Kathleen Thomas,9,12,75.0
Pamela Clark,12,16,75.0
Anthony Gardner,6,8,75.0
Sabrina Martinez,6,8,75.0
Christine Adams,9,12,75.0
Michele Garcia,12,16,75.0
Hannah Jackson,9,12,75.0
Todd Edwards,6,8,75.0
Vincent Ramirez,6,8,75.0
Stephen Harris,24,32,75.0
Jose Thompson,15,20,75.0
Melissa Quinn,6,8,75.0
Joseph Marshall,9,12,75.0
David Schneider,9,12,75.0
Paul Meyer,9,12,75.0
Donna Moreno,6,8,75.0
Jason Summers,6,8,75.0
David Ferguson,12,16,75.0
Jason Hunt,6,8,75.0
Michael Mora,6,8,75.0
Lauren Peterson,6,8,75.0
Robert Schultz,12,16,75.0
Jacob Stewart,12,16,75.0
Robert Cline,6,8,75.0
Chris Miller,6,8,75.0
Tammy Carter,6,8,75.0
Jesse Thompson,6,8,75.0
Gloria Lee,6,8,75.0
Jason Farmer,6,8,75.0
Justin West,6,8,75.0
Jessica Cunningham,6,8,75.0
Susan Kelly,9,12,75.0
Andrew Murray,9,12,75.0
Robert Chang,9,12,75.0
James Fox,12,16,75.0
Richard Howard,9,12,75.0
David Warner,6,8,75.0
Kelly Rivera,9,12,75.0
Mark Coleman,6,8,75.0
Charles Stone,9,12,75.0
Jacob Hunt,6,8,75.0
Sarah Schwartz,6,8,75.0
Brenda Allen,6,8,75.0
Nathan Thompson,6,8,75.0
Emily Torres,9,12,75.0
Sarah Stafford,6,8,75.0
George Martin,9,12,75.0
Lisa Hill,24,32,75.0
Mark Oconnor,6,8,75.0
Holly Green,6,8,75.0
Lisa Daniels,6,8,75.0
Sara Adams,6,8,75.0
Louis Brown,6,8,75.0
David Dennis,6,8,75.0
Christina Ryan,6,8,75.0
Jessica Grant,6,8,75.0
Sarah Cantu,6,8,75.0
Lawrence Anderson,6,8,75.0
Carol Taylor,6,8,75.0
Mitchell Jones,6,8,75.0
Bryan White,9,12,75.0
James Davidson,12,16,75.0
Adam King,6,8,75.0
Bradley Garcia,9,12,75.0
John Kline,6,8,75.0
Diana Perez,6,8,75.0
Eric Garrett,6,8,75.0
David Sharp,6,8,75.0
Karen Cunningham,6,8,75.0
Joseph Curtis,9,12,75.0
Lori Young,9,12,75.0
Jacob Willis,6,8,75.0
Timothy Berry,6,8,75.0
Sarah Dean,6,8,75.0
Jared Smith,24,32,75.0
Nicholas Armstrong,6,8,75.0
Heather Fernandez,6,8,75.0
Brittany Burns,6,8,75.0
Christopher Weber,9,12,75.0
Kenneth Grant,6,8,75.0
Jennifer Ferguson,12,16,75.0
Robert Stanley,6,8,75.0
Amy Soto,9,12,75.0
David Hood,6,8,75.0
Katherine Miller,15,20,75.0
Dennis Miller,9,12,75.0
Mike Lopez,6,8,75.0
Gregory Wells,6,8,75.0
Kelly Hicks,6,8,75.0
Joshua Ruiz,9,12,75.0
Mark Willis,6,8,75.0
Danielle Diaz,6,8,75.0
Alexander Nelson,6,8,75.0
Jacob Cox,9,12,75.0
Kathleen Scott,6,8,75.0
Timothy Russell,9,12,75.0
Shannon Rivera,6,8,75.0
Maria Butler,6,8,75.0
Melissa Duncan,9,12,75.0
Daniel Harvey,6,8,75.0
Kenneth Obrien,6,8,75.0
Jennifer Pratt,9,12,75.0
Margaret Sanders,6,8,75.0
Brenda Wagner,6,8,75.0
Laura Gray,6,8,75.0
William Weaver,12,16,75.0
Juan Brown,18,24,75.0
Denise Morris,6,8,75.0
Kara Williams,6,8,75.0
Emily Willis,6,8,75.0
Victoria Torres,6,8,75.0
Elizabeth Montgomery,6,8,75.0
John Holmes,15,20,75.0
Brian Chan,6,8,75.0
Paul Cruz,9,12,75.0
Christopher Sweeney,9,12,75.0
William Heath,6,8,75.0
Travis Turner,6,8,75.0
Daniel Campbell,27,36,75.0
Rachel Curtis,6,8,75.0
Laura Mills,6,8,75.0
Courtney Thomas,12,16,75.0
Rachel Fox,6,8,75.0
Scott Graham,6,8,75.0
Jessica Little,6,8,75.0
Trevor Garcia,6,8,75.0
Ryan Griffin,9,12,75.0
Crystal Russell,6,8,75.0
Adam Rivera,6,8,75.0
Erin Sanchez,6,8,75.0
Douglas King,6,8,75.0
Tyler Hughes,6,8,75.0
Courtney Hill,9,12,75.0
Scott Ellis,6,8,75.0
Lindsey Garcia,6,8,75.0
Bryan Reed,6,8,75.0
Thomas Madden,6,8,75.0
Mark Little,6,8,75.0
Gregory Long,6,8,75.0
Eric Edwards,12,16,75.0
Ashley Clarke,6,8,75.0
Wendy Martin,6,8,75.0
Joseph Hicks,12,16,75.0
Andrew Holmes,9,12,75.0
Megan Morales,6,8,75.0
Susan Cruz,6,8,75.0
Matthew Deleon,6,8,75.0
Kevin Harrison,6,8,75.0
Juan Martin,9,12,75.0
Joshua Hawkins,6,8,75.0
Jonathan Coleman,6,8,75.0
Morgan Edwards,6,8,75.0
Charles Dean,6,8,75.0
Lori Russell,6,8,75.0
Sandra Bryant,6,8,75.0
Ryan Hayes,6,8,75.0
Melissa Rose,6,8,75.0
Benjamin Wagner,6,8,75.0
Rebecca Young,18,24,75.0
Robert Hammond,9,12,75.0
Kimberly Vasquez,9,12,75.0
Shawn Campbell,6,8,75.0
Melissa Medina,9,12,75.0
Aaron Ruiz,6,8,75.0
Theresa Perez,6,8,75.0
Christopher Oneill,6,8,75.0
Daniel Mullins,6,8,75.0
Taylor Davis,18,24,75.0
Daniel Reid,9,12,75.0
Patricia Torres,9,12,75.0
Elizabeth Shaw,12,16,75.0
Wendy Gomez,6,8,75.0
Bruce Johnson,9,12,75.0
Timothy Lawrence,6,8,75.0
Timothy Parker,9,12,75.0
Lisa Atkins,6,8,75.0
Caroline Moore,6,8,75.0
Andrew Gould,6,8,75.0
Katherine Jenkins,6,8,75.0
David Dalton,6,8,75.0
Kristen Scott,6,8,75.0
Nicole Gonzales,9,12,75.0
Mary Flores,12,16,75.0
Diane Martinez,6,8,75.0
Diane Moore,9,12,75.0
Robert Oconnor,6,8,75.0
Sean Ferguson,6,8,75.0
Brenda Graham,6,8,75.0
Michelle Jenkins,12,16,75.0
Jennifer Moon,6,8,75.0
Christopher Parsons,6,8,75.0
Nancy Walker,9,12,75.0
Tara Nguyen,6,8,75.0
Richard Stewart,12,16,75.0
Steven Simpson,6,8,75.0
Ashley Mueller,6,8,75.0
Carrie Miller,15,20,75.0
Melanie Hernandez,9,12,75.0
Stephanie Gutierrez,12,16,75.0
Jessica Leonard,6,8,75.0
Daniel Willis,6,8,75.0
Richard Rice,9,12,75.0
Megan Barker,6,8,75.0
Robert Chen,6,8,75.0
Lori Bailey,6,8,75.0
Richard Woods,9,12,75.0
Darren Williams,6,8,75.0
Madison Jones,12,16,75.0
Amber Cook,9,12,75.0
Brian Tucker,9,12,75.0
Sandra Ramos,9,12,75.0
Katie Nguyen,6,8,75.0
Alexa Smith,6,8,75.0
Shawn Johnson,30,40,75.0
Abigail Wallace,6,8,75.0
Jamie Burnett,6,8,75.0
Lori Clark,9,12,75.0
Shawn Lopez,9,12,75.0
Sarah Griffith,6,8,75.0
Christian Hill,6,8,75.0
Bryan Carter,9,12,75.0
Kevin Wells,6,8,75.0
David Pena,9,12,75.0
Timothy Fernandez,6,8,75.0
Dawn Phillips,6,8,75.0
Taylor Hoffman,6,8,75.0
Christine Webb,6,8,75.0
Julie Bailey,6,8,75.0
Alexis Nelson,6,8,75.0
Courtney Powell,6,8,75.0
Michelle Garrett,6,8,75.0
Jessica Jacobs,6,8,75.0
Randy Anderson,12,16,75.0
Shawn Moore,6,8,75.0
Jack Williams,9,12,75.0
Donna Scott,6,8,75.0
Christopher Anderson,69,92,75.0
Lauren Sanchez,9,12,75.0
Sarah Hoffman,6,8,75.0
Jennifer Cordova,6,8,75.0
Sean Jimenez,6,8,75.0
Michael Hurst,6,8,75.0
Sarah Weber,6,8,75.0
Amanda Hughes,12,16,75.0
Colleen Turner,6,8,75.0
Joseph Stanley,9,12,75.0
William Holmes,9,12,75.0
Jerry White,6,8,75.0
Ashley Ryan,6,8,75.0
John Santiago,9,12,75.0
Jeremy Hernandez,12,16,75.0
William Hanson,6,8,75.0
James Schultz,9,12,75.0
William Acosta,6,8,75.0
Ryan Henderson,6,8,75.0
Peter Lee,6,8,75.0
Rachel Scott,9,12,75.0
Crystal Burns,6,8,75.0
Joseph Munoz,9,12,75.0
Rachel Wallace,6,8,75.0
Lori Harris,12,16,75.0
Tammy Murphy,9,12,75.0
Mary Larson,6,8,75.0
Tamara Smith,12,16,75.0
Eric Soto,6,8,75.0
Andrew Santos,6,8,75.0
Michael Saunders,9,12,75.0
Kelsey Martinez,6,8,75.0
Michael Garner,9,12,75.0
Jeffrey Daniels,6,8,75.0
Cody Adams,6,8,75.0
Crystal Ross,6,8,75.0
Adam Stevens,6,8,75.0
Patrick Nguyen,9,12,75.0
Joseph Alvarez,9,12,75.0
Natalie Turner,9,12,75.0
Kathryn Rogers,6,8,75.0
Mark Mason,6,8,75.0
Stephanie Morris,12,16,75.0
Robert Frank,6,8,75.0
Brittany Hill,9,12,75.0
Angel Perez,6,8,75.0
John Poole,6,8,75.0
Amanda Terry,6,8,75.0
Amanda Gardner,9,12,75.0
Matthew Barber,6,8,75.0
Mark Stewart,12,16,75.0
Ashley Moore,33,44,75.0
Anthony Bryant,6,8,75.0
Terri Clark,6,8,75.0
Daniel Delacruz,6,8,75.0
Ashley Holt,6,8,75.0
Nicholas Hawkins,6,8,75.0
Gregory Burns,6,8,75.0
Anne Lee,6,8,75.0
Stephanie Neal,6,8,75.0
Michael Grant,21,28,75.0
Megan Harris,15,20,75.0
Jessica Mckay,6,8,75.0
Ryan Stephens,6,8,75.0
Mary Foster,9,12,75.0
Timothy Martin,36,48,75.0
Joe Anderson,6,8,75.0
Michele Hill,6,8,75.0
Sean Parker,6,8,75.0
Kenneth Hayes,9,12,75.0
Carol Martin,6,8,75.0
Katie Gonzalez,6,8,75.0
Anthony Perry,6,8,75.0
Nicole Jenkins,9,12,75.0
Brenda Nguyen,9,12,75.0
Allen Johnson,6,8,75.0
Brianna Gonzalez,6,8,75.0
Michael Spence,6,8,75.0
Robert Burton,6,8,75.0
Sharon Cruz,6,8,75.0
Mark Rios,6,8,75.0
James Duarte,6,8,75.0
Matthew Lane,12,16,75.0
Jill Taylor,6,8,75.0
Alan Davis,9,12,75.0
Anthony Bates,6,8,75.0
Charles Hughes,12,16,75.0
Angela Mills,6,8,75.0
Robert Fletcher,9,12,75.0
Joanna Smith,9,12,75.0
Douglas Nelson,6,8,75.0
Colleen Garcia,6,8,75.0
Erin Campbell,6,8,75.0
Kathleen Wood,6,8,75.0
Douglas Martinez,9,12,75.0
Shelly Davis,6,8,75.0
Patrick Matthews,6,8,75.0
Edwin Davis,6,8,75.0
Daniel Shaw,12,16,75.0
Tracy Baker,9,12,75.0
Kristina White,6,8,75.0
Justin Griffin,6,8,75.0
Stephen West,6,8,75.0
Elizabeth Mullins,6,8,75.0
Brandon May,6,8,75.0
Ralph Smith,9,12,75.0
Andrea West,6,8,75.0
Christopher Garner,6,8,75.0
Amanda Mason,9,12,75.0
Desiree Hernandez,6,8,75.0
Karen Watson,6,8,75.0
Daniel Wagner,9,12,75.0
Robert Willis,12,16,75.0
Michael Joyce,6,8,75.0
Michele Taylor,6,8,75.0
Jason Simmons,9,12,75.0
Pamela Reed,6,8,75.0
Michael Hinton,6,8,75.0
Cameron Moore,6,8,75.0
William Lopez,39,52,75.0
Logan Williams,6,8,75.0
Adam Marshall,6,8,75.0
David Kelley,18,24,75.0
Jeffrey Wood,9,12,75.0
Suzanne Smith,12,16,75.0
Shawn Anderson,12,16,75.0
Elizabeth Harmon,6,8,75.0
Jennifer Levine,6,8,75.0
Gregory Myers,6,8,75.0
John Watkins,9,12,75.0
Jennifer Patton,6,8,75.0
Jason Moreno,9,12,75.0
Emily Johnston,6,8,75.0
Jenna Hill,6,8,75.0
Bradley Wilson,12,16,75.0
Mary Bridges,6,8,75.0
Ashley Roberts,12,16,75.0
Benjamin Nguyen,9,12,75.0
Michael Vasquez,21,28,75.0
Sandra Lopez,12,16,75.0
Brian Hayes,12,16,75.0
Crystal Baker,9,12,75.0
Phyllis Williams,6,8,75.0
Rebecca Padilla,6,8,75.0
Eddie Smith,6,8,75.0
Scott Hughes,9,12,75.0
Joshua Porter,9,12,75.0
Charles Gonzalez,18,24,75.0
Robert Meyer,18,24,75.0
Tammy Jones,27,36,75.0
Jonathan Shaw,6,8,75.0
Pamela Gibson,6,8,75.0
Lisa Wagner,9,12,75.0
Christopher Robertson,15,20,75.0
William Shelton,6,8,75.0
Erin Reed,6,8,75.0
James Haynes,6,8,75.0
Christopher Blake,9,12,75.0
William Mcgrath,6,8,75.0
Jenny Miller,6,8,75.0
Stephanie Norton,6,8,75.0
Steven Tucker,6,8,75.0
Laura Gomez,9,12,75.0
Christine Nguyen,9,12,75.0
Kayla Mcdonald,6,8,75.0
Kyle Gomez,6,8,75.0
Anna Brooks,6,8,75.0
Gregory Murphy,6,8,75.0
Tara Thompson,9,12,75.0
Joshua Butler,9,12,75.0
Michele Ellis,6,8,75.0
Joseph Berry,9,12,75.0
Jessica Gallagher,9,12,75.0
Brandon Porter,6,8,75.0
Matthew Simmons,18,24,75.0
Matthew Tucker,12,16,75.0
William Olson,9,12,75.0
Nicole Henderson,6,8,75.0
Melinda Smith,15,20,75.0
Gregory Rogers,6,8,75.0
Theresa Brown,15,20,75.0
Sharon Taylor,12,16,75.0
Andrea Powell,6,8,75.0
Brian Klein,6,8,75.0
Matthew Cummings,6,8,75.0
George Hall,6,8,75.0
Robert Caldwell,6,8,75.0
Angela Sutton,6,8,75.0
Jonathan Simpson,6,8,75.0
Sandra Thompson,12,16,75.0
Jeffrey Weaver,6,8,75.0
Jennifer Trevino,6,8,75.0
Benjamin Howard,6,8,75.0
Keith Hall,6,8,75.0
Cheryl Gonzalez,12,16,75.0
Joseph Boyd,9,12,75.0
Bryan Gomez,6,8,75.0
Jeremy Young,9,12,75.0
Connie Anderson,6,8,75.0
Megan Martin,18,24,75.0
Brian Ryan,6,8,75.0
Charles Bates,6,8,75.0
David Nixon,6,8,75.0
Nicholas Welch,6,8,75.0
Megan Diaz,6,8,75.0
Kelli Williams,6,8,75.0
Chad Nelson,6,8,75.0
Sarah Garza,6,8,75.0
Richard Ross,6,8,75.0
Anthony Nguyen,15,20,75.0
Andrew Medina,6,8,75.0
Eric Wallace,6,8,75.0
Susan Martinez,18,24,75.0
Ashley Burns,9,12,75.0
Ryan Lopez,24,32,75.0
Kyle Clark,12,16,75.0
Taylor Turner,6,8,75.0
Karen Jordan,6,8,75.0
Katherine Thompson,12,16,75.0
Melissa Powers,6,8,75.0
James Donaldson,6,8,75.0
Chelsea Thompson,6,8,75.0
Patricia Cruz,6,8,75.0
David Velasquez,6,8,75.0
Jeffrey Evans,15,20,75.0
Victoria Steele,6,8,75.0
Rebecca Lucas,6,8,75.0
Caleb Brown,6,8,75.0
Bradley Davis,15,20,75.0
Jeremy Flores,6,8,75.0
Theresa Lewis,6,8,75.0
Andrew Martin,33,44,75.0
Jacob Stone,6,8,75.0
Mark Reyes,12,16,75.0
Jennifer Quinn,6,8,75.0
Renee Martinez,6,8,75.0
Travis Lee,12,16,75.0
Ashley Schaefer,6,8,75.0
Joshua Cook,9,12,75.0
Troy Wilson,12,16,75.0
Sarah Hayes,9,12,75.0
Elizabeth Dean,6,8,75.0
Brittany Wells,6,8,75.0
John Townsend,9,12,75.0
Michelle Berry,6,8,75.0
David Huerta,6,8,75.0
Stephanie Gibson,12,16,75.0
Amber Ellis,6,8,75.0
Cassandra Harris,6,8,75.0
Anthony Brewer,6,8,75.0
Monique Jones,6,8,75.0
William Knox,6,8,75.0
Anthony Hamilton,9,12,75.0
Tina Knight,6,8,75.0
Melissa Conway,6,8,75.0
Lauren Collins,6,8,75.0
Frank White,9,12,75.0
David Long,21,28,75.0
Zachary Parker,6,8,75.0
Thomas Maldonado,6,8,75.0
Thomas Fitzgerald,6,8,75.0
Benjamin Turner,6,8,75.0
Kevin Bush,6,8,75.0
Rebecca Schultz,6,8,75.0
Robert Barker,9,12,75.0
Robert Wolfe,6,8,75.0
Jerry Hall,6,8,75.0
Ethan Jones,6,8,75.0
Angela Stephens,6,8,75.0
William Arnold,9,12,75.0
George Patterson,6,8,75.0
Stephen Henry,6,8,75.0
Aaron Morgan,9,12,75.0
Sarah Chen,6,8,75.0
Stephanie Torres,9,12,75.0
Brian Perry,12,16,75.0
Jennifer Osborn,6,8,75.0
Victoria Holmes,6,8,75.0
Benjamin Roberts,6,8,75.0
Lisa Ball,6,8,75.0
Emily Silva,6,8,75.0
Nicole Bryant,12,16,75.0
Christopher Barker,6,8,75.0
Megan Coleman,6,8,75.0
Teresa Young,6,8,75.0
Jennifer Bridges,6,8,75.0
Nancy Bennett,6,8,75.0
Matthew Barnes,15,20,75.0
Stephen Vasquez,6,8,75.0
James Leonard,12,16,75.0
Bryan Burns,6,8,75.0
Kenneth Griffin,6,8,75.0
Jared Johnson,9,12,75.0
David Little,9,12,75.0
Jordan Washington,6,8,75.0
Jose Robinson,6,8,75.0
Lindsay Anderson,6,8,75.0
John Reeves,6,8,75.0
Jacqueline Hill,6,8,75.0
Vanessa Lewis,6,8,75.0
Linda Turner,6,8,75.0
Travis Garcia,9,12,75.0
Ryan Willis,6,8,75.0
Sean Taylor,12,16,75.0
Morgan Martinez,6,8,75.0
Julie Cruz,6,8,75.0
Steven James,9,12,75.0
Jordan Wood,6,8,75.0
Heather Evans,9,12,75.0
Jennifer Odonnell,6,8,75.0
Jeremy Herrera,6,8,75.0
Nathan Gray,6,8,75.0
Michele Thomas,9,12,75.0
Benjamin Baker,9,12,75.0
David Mcintyre,6,8,75.0
David Douglas,12,16,75.0
Paul Harrison,6,8,75.0
Michael Ballard,9,12,75.0
Nicole Cooper,6,8,75.0
Colleen Miller,6,8,75.0
Kelly Kim,6,8,75.0
Matthew Mccormick,6,8,75.0
David Crawford,15,20,75.0
Jamie Lopez,9,12,75.0
Sandra Adams,12,16,75.0
Austin Davis,15,20,75.0
Rebecca Andrews,6,8,75.0
Kevin Dominguez,6,8,75.0
Robert Wall,6,8,75.0
Paul Hughes,6,8,75.0
Christine Stewart,9,12,75.0
Linda Gutierrez,6,8,75.0
Kimberly Horn,6,8,75.0
Bruce Walker,6,8,75.0
Stephanie Duncan,6,8,75.0
John Walton,6,8,75.0
Victor Green,6,8,75.0
Pamela Parker,9,12,75.0
Joshua Zimmerman,6,8,75.0
Donald Adams,9,12,75.0
David Singh,6,8,75.0
Kevin Fernandez,6,8,75.0
Michael Rubio,6,8,75.0
Elizabeth Jackson,39,52,75.0
Derek Bennett,6,8,75.0
Susan Myers,6,8,75.0
Rebecca Schmidt,6,8,75.0
Wendy Robinson,6,8,75.0
Douglas Murray,6,8,75.0
Vanessa Martinez,6,8,75.0
Robert Woods,21,28,75.0
Kelly Herrera,6,8,75.0
Jennifer Small,6,8,75.0
Ryan Ellis,6,8,75.0
Dawn Hall,9,12,75.0
Samuel Wood,6,8,75.0
Emily Bailey,6,8,75.0
Kelly May,6,8,75.0
Elizabeth Carpenter,6,8,75.0
Jennifer Gilbert,9,12,75.0
James Brewer,12,16,75.0
Steven Welch,6,8,75.0
Justin Long,6,8,75.0
Alice Johnson,6,8,75.0
Deanna Martinez,6,8,75.0
Sarah Guerra,6,8,75.0
Angela Mcdonald,6,8,75.0
Ashley Ortiz,12,16,75.0
Kenneth Alvarez,6,8,75.0
Ryan Patel,6,8,75.0
James Owens,15,20,75.0
Stephen Jackson,18,24,75.0
Nicole Sims,6,8,75.0
Stacey Taylor,6,8,75.0
Jennifer Page,6,8,75.0
Mary Austin,6,8,75.0
Kevin Guzman,6,8,75.0
Brittany Cole,6,8,75.0
Sean Russell,6,8,75.0
Sarah Sherman,6,8,75.0
Tracey Williams,9,12,75.0
Bradley Fernandez,6,8,75.0
Christopher Gilmore,6,8,75.0
Michelle Fuller,6,8,75.0
Karen Fowler,6,8,75.0
Brandon Mitchell,9,12,75.0
Spencer Williams,6,8,75.0
Catherine Sanchez,6,8,75.0
John Saunders,6,8,75.0
David Key,6,8,75.0
Denise Taylor,6,8,75.0
Kimberly Reynolds,9,12,75.0
Ronald Sanchez,6,8,75.0
Timothy Morrison,6,8,75.0
Leslie Moore,6,8,75.0
Timothy Rice,9,12,75.0
Benjamin Ross,6,8,75.0
Melinda Harris,6,8,75.0
William Carson,6,8,75.0
Emma Taylor,6,8,75.0
Charles Richards,9,12,75.0
Laura Baker,12,16,75.0
Michelle Cole,6,8,75.0
David Carpenter,15,20,75.0
Paul Peterson,9,12,75.0
Breanna Miller,6,8,75.0
Brittany Lewis,15,20,75.0
Laura Fox,6,8,75.0
Patricia Brown,39,52,75.0
Mary Dominguez,6,8,75.0
Donald Wood,6,8,75.0
Shane Wright,6,8,75.0
Kelly Ross,9,12,75.0
Robin Adams,6,8,75.0
Lori Nelson,6,8,75.0
Carlos Martinez,9,12,75.0
Rebecca Wagner,6,8,75.0
Kevin Yang,6,8,75.0
Tammy Taylor,15,20,75.0
Gregory Mitchell,15,20,75.0
Lindsey Williams,12,16,75.0
Amanda Aguilar,6,8,75.0
Kevin Williamson,9,12,75.0
Anthony Riley,6,8,75.0
Timothy Perry,6,8,75.0
Deborah Torres,6,8,75.0
Cheryl Thomas,6,8,75.0
Andrew Walker,30,40,75.0
Richard Frazier,6,8,75.0
Anna Martinez,12,16,75.0
Dwayne Smith,12,16,75.0
Amanda Wolfe,9,12,75.0
Joshua Neal,6,8,75.0
Amy Green,15,20,75.0
John Hodges,9,12,75.0
Robert Blair,6,8,75.0
Stephen Brooks,6,8,75.0
Michael Barron,9,12,75.0
Courtney Martinez,9,12,75.0
Mario Rodriguez,6,8,75.0
Jennifer Tyler,6,8,75.0
Christopher Berg,6,8,75.0
Tina Jones,27,36,75.0
Susan Cooper,9,12,75.0
Chad Rodriguez,9,12,75.0
Monica Harris,12,16,75.0
Casey Lopez,6,8,75.0
John Richardson,24,32,75.0
Kelly Page,6,8,75.0
Emily Simmons,9,12,75.0
Kristen Brown,30,40,75.0
Amy Walter,6,8,75.0
Jeremy Harris,12,16,75.0
Stephanie Nelson,15,20,75.0
Jesus Brown,9,12,75.0
Gregory Jones,33,44,75.0
Kevin Carroll,9,12,75.0
Lori Hicks,6,8,75.0
Daniel Mills,9,12,75.0
Jon Williams,9,12,75.0
Christopher Craig,6,8,75.0
Donna Morris,6,8,75.0
Joseph Alexander,12,16,75.0
Amanda Hart,9,12,75.0
Andrew Butler,6,8,75.0
Julie Foster,6,8,75.0
Eric Willis,6,8,75.0
Alexis White,9,12,75.0
Kenneth Dennis,6,8,75.0
Kaitlyn Davis,6,8,75.0
Susan Campbell,6,8,75.0
Dana Roberts,6,8,75.0
Kenneth Ellis,6,8,75.0
Deborah Clark,6,8,75.0
Jennifer Molina,6,8,75.0
Juan Thompson,6,8,75.0
Samantha Franklin,6,8,75.0
Anna Herrera,6,8,75.0
Diane Thompson,6,8,75.0
Lauren Sullivan,6,8,75.0
Scott Price,6,8,75.0
Beverly Garcia,6,8,75.0
Jessica Mccoy,6,8,75.0
Jennifer Kerr,12,16,75.0
Amy Hanson,6,8,75.0
Daniel Richardson,21,28,75.0
Thomas Stephens,6,8,75.0
Brittany Hamilton,6,8,75.0
Matthew Hunt,9,12,75.0
Christine Cole,9,12,75.0
Erica Morgan,6,8,75.0
Carl Williams,9,12,75.0
Kimberly Alvarado,6,8,75.0
Taylor Gonzalez,15,20,75.0
Paul Wagner,6,8,75.0
Brenda Sullivan,6,8,75.0
Stephen Gomez,9,12,75.0
Richard Hampton,6,8,75.0
Michael Patrick,9,12,75.0
Cynthia Ford,6,8,75.0
Lynn Jones,6,8,75.0
Michael Diaz,33,44,75.0
Stephen Long,6,8,75.0
Allen Davis,9,12,75.0
Maria Morris,6,8,75.0
Matthew Lambert,6,8,75.0
Robert Melendez,6,8,75.0
Daniel Joseph,9,12,75.0
Michael Mcpherson,6,8,75.0
Peggy Williams,6,8,75.0
Matthew Ross,18,24,75.0
Brittany Gutierrez,9,12,75.0
Melissa Douglas,6,8,75.0
Kelli Johnson,9,12,75.0
Brian Eaton,6,8,75.0
Carl Miller,9,12,75.0
Tiffany Rivera,9,12,75.0
Diana Gomez,6,8,75.0
Michael Randolph,6,8,75.0
Kenneth Peters,6,8,75.0
Maria Cook,6,8,75.0
David Chen,12,16,75.0
Michael Zavala,6,8,75.0
Nancy Evans,9,12,75.0
Thomas Rojas,6,8,75.0
Sean Sanchez,12,16,75.0
Teresa Wright,6,8,75.0
Sean Moore,12,16,75.0
Amanda Ray,6,8,75.0
Michael Savage,9,12,75.0
Angela Powell,6,8,75.0
Caitlin Wilson,6,8,75.0
Michelle Lynch,6,8,75.0
Kevin Curry,6,8,75.0
Olivia Martin,6,8,75.0
Crystal Patel,6,8,75.0
Lisa Hughes,12,16,75.0
Ronald Mitchell,6,8,75.0
Charles Sanders,12,16,75.0
Julie Cunningham,6,8,75.0
Matthew Harper,6,8,75.0
Emily Rivera,6,8,75.0
Danielle Collins,6,8,75.0
Bianca Smith,9,12,75.0
Elizabeth Elliott,6,8,75.0
Michael Mooney,6,8,75.0
Christopher Durham,6,8,75.0
John Booth,6,8,75.0
Edgar Smith,6,8,75.0
Joseph Mcdaniel,6,8,75.0
Richard Manning,6,8,75.0
Jennifer Summers,6,8,75.0
Brian Thornton,6,8,75.0
John Vaughn,6,8,75.0
Emily Ferguson,6,8,75.0
Mary Long,9,12,75.0
Sarah Montgomery,6,8,75.0
Andrew Jimenez,6,8,75.0
Mark Payne,9,12,75.0
Stephanie Todd,6,8,75.0
Carolyn Lopez,6,8,75.0
Anthony Rose,6,8,75.0
Christopher Lara,6,8,75.0
Patrick Parker,6,8,75.0
Timothy Howell,6,8,75.0
Kristin Morales,6,8,75.0
Christina Aguilar,6,8,75.0
Michael Donovan,6,8,75.0
Jessica Lynch,6,8,75.0
Nathan Sanchez,6,8,75.0
Melissa Mitchell,21,28,75.0
Christopher Rangel,6,8,75.0
Daniel Ibarra,6,8,75.0
Steven May,6,8,75.0
Andrea Rivera,6,8,75.0
Brandy Lopez,6,8,75.0
David Leon,6,8,75.0
Joshua Leach,6,8,75.0
Lisa Ward,18,24,75.0
Patricia Ramirez,6,8,75.0
Stephanie Shaw,9,12,75.0
Mary Mendoza,9,12,75.0
James Cox,27,36,75.0
Paul Shaw,6,8,75.0
Bonnie Martinez,6,8,75.0
Sherry Gonzalez,6,8,75.0
Anthony Peters,6,8,75.0
Jessica Weiss,6,8,75.0
Jeremy Matthews,6,8,75.0
Kenneth Carter,12,16,75.0
Justin Payne,6,8,75.0
Lori Thomas,15,20,75.0
Crystal Gutierrez,6,8,75.0
William Armstrong,9,12,75.0
John Cox,21,28,75.0
Jacqueline Jackson,9,12,75.0
Christopher Collier,6,8,75.0
Hannah Reed,6,8,75.0
Karen Arnold,6,8,75.0
Cynthia Medina,6,8,75.0
Angela Walker,9,12,75.0
Jessica Steele,6,8,75.0
Chad Russell,6,8,75.0
Kendra Brown,6,8,75.0
John Fox,9,12,75.0
Matthew Carson,6,8,75.0
Jason Williamson,6,8,75.0
Linda Kim,6,8,75.0
Elizabeth Russell,15,20,75.0
Dylan Mitchell,6,8,75.0
Erica Allen,12,16,75.0
Daniel Estes,6,8,75.0
Robert Mendoza,12,16,75.0
Karen George,6,8,75.0
Lisa Gregory,6,8,75.0
Nicole Adkins,6,8,75.0
Anthony Fowler,12,16,75.0
Melissa Alexander,9,12,75.0
Linda Garcia,18,24,75.0
Jacob Bailey,6,8,75.0
Adrian Miller,6,8,75.0
Joseph Alvarado,6,8,75.0
Erica Perez,6,8,75.0
Amber Hughes,6,8,75.0
James Mann,9,12,75.0
Charles Diaz,9,12,75.0
Ryan Green,15,20,75.0
Jacob Gomez,12,16,75.0
Emily Price,9,12,75.0
Amber Nelson,6,8,75.0
Danielle Baker,6,8,75.0
Victoria Garcia,18,24,75.0
Zachary Murphy,6,8,75.0
Christopher Bird,6,8,75.0
Richard Hughes,9,12,75.0
Robert Malone,6,8,75.0
Jill Wright,9,12,75.0
Jose Howard,6,8,75.0
Zachary Martin,9,12,75.0
Sandra Chavez,6,8,75.0
Scott Schmidt,6,8,75.0
Matthew Carpenter,9,12,75.0
Audrey Jones,6,8,75.0
Richard Franco,6,8,75.0
Matthew Payne,12,16,75.0
Benjamin Morris,6,8,75.0
Samantha Barnes,9,12,75.0
Joshua Lang,6,8,75.0
Kevin Stewart,15,20,75.0
Melissa Russo,6,8,75.0
Natalie Ward,6,8,75.0
Kevin Greene,6,8,75.0
Nicole Sullivan,6,8,75.0
Megan Herrera,6,8,75.0
Wendy Miller,18,24,75.0
Keith Davis,15,20,75.0
Nancy Cooper,9,12,75.0
Susan Rice,6,8,75.0
Christopher Odonnell,6,8,75.0
Michelle Matthews,6,8,75.0
Jose Young,6,8,75.0
Ann Perez,6,8,75.0
Melissa Melton,6,8,75.0
Joel Robinson,9,12,75.0
James Carrillo,6,8,75.0
Ashley Matthews,6,8,75.0
Cynthia Campbell,6,8,75.0
Pamela Alvarez,6,8,75.0
Kathy Johnson,18,24,75.0
Thomas Arnold,9,12,75.0
Sara Turner,9,12,75.0
Samantha Perez,12,16,75.0
Amanda Love,6,8,75.0
Marissa Jones,15,20,75.0
Christopher Banks,9,12,75.0
Christopher Brady,9,12,75.0
Paula Lee,6,8,75.0
Amy Mason,6,8,75.0
Richard Klein,6,8,75.0
William Larson,6,8,75.0
Nancy Kennedy,6,8,75.0
Jennifer Kirby,6,8,75.0
John Hutchinson,6,8,75.0
Brandon Mckinney,6,8,75.0
Jennifer Cohen,6,8,75.0
Shannon Watson,6,8,75.0
Michelle Hamilton,6,8,75.0
Anthony Howard,12,16,75.0
Charles Daniels,6,8,75.0
Susan Castro,6,8,75.0
Julie Dixon,6,8,75.0
Charles Hardy,6,8,75.0
Ashley Jackson,33,44,75.0
Anthony Howell,6,8,75.0
Andrew Ray,6,8,75.0
David Velez,9,12,75.0
Thomas Phillips,21,28,75.0
Rita Johnson,6,8,75.0
Mark Carpenter,6,8,75.0
Jacob Morris,6,8,75.0
Daniel Chen,6,8,75.0
Randall Williams,12,16,75.0
Joshua Doyle,6,8,75.0
Anthony Hudson,6,8,75.0
Brian Trevino,6,8,75.0
Karen Daniels,6,8,75.0
Megan Robertson,6,8,75.0
David Navarro,9,12,75.0
Tracy Bryant,6,8,75.0
Ashley Murray,12,16,75.0
Charles Watson,6,8,75.0
Vincent Johnson,12,16,75.0
Aaron Lucas,6,8,75.0
Rachel Jenkins,6,8,75.0
Susan Anderson,21,28,75.0
Brian Burgess,6,8,75.0
Jennifer Hanson,9,12,75.0
Brandon Howard,6,8,75.0
Joan Brown,6,8,75.0
Cynthia Green,9,12,75.0
Vanessa Anderson,15,20,75.0
Kathryn Harris,9,12,75.0
Lisa Black,9,12,75.0
Linda Flores,6,8,75.0
Christopher Hess,6,8,75.0
Justin Warner,6,8,75.0
Theresa Jackson,6,8,75.0
Gary Lee,9,12,75.0
Daniel Farmer,6,8,75.0
Daniel Wallace,9,12,75.0
Andrew Andrews,6,8,75.0
Melissa Lucas,6,8,75.0
Andrew Barker,6,8,75.0
Kimberly Dawson,6,8,75.0
John Ortega,6,8,75.0
Brian Day,6,8,75.0
Daniel Cohen,6,8,75.0
Cynthia Fox,6,8,75.0
Steven Sharp,6,8,75.0
Steven Washington,12,16,75.0
Diane Thomas,6,8,75.0
Tyler Berry,6,8,75.0
Rebecca Diaz,9,12,75.0
Keith Lee,6,8,75.0
John Hines,6,8,75.0
James Holland,6,8,75.0
Mary Dixon,6,8,75.0
Stephen Palmer,6,8,75.0
William Steele,6,8,75.0
Stephanie Hunt,6,8,75.0
Douglas Martin,12,16,75.0
William Chapman,9,12,75.0
Joseph Daniel,6,8,75.0
Nicole Fernandez,6,8,75.0
Sean Ramirez,6,8,75.0
Kyle Ward,9,12,75.0
Ryan Black,6,8,75.0
Kenneth Harris,15,20,75.0
Thomas Freeman,9,12,75.0
Charles Mclaughlin,6,8,75.0
William Johnston,6,8,75.0
Lindsay Lee,6,8,75.0
Austin Reynolds,6,8,75.0
Jesse Harris,9,12,75.0
William Marks,6,8,75.0
John Miles,6,8,75.0
Jennifer Jennings,15,20,75.0
Cheryl Stewart,6,8,75.0
Michael Burke,18,24,75.0
Amanda Johnston,6,8,75.0
Kyle Lewis,12,16,75.0
Christopher Jimenez,12,16,75.0
Cynthia Parker,9,12,75.0
Julie Rivera,6,8,75.0
Angela Castro,6,8,75.0
Bethany White,6,8,75.0
Darlene Jones,6,8,75.0
Regina Smith,15,20,75.0
John Ryan,9,12,75.0
Angela Lee,18,24,75.0
Benjamin Hall,12,16,75.0
Matthew Ramos,9,12,75.0
Angela Jensen,6,8,75.0
Linda Olson,6,8,75.0
Jeffrey Davidson,6,8,75.0
Jeffrey Mills,12,16,75.0
Charles Ford,6,8,75.0
Christina Scott,15,20,75.0
Todd Harris,6,8,75.0
Gary Thomas,12,16,75.0
Gina Gonzalez,6,8,75.0
Gary Brown,21,28,75.0
Pamela Rodriguez,12,16,75.0
Thomas Rios,6,8,75.0
Daniel Espinoza,6,8,75.0
Carrie Smith,24,32,75.0
Keith Nelson,12,16,75.0
Victoria Hamilton,6,8,75.0
John Walters,9,12,75.0
Tiffany Torres,6,8,75.0
Susan Jenkins,9,12,75.0
Thomas James,6,8,75.0
Brandon Cox,6,8,75.0
Carol Perez,6,8,75.0
Rebecca Hudson,6,8,75.0
Andrea Wilson,18,24,75.0
Juan Martinez,6,8,75.0
Charles Reynolds,6,8,75.0
Laura Bennett,6,8,75.0
Laura Hudson,6,8,75.0
Colleen Williams,9,12,75.0
Stephen Sullivan,6,8,75.0
Amanda Matthews,6,8,75.0
Craig Jones,9,12,75.0
Alexander Fisher,6,8,75.0
Patrick Hughes,6,8,75.0
Stephanie Sutton,6,8,75.0
Charles Sullivan,12,16,75.0
Christopher Pacheco,6,8,75.0
Andrew Marshall,6,8,75.0
Taylor Roberts,6,8,75.0
Travis Scott,6,8,75.0
Tina Baker,6,8,75.0
Elizabeth Carroll,9,12,75.0
Stephanie Jacobs,6,8,75.0
Nicole Holt,6,8,75.0
Ryan Nguyen,12,16,75.0
Richard Warner,6,8,75.0
Joshua Woods,6,8,75.0
Jason Gregory,6,8,75.0
Eddie Williams,6,8,75.0
Scott Oliver,6,8,75.0
Brenda Hamilton,6,8,75.0
Jason Wood,15,20,75.0
Sarah Knight,6,8,75.0
Valerie Jackson,9,12,75.0
Megan Gonzales,6,8,75.0
Daniel Bruce,6,8,75.0
John Morrow,6,8,75.0
Stephanie Obrien,6,8,75.0
Lisa Bush,6,8,75.0
Robert Hayes,18,24,75.0
Kimberly Bryant,9,12,75.0
Jennifer Nelson,33,44,75.0
James Sandoval,9,12,75.0
James Sweeney,6,8,75.0
Jessica Campbell,18,24,75.0
Martin Wilson,6,8,75.0
Tracy Murphy,6,8,75.0
Stephen Bailey,6,8,75.0
Thomas Walker,21,28,75.0
Michael Reeves,15,20,75.0
Evan Rodriguez,6,8,75.0
Ryan Mitchell,15,20,75.0
Jimmy Brown,6,8,75.0
Melissa Baldwin,6,8,75.0
Pamela Palmer,6,8,75.0
Amy Fox,6,8,75.0
Christopher Mcconnell,6,8,75.0
Caitlin Anderson,6,8,75.0
Sandra Scott,6,8,75.0
Amanda Nguyen,21,28,75.0
Linda Miller,30,40,75.0
Courtney Phillips,6,8,75.0
Peter Scott,6,8,75.0
Timothy Walsh,6,8,75.0
Katelyn Garcia,6,8,75.0
Sarah Burton,6,8,75.0
David Tyler,9,12,75.0
Cynthia White,21,28,75.0
Joshua Crawford,6,8,75.0
Brent Lee,6,8,75.0
Brandon Jenkins,9,12,75.0
Lori Cox,6,8,75.0
Richard Mccoy,9,12,75.0
Trevor Williams,9,12,75.0
Gary Roberts,6,8,75.0
Joshua Wallace,9,12,75.0
Alexander Green,9,12,75.0
Tina Lewis,9,12,75.0
Matthew Pacheco,6,8,75.0
Lindsey Evans,6,8,75.0
Ashley Clark,27,36,75.0
Timothy Alexander,9,12,75.0
Jessica Castro,9,12,75.0
Tanya King,6,8,75.0
Thomas Garrett,6,8,75.0
Louis Smith,6,8,75.0
Ana Johnson,6,8,75.0
Thomas Caldwell,6,8,75.0
Brandon Silva,6,8,75.0
John Schwartz,9,12,75.0
Michelle Williamson,6,8,75.0
Amy Hoffman,6,8,75.0
Matthew Mack,6,8,75.0
Leslie Morris,6,8,75.0
Eric Parker,15,20,75.0
James Mcfarland,6,8,75.0
Scott Burke,6,8,75.0
Michael Clayton,6,8,75.0
Christopher Hamilton,15,20,75.0
Anthony Weaver,6,8,75.0
Rebecca Taylor,30,40,75.0
Eric Matthews,9,12,75.0
Wendy Hernandez,9,12,75.0
Ashley Meyers,6,8,75.0
Brandon Perry,6,8,75.0
Cindy Hall,6,8,75.0
Bonnie Brown,9,12,75.0
Daniel Ortega,6,8,75.0
Amanda Tucker,6,8,75.0
Sarah Weaver,9,12,75.0
Michelle Daniels,6,8,75.0
Joe Gonzalez,6,8,75.0
William Parsons,6,8,75.0
Amanda Ford,9,12,75.0
Brian Rose,9,12,75.0
Brian Martinez,27,36,75.0
Michelle Mills,6,8,75.0
David Castaneda,6,8,75.0
Tammy Gibson,6,8,75.0
Maria Gonzales,6,8,75.0
Cassandra Reynolds,6,8,75.0
Sandra Mitchell,12,16,75.0
Jack Miller,6,8,75.0
Tracy Moore,15,20,75.0
Dennis Lopez,6,8,75.0
Donald Cook,6,8,75.0
Todd Walker,6,8,75.0
Nancy Hernandez,12,16,75.0
Michael Tyler,9,12,75.0
Thomas Snyder,6,8,75.0
Patricia Fuller,9,12,75.0
Stephanie Howard,9,12,75.0
Jennifer Howell,9,12,75.0
Anthony Murray,12,16,75.0
Michael Vaughan,6,8,75.0
Anthony Perkins,6,8,75.0
Jill Jenkins,6,8,75.0
Ashley Ford,6,8,75.0
Seth Johnson,9,12,75.0
Joshua Wright,27,36,75.0
John Wheeler,12,16,75.0
James Gray,18,24,75.0
Stephen Kennedy,6,8,75.0
Matthew Nichols,9,12,75.0
Robert Klein,6,8,75.0
Susan Kim,6,8,75.0
Jennifer Duran,6,8,75.0
Joshua Bailey,12,16,75.0
Rebecca Sullivan,6,8,75.0
Rachel Owen,6,8,75.0
John Farley,6,8,75.0
John Little,12,16,75.0
Edward Martinez,15,20,75.0
Corey Rodriguez,9,12,75.0
Angela Bradley,9,12,75.0
Jerry Brown,12,16,75.0
Anthony Price,12,16,75.0
Lauren King,6,8,75.0
Anna Scott,6,8,75.0
Kevin Wolfe,6,8,75.0
Linda Baker,12,16,75.0
Kelly Carroll,9,12,75.0
Natasha Roberts,6,8,75.0
Antonio Brown,9,12,75.0
Jimmy Sanchez,6,8,75.0
Denise Reed,6,8,75.0
Mark Douglas,6,8,75.0
Emily Patterson,6,8,75.0
Edward Hill,6,8,75.0
Sarah Mason,9,12,75.0
Diana Collins,6,8,75.0
Dwayne Williams,6,8,75.0
Sarah Henderson,9,12,75.0
Jessica Willis,15,20,75.0
Andrea Foster,6,8,75.0
Christina Reed,12,16,75.0
Rebecca Robertson,6,8,75.0
Amanda Davidson,6,8,75.0
Susan Hunter,6,8,75.0
Charles Campbell,12,16,75.0
Leah Rodriguez,6,8,75.0
Richard Wallace,12,16,75.0
Kelly Taylor,36,48,75.0
Jennifer Walters,9,12,75.0
Laurie Moore,6,8,75.0
Regina Williams,6,8,75.0
Thomas Johnston,6,8,75.0
Derrick Martinez,6,8,75.0
Heather Reed,9,12,75.0
Scott Howard,6,8,75.0
Jennifer Santiago,9,12,75.0
Sarah Long,9,12,75.0
Michael Moyer,6,8,75.0
Sandra Parker,9,12,75.0
Michael Mckee,9,12,75.0
Natalie Campbell,6,8,75.0
Ashley Willis,6,8,75.0
Lindsay Hernandez,6,8,75.0
David Oneill,9,12,75.0
Christopher Steele,6,8,75.0
Beth Jackson,6,8,75.0
Stephen Scott,9,12,75.0
Barry Miller,6,8,75.0
Brian Dean,6,8,75.0
John Ferrell,6,8,75.0
Nicholas Hoffman,6,8,75.0
Jonathan Daniel,6,8,75.0
John Hicks,9,12,75.0
William Daniels,9,12,75.0
Derek Hall,6,8,75.0
Manuel Brown,6,8,75.0
Thomas Murphy,12,16,75.0
Daniel Burns,12,16,75.0
Joshua Franklin,9,12,75.0
Joseph Reid,12,16,75.0
Mark Bass,6,8,75.0
Brian Le,6,8,75.0
Brian Benson,9,12,75.0
David Gordon,15,20,75.0
Richard Torres,9,12,75.0
Nicole Ryan,9,12,75.0
Andrew Hudson,6,8,75.0
Victoria Murray,6,8,75.0
Scott Grant,6,8,75.0
Tammy Gomez,6,8,75.0
Rhonda Young,6,8,75.0
Daniel Harper,6,8,75.0
Michael Huang,6,8,75.0
Jacqueline Price,6,8,75.0
Pamela Bailey,6,8,75.0
James Fuller,12,16,75.0
Laura Meyer,6,8,75.0
Angela Boyd,6,8,75.0
Caitlin Jones,6,8,75.0
John Wilkerson,6,8,75.0
Joel Lopez,6,8,75.0
Adam Russell,6,8,75.0
Michael George,15,20,75.0
Victoria Gonzalez,9,12,75.0
Brian Guzman,9,12,75.0
Kathleen Sullivan,9,12,75.0
Christina Nichols,6,8,75.0
Scott Webb,6,8,75.0
Kimberly Olson,9,12,75.0
Timothy Mcdonald,6,8,75.0
Rebecca Stewart,12,16,75.0
Kaitlyn Miller,9,12,75.0
Aaron Lee,12,16,75.0
Melissa Hodges,6,8,75.0
Allen Lewis,6,8,75.0
Lisa Salas,6,8,75.0
Nicole Morgan,6,8,75.0
Daniel Craig,6,8,75.0
Lauren Perez,12,16,75.0
Ashley Rodgers,6,8,75.0
Andrew Diaz,9,12,75.0
Barbara Gomez,6,8,75.0
Bryan Wilson,15,20,75.0
Jesse Anderson,9,12,75.0
George Sanchez,9,12,75.0
Tiffany Robinson,15,20,75.0
Jacqueline Diaz,6,8,75.0
Jeffrey Turner,9,12,75.0
Sean Garcia,12,16,75.0
Jasmine Johnson,21,28,75.0
Eddie Johnson,6,8,75.0
Jacqueline Brown,21,28,75.0
Matthew Holt,9,12,75.0
Jeffery Smith,24,32,75.0
David Becker,9,12,75.0
Melissa Hill,18,24,75.0
James Walls,6,8,75.0
Ryan Young,15,20,75.0
Matthew Kennedy,12,16,75.0
Brian Simpson,12,16,75.0
Jennifer Carlson,12,16,75.0
Rebecca Long,6,8,75.0
Brittany White,18,24,75.0
Mark Tucker,6,8,75.0
Jessica Jimenez,9,12,75.0
James Ball,6,8,75.0
Rachel Roberts,6,8,75.0
Erica Gonzales,6,8,75.0
Danielle Cox,6,8,75.0
Joshua Grant,6,8,75.0
Nicholas Rhodes,6,8,75.0
Monica White,9,12,75.0
Alexander Ward,6,8,75.0
Mark Wong,6,8,75.0
Erik Jackson,6,8,75.0
Gregory Rose,6,8,75.0
Anna Bell,9,12,75.0
Robert Irwin,6,8,75.0
Nicole Mason,6,8,75.0
Joanna Williams,6,8,75.0
Taylor Hall,12,16,75.0
Hannah Cox,6,8,75.0
Ashley Collins,12,16,75.0
William Mcclure,6,8,75.0
Randy Miller,12,16,75.0
Amanda Hill,30,40,75.0
Gina Thompson,6,8,75.0
Michael Little,15,20,75.0
Kimberly Carroll,6,8,75.0
Jeffrey Henry,9,12,75.0
David Haley,6,8,75.0
Richard Oconnor,6,8,75.0
Kara Rodriguez,6,8,75.0
Brandon Vargas,6,8,75.0
Joshua Fisher,12,16,75.0
John Mcdowell,6,8,75.0
David Jefferson,6,8,75.0
Sarah Edwards,15,20,75.0
Charles Fernandez,6,8,75.0
Meagan Smith,6,8,75.0
William Silva,6,8,75.0
Christopher Conley,9,12,75.0
Shane Harris,9,12,75.0
Brianna Wilson,6,8,75.0
Jessica Cortez,6,8,75.0
Taylor Stewart,6,8,75.0
Cody Moore,9,12,75.0
Sarah Sims,6,8,75.0
James Lane,12,16,75.0
Anthony Reynolds,9,12,75.0
John Ballard,6,8,75.0
Samantha Reyes,6,8,75.0
Steven Sullivan,12,16,75.0
Brittany Torres,6,8,75.0
Kimberly Velasquez,6,8,75.0
Jennifer Livingston,6,8,75.0
Christopher Charles,6,8,75.0
Misty Rodriguez,6,8,75.0
Paul Tran,6,8,75.0
John Rowe,9,12,75.0
Kimberly Hart,9,12,75.0
Brian Stone,9,12,75.0
Melissa Barrett,6,8,75.0
Jaime Martinez,6,8,75.0
David Mccann,6,8,75.0
Cynthia Perez,18,24,75.0
Jason Gomez,18,24,75.0
Philip Gonzalez,6,8,75.0
Sara Roberts,6,8,75.0
Karen Vazquez,6,8,75.0
Gary Johnson,24,32,75.0
John Morgan,21,28,75.0
Joseph Watson,12,16,75.0
Dana Jackson,6,8,75.0
Michael Burgess,15,20,75.0
Karen Ryan,6,8,75.0
Justin Jordan,6,8,75.0
Tammy Hernandez,18,24,75.0
Jacob Bennett,6,8,75.0
Jennifer Archer,6,8,75.0
Amanda Williamson,6,8,75.0
Andrew Neal,9,12,75.0
Katherine Carroll,6,8,75.0
Tiffany Richardson,9,12,75.0
Michael Fry,6,8,75.0
Kelsey Taylor,6,8,75.0
Lauren Price,6,8,75.0
Amy Terry,6,8,75.0
Erica Mitchell,6,8,75.0
Kenneth Chan,6,8,75.0
Mary Tucker,9,12,75.0
David Jones,132,176,75.0
Christopher Blankenship,6,8,75.0
Tyler Cooper,9,12,75.0
Anna Nelson,6,8,75.0
Jason Bennett,15,20,75.0
Daniel May,9,12,75.0
Jenna Hernandez,6,8,75.0
Kenneth Roberts,12,16,75.0
David Townsend,9,12,75.0
Joshua Potts,6,8,75.0
Scott Thompson,24,32,75.0
Robert Dickson,6,8,75.0
Jennifer Vazquez,6,8,75.0
Jennifer Delgado,12,16,75.0
William Hubbard,6,8,75.0
Brandi Garcia,9,12,75.0
Jeff Brown,6,8,75.0
Jessica Logan,6,8,75.0
Nicole Franklin,6,8,75.0
Kimberly Stanley,6,8,75.0
Steven Edwards,12,16,75.0
Susan Washington,6,8,75.0
Teresa Hill,6,8,75.0
Amber Simpson,6,8,75.0
Amy Chapman,6,8,75.0
Jonathan Ramos,6,8,75.0
Daniel Green,36,48,75.0
Debra Hill,9,12,75.0
David Clayton,6,8,75.0
Michael Glenn,9,12,75.0
Amanda Beck,6,8,75.0
Rodney Martinez,6,8,75.0
Nicholas Webb,6,8,75.0
Shannon Jenkins,6,8,75.0
Janet Garcia,6,8,75.0
Jessica Miles,6,8,75.0
Amber Harrison,6,8,75.0
Colleen Perez,6,8,75.0
Matthew Chen,6,8,75.0
Linda Mitchell,6,8,75.0
Christopher Fox,6,8,75.0
Julia Johnson,21,28,75.0
Jennifer Chandler,6,8,75.0
Eric Donovan,6,8,75.0
Austin Mitchell,9,12,75.0
Phillip Johnson,21,28,75.0
Kimberly Barnes,6,8,75.0
Brett Gonzalez,6,8,75.0
Bryan Nguyen,9,12,75.0
Christopher Bailey,27,36,75.0
Rachel Morales,6,8,75.0
Jacob Torres,9,12,75.0
Melissa Wise,6,8,75.0
Teresa Anderson,18,24,75.0
Heather Bell,6,8,75.0
Christina Bowman,6,8,75.0
Daniel Rangel,6,8,75.0
Angela Arnold,6,8,75.0
Travis Nelson,9,12,75.0
Ronald Kelly,6,8,75.0
Lisa Hogan,6,8,75.0
Amanda Green,18,24,75.0
Gary Gutierrez,6,8,75.0
Nancy Kelly,6,8,75.0
Steven Luna,6,8,75.0
Patrick Stone,6,8,75.0
Brandon Montgomery,6,8,75.0
Susan Hall,15,20,75.0
Jesse Perez,6,8,75.0
Jasmine Brown,9,12,75.0
Marc Lopez,6,8,75.0
April Nelson,6,8,75.0
Stephanie Soto,6,8,75.0
Dustin Mitchell,6,8,75.0
Deborah Anderson,9,12,75.0
Rebecca Hamilton,9,12,75.0
Christine Robinson,9,12,75.0
Richard Hunter,6,8,75.0
Katherine Ellis,6,8,75.0
Shane White,6,8,75.0
Alexis Wilson,12,16,75.0
Jennifer Whitaker,6,8,75.0
Rebecca Cohen,6,8,75.0
Matthew Lowe,6,8,75.0
William Morgan,12,16,75.0
Monica Hernandez,12,16,75.0
Amy Miller,50,67,74.63
Nicole Jones,50,67,74.63
Brittany Johnson,47,63,74.6
Jamie Smith,47,63,74.6
Jennifer Lewis,41,55,74.55
Elizabeth Wilson,41,55,74.55
Robert Nelson,38,51,74.51
Jessica Perez,38,51,74.51
Sarah Clark,38,51,74.51
Jessica Lewis,35,47,74.47
John Hill,35,47,74.47
Kevin Thomas,35,47,74.47
Michael Foster,32,43,74.42
Nicholas Miller,32,43,74.42
Christopher Morris,32,43,74.42
Christopher Foster,32,43,74.42
Andrew Jackson,32,43,74.42
Tyler Johnson,32,43,74.42
Kelly Miller,32,43,74.42
Michelle Thomas,32,43,74.42
Anthony Hernandez,32,43,74.42
David Patterson,29,39,74.36
Matthew Ramirez,29,39,74.36
Christopher Adams,29,39,74.36
Justin Rodriguez,29,39,74.36
Heather Taylor,29,39,74.36
Michael Powell,29,39,74.36
Heather Martinez,29,39,74.36
Lisa King,29,39,74.36
Theresa Smith,29,39,74.36
James Lopez,55,74,74.32
Eric Moore,26,35,74.29
Laura Thompson,26,35,74.29
Samuel Jones,26,35,74.29
Jennifer Cook,26,35,74.29
Jennifer Gomez,26,35,74.29
Daniel Scott,26,35,74.29
William Phillips,26,35,74.29
Rebecca Smith,78,105,74.29
Jeffrey Wilson,26,35,74.29
Jeffrey Anderson,26,35,74.29
Kevin Jackson,26,35,74.29
Mark Johnson,72,97,74.23
Amy Phillips,23,31,74.19
Allison Williams,23,31,74.19
Stephen Lopez,23,31,74.19
Sarah Lewis,23,31,74.19
Robert Gibson,23,31,74.19
Michael Arnold,23,31,74.19
Jennifer Young,46,62,74.19
Daniel Flores,23,31,74.19
Michelle Scott,23,31,74.19
Karen Moore,23,31,74.19
Jennifer Foster,23,31,74.19
Scott Clark,23,31,74.19
Gregory Johnson,46,62,74.19
Christian Smith,23,31,74.19
Jason Wright,23,31,74.19
Samantha Martinez,23,31,74.19
Amanda Lewis,23,31,74.19
John Hayes,23,31,74.19
Jennifer Richardson,23,31,74.19
James Rodriguez,63,85,74.12
Jonathan Hall,20,27,74.07
Mary Green,20,27,74.07
Cheryl Brown,20,27,74.07
Taylor Brown,20,27,74.07
Robert Cruz,20,27,74.07
Julie Taylor,20,27,74.07
Dylan Smith,20,27,74.07
Daniel Harris,40,54,74.07
Stephanie Perez,20,27,74.07
Kevin Mitchell,20,27,74.07
Robert Ruiz,20,27,74.07
Mary Young,20,27,74.07
Robert Alexander,20,27,74.07
David Jordan,20,27,74.07
Tracy Wilson,20,27,74.07
Christina Rodriguez,20,27,74.07
Jeffrey Parker,20,27,74.07
Michael Harvey,20,27,74.07
Eric Adams,20,27,74.07
Jacob Martin,20,27,74.07
Jeremy Wilson,20,27,74.07
Christina Miller,37,50,74.0
Kimberly Hall,37,50,74.0
Steven Anderson,37,50,74.0
Andrew Davis,54,73,73.97
Vincent Williams,17,23,73.91
Pamela Miller,17,23,73.91
Elizabeth Gray,17,23,73.91
Michael Larson,17,23,73.91
Samuel Miller,17,23,73.91
Kimberly Lee,34,46,73.91
Christopher Stevens,17,23,73.91
Carlos Smith,17,23,73.91
Matthew Bennett,17,23,73.91
John Chavez,17,23,73.91
Kristin Jones,17,23,73.91
Karen Robinson,17,23,73.91
Timothy Hernandez,34,46,73.91
Brent Smith,17,23,73.91
Michael Willis,17,23,73.91
David Harrison,17,23,73.91
Kimberly Gomez,17,23,73.91
Jason Phillips,17,23,73.91
Kathy Smith,17,23,73.91
Crystal Lopez,17,23,73.91
Michael Miles,17,23,73.91
Dustin Williams,17,23,73.91
David Richards,17,23,73.91
Joseph Foster,17,23,73.91
Joseph Morris,17,23,73.91
Mary Evans,17,23,73.91
Robert Gray,17,23,73.91
Erika Smith,17,23,73.91
Paul Clark,17,23,73.91
Michael Perkins,17,23,73.91
Heather Turner,17,23,73.91
Kelly Hill,17,23,73.91
Michelle Nelson,17,23,73.91
Sean Jones,17,23,73.91
Amanda Ward,17,23,73.91
Brian Miller,65,88,73.86
Christina Jones,48,65,73.85
Stephanie Johnson,79,107,73.83
Jesse Smith,31,42,73.81
Tammy Brown,31,42,73.81
Amanda White,31,42,73.81
Jennifer Lee,45,61,73.77
Joseph Martinez,45,61,73.77
Scott Miller,45,61,73.77
Lauren Ramirez,14,19,73.68
Hannah Rodriguez,14,19,73.68
Anthony Torres,14,19,73.68
Lauren Harris,14,19,73.68
Jason Cooper,14,19,73.68
Amy Rogers,14,19,73.68
Charles Roberts,14,19,73.68
Tina Garcia,14,19,73.68
David Carlson,14,19,73.68
Ryan Hall,14,19,73.68
Steven Lee,28,38,73.68
Adrian Smith,14,19,73.68
Rebecca Scott,14,19,73.68
Christopher Gordon,14,19,73.68
Peter Martin,14,19,73.68
Kimberly Patterson,14,19,73.68
Jennifer Lynch,14,19,73.68
Melissa Wood,14,19,73.68
Joseph Graham,14,19,73.68
Sarah Jenkins,14,19,73.68
Matthew Adams,28,38,73.68
Rachel Gray,14,19,73.68
Zachary Wilson,14,19,73.68
Sara Martin,14,19,73.68
Danielle Gonzalez,14,19,73.68
Amanda Watson,14,19,73.68
Brenda Taylor,14,19,73.68
Steven Stewart,14,19,73.68
John Wagner,14,19,73.68
Nicole Cook,14,19,73.68
Steven Torres,14,19,73.68
Brian Hernandez,42,57,73.68
Gina Williams,14,19,73.68
Daniel Reed,14,19,73.68
Kimberly Carter,14,19,73.68
Donna Wilson,14,19,73.68
Eric Reyes,14,19,73.68
Ashley Bailey,14,19,73.68
Stephanie Foster,14,19,73.68
Tracy Lopez,14,19,73.68
Tracy Rodriguez,14,19,73.68
Jennifer Hawkins,14,19,73.68
Mark Torres,14,19,73.68
Connie Jones,14,19,73.68
Brandon Nguyen,14,19,73.68
John Walsh,14,19,73.68
Katherine Taylor,14,19,73.68
Megan Wright,14,19,73.68
Jennifer Gray,14,19,73.68
John Morrison,14,19,73.68
Alex Johnson,14,19,73.68
Alexis Johnson,14,19,73.68
Rachel Hernandez,14,19,73.68
Robin Johnson,28,38,73.68
David Day,14,19,73.68
Scott Turner,14,19,73.68
Barbara Jackson,14,19,73.68
Emily Ramirez,14,19,73.68
Sandra Brown,28,38,73.68
Mary Miller,56,76,73.68
Christopher Rios,14,19,73.68
Matthew Chavez,14,19,73.68
Matthew Hamilton,14,19,73.68
Christopher Woods,14,19,73.68
Anthony Martinez,42,57,73.68
Rachel Mitchell,14,19,73.68
Dana Davis,14,19,73.68
Patricia Wright,14,19,73.68
Michael Becker,14,19,73.68
Matthew Perez,28,38,73.68
Robert Ramos,14,19,73.68
Jessica Elliott,14,19,73.68
Kimberly Gray,14,19,73.68
Brenda Martinez,14,19,73.68
Megan Scott,14,19,73.68
Philip Williams,14,19,73.68
John Morris,28,38,73.68
Stephen King,14,19,73.68
Megan Thomas,14,19,73.68
Jose White,14,19,73.68
David Wells,14,19,73.68
Jennifer Hart,14,19,73.68
Daniel Gonzales,14,19,73.68
William Harrison,14,19,73.68
Joshua Reyes,14,19,73.68
Michael Stevenson,14,19,73.68
Robert Porter,14,19,73.68
David Fernandez,14,19,73.68
Jeffrey Edwards,14,19,73.68
David Olson,14,19,73.68
Carlos Brown,14,19,73.68
Kayla Hernandez,14,19,73.68
Brian Murphy,14,19,73.68
Amy Bailey,14,19,73.68
Karen Campbell,14,19,73.68
Shannon Hall,14,19,73.68
Rebecca Turner,14,19,73.68
Jonathan Green,14,19,73.68
Robert Little,14,19,73.68
Daniel Davis,67,91,73.63
Joseph Martin,39,53,73.58
John Lopez,64,87,73.56
Kyle Miller,25,34,73.53
Timothy White,25,34,73.53
Robert Gomez,25,34,73.53
Jamie Davis,25,34,73.53
Jonathan White,25,34,73.53
Steven Jackson,25,34,73.53
Kevin Young,25,34,73.53
Eric Davis,50,68,73.53
Melissa Robinson,25,34,73.53
Tammy Miller,25,34,73.53
Robert Hernandez,61,83,73.49
Sarah Lopez,36,49,73.47
Elizabeth Hernandez,36,49,73.47
Ashley Martinez,36,49,73.47
Benjamin Smith,47,64,73.44
Ashley Johnson,91,124,73.39
Andrew Johnson,91,124,73.39
Christopher Mcdaniel,11,15,73.33
Julia Miller,11,15,73.33
Eric Brooks,11,15,73.33
Michael Goodwin,11,15,73.33
Samuel Scott,11,15,73.33
Jason Schmidt,11,15,73.33
Carolyn Davis,11,15,73.33
Heather King,11,15,73.33
Daniel Kennedy,11,15,73.33
Sean Miller,22,30,73.33
Angela Murphy,11,15,73.33
Anna Clark,11,15,73.33
Michele Davis,11,15,73.33
Amy Torres,11,15,73.33
Andrew Peterson,11,15,73.33
Amanda Snyder,11,15,73.33
Jenna Johnson,11,15,73.33
Sean Perez,11,15,73.33
Julie Gray,11,15,73.33
Daniel Ramos,11,15,73.33
Megan Hansen,11,15,73.33
Angela Bailey,11,15,73.33
Jeffery Williams,11,15,73.33
Crystal Nelson,11,15,73.33
William Dean,11,15,73.33
Sara Moore,11,15,73.33
Jason Arnold,11,15,73.33
David Watkins,11,15,73.33
Shawn Williams,22,30,73.33
Thomas Brooks,11,15,73.33
Jamie Anderson,22,30,73.33
Cody Rodriguez,11,15,73.33
Maria Wright,11,15,73.33
Eric Rogers,11,15,73.33
Timothy Mills,11,15,73.33
Amy Gonzales,11,15,73.33
Robert Becker,11,15,73.33
Ryan Gutierrez,11,15,73.33
Ashley Hughes,11,15,73.33
Steven Adams,22,30,73.33
Denise Young,11,15,73.33
Thomas Jordan,11,15,73.33
Ashley Coleman,11,15,73.33
Thomas Ryan,11,15,73.33
John Watts,11,15,73.33
Brian Sanchez,22,30,73.33
Erin Davis,22,30,73.33
Peter Gonzalez,11,15,73.33
Jason Murray,11,15,73.33
Melissa Boyd,11,15,73.33
Terry Moore,11,15,73.33
John Armstrong,11,15,73.33
Gregory Torres,11,15,73.33
Sarah Murphy,11,15,73.33
Christopher Leonard,11,15,73.33
Christopher Delgado,11,15,73.33
Justin Stewart,11,15,73.33
Adam Rogers,11,15,73.33
Alyssa Lee,11,15,73.33
Donald Garcia,11,15,73.33
Thomas Price,11,15,73.33
Cheryl Jackson,11,15,73.33
Leslie Miller,11,15,73.33
Matthew Mitchell,22,30,73.33
Robert Floyd,11,15,73.33
Nicholas Murphy,11,15,73.33
John Hale,11,15,73.33
Karen Mitchell,11,15,73.33
Rachel Harris,22,30,73.33
Melissa Coleman,11,15,73.33
Bonnie Smith,11,15,73.33
Amanda Edwards,11,15,73.33
Laura Bailey,11,15,73.33
Heather Ramirez,11,15,73.33
Sydney Smith,11,15,73.33
Matthew Stewart,22,30,73.33
Bryan Harris,11,15,73.33
Jodi Smith,11,15,73.33
Donald Allen,11,15,73.33
Anthony Jordan,11,15,73.33
Andrew Stone,11,15,73.33
Linda Martin,11,15,73.33
John Harvey,11,15,73.33
Matthew Simpson,11,15,73.33
Andrew Rogers,11,15,73.33
April Martinez,11,15,73.33
Jessica Rice,11,15,73.33
Vanessa Davis,11,15,73.33
Christopher Lawson,11,15,73.33
Daniel Rogers,22,30,73.33
Gregory Edwards,11,15,73.33
Aaron Lewis,11,15,73.33
Laura Stewart,11,15,73.33
Kimberly Ray,11,15,73.33
Erika Miller,11,15,73.33
Thomas Hill,22,30,73.33
Robert Guzman,11,15,73.33
Christina Hill,11,15,73.33
David Harvey,11,15,73.33
Michael Pugh,11,15,73.33
Karen Meyer,11,15,73.33
David Mckinney,11,15,73.33
Maria Jones,22,30,73.33
Robert Kelley,11,15,73.33
Heather Walker,11,15,73.33
Robert Tran,11,15,73.33
Joshua Freeman,11,15,73.33
Matthew Sullivan,11,15,73.33
Michael Christensen,11,15,73.33
Rachel Flores,11,15,73.33
John Vargas,11,15,73.33
Colleen Smith,11,15,73.33
Joshua Reynolds,11,15,73.33
Alex Williams,11,15,73.33
Katherine Gonzalez,11,15,73.33
Timothy Lewis,11,15,73.33
Jennifer Reyes,22,30,73.33
Anne Brown,11,15,73.33
Anna Lopez,11,15,73.33
Elizabeth Fisher,11,15,73.33
Amber Allen,11,15,73.33
Holly Martinez,11,15,73.33
Kimberly Bell,11,15,73.33
James George,11,15,73.33
Christine Lopez,11,15,73.33
Christine Anderson,22,30,73.33
Shawn Jones,22,30,73.33
Elizabeth Ortiz,11,15,73.33
Joshua Wood,11,15,73.33
Richard Alvarez,11,15,73.33
Rachel Campbell,11,15,73.33
Laura King,11,15,73.33
Phillip Garcia,11,15,73.33
Jorge Smith,11,15,73.33
Jennifer Howard,22,30,73.33
Erin King,11,15,73.33
Kimberly Freeman,11,15,73.33
Edward Allen,11,15,73.33
Kayla Martin,11,15,73.33
Erin Jackson,11,15,73.33
Donald Harris,11,15,73.33
Casey Smith,22,30,73.33
Vincent Garcia,11,15,73.33
Laura Turner,11,15,73.33
Angela Turner,11,15,73.33
Zachary Allen,11,15,73.33
Michelle Sullivan,11,15,73.33
Jessica Fox,11,15,73.33
Donna Stewart,11,15,73.33
Steven Johnson,77,105,73.33
Ashley Ruiz,11,15,73.33
Michael Robertson,22,30,73.33
Eric Evans,11,15,73.33
Allison Rodriguez,11,15,73.33
James Mendez,11,15,73.33
Ronald Hernandez,11,15,73.33
Michael Gordon,22,30,73.33
Krista Smith,11,15,73.33
Ryan Reyes,11,15,73.33
Patricia Baker,11,15,73.33
Christine Clark,11,15,73.33
Melissa Olson,11,15,73.33
Sarah Marshall,11,15,73.33
Michael Webster,11,15,73.33
Kyle Flores,11,15,73.33
Victoria Lopez,11,15,73.33
James Simon,11,15,73.33
Michael Kirby,11,15,73.33
Richard Foster,11,15,73.33
Sarah Bell,11,15,73.33
Jonathan Bennett,11,15,73.33
Scott Gomez,11,15,73.33
Michael Mosley,11,15,73.33
Jennifer Wood,22,30,73.33
Mary Wood,11,15,73.33
Julie Murphy,11,15,73.33
Joshua Price,11,15,73.33
Katherine Hall,11,15,73.33
Heather Roberts,11,15,73.33
Michael Gibson,22,30,73.33
Joshua Harrison,11,15,73.33
Christopher Hill,33,45,73.33
Victoria Brown,22,30,73.33
Melissa Morales,11,15,73.33
Kevin Ford,11,15,73.33
James Warner,11,15,73.33
Christopher Nguyen,33,45,73.33
Richard Freeman,11,15,73.33
Susan Brown,41,56,73.21
Timothy Williams,60,82,73.17
Elizabeth Gonzalez,30,41,73.17
Amanda Thompson,30,41,73.17
Robert Watson,30,41,73.17
Courtney Johnson,30,41,73.17
Michael Watson,30,41,73.17
Michael Ellis,30,41,73.17
Chad Jones,19,26,73.08
Elizabeth Anderson,38,52,73.08
Richard Richardson,19,26,73.08
Maria Martinez,19,26,73.08
Jacob Gonzalez,19,26,73.08
James Marshall,19,26,73.08
Stephen Anderson,19,26,73.08
Jennifer Kelley,19,26,73.08
Lauren Jackson,19,26,73.08
Kimberly Hill,19,26,73.08
Kevin Scott,19,26,73.08
Rachel Lopez,19,26,73.08
Anna Smith,38,52,73.08
Jessica Cooper,19,26,73.08
Michael Hawkins,19,26,73.08
Paul Jackson,19,26,73.08
Joshua Anderson,38,52,73.08
Donald Williams,19,26,73.08
Michael Garrett,19,26,73.08
Anthony Perez,19,26,73.08
Paul Hall,19,26,73.08
Melissa Harris,38,52,73.08
William Reyes,19,26,73.08
Christian Johnson,19,26,73.08
Jacob Jackson,19,26,73.08
Daniel Nelson,19,26,73.08
Amy Williams,65,89,73.03
Edward Miller,27,37,72.97
Elizabeth Miller,54,74,72.97
Tyler Williams,27,37,72.97
David Hughes,27,37,72.97
David Murphy,27,37,72.97
Michael Simmons,27,37,72.97
John Nguyen,27,37,72.97
Catherine Brown,27,37,72.97
Scott Taylor,27,37,72.97
Ryan Harris,27,37,72.97
Richard Jackson,27,37,72.97
Christopher Rodriguez,70,96,72.92
Craig Smith,35,48,72.92
Elizabeth Thompson,35,48,72.92
Stephanie Davis,51,70,72.86
Julie Johnson,51,70,72.86
Brett Rodriguez,8,11,72.73
Adam Brown,32,44,72.73
Brittany Diaz,8,11,72.73
James Rios,8,11,72.73
Andrew Ryan,8,11,72.73
Elizabeth Alexander,8,11,72.73
James Dunn,16,22,72.73
Kevin Reed,8,11,72.73
Susan Chavez,8,11,72.73
Christina Hunter,8,11,72.73
Richard Washington,8,11,72.73
Theresa Allen,8,11,72.73
Justin Black,8,11,72.73
Maria Gray,8,11,72.73
Thomas Kennedy,8,11,72.73
Heather Perry,8,11,72.73
Hannah Harris,8,11,72.73
Joshua Morgan,8,11,72.73
Luis Jones,8,11,72.73
Brittany Taylor,16,22,72.73
Robert Armstrong,8,11,72.73
Amy Peterson,8,11,72.73
Michele Peterson,8,11,72.73
Natalie Clark,8,11,72.73
Brandon Sanchez,16,22,72.73
Timothy Romero,8,11,72.73
Wendy Williams,24,33,72.73
Evan Jones,8,11,72.73
Jennifer Swanson,8,11,72.73
Eric Ross,8,11,72.73
Patricia Reyes,8,11,72.73
Lisa Tucker,8,11,72.73
Kristen Sanchez,8,11,72.73
Bethany Davis,8,11,72.73
Zachary Moore,8,11,72.73
Melissa Walton,8,11,72.73
Richard Simpson,8,11,72.73
Gina Johnson,16,22,72.73
Elizabeth Cox,16,22,72.73
Edward Robinson,8,11,72.73
Amber Anderson,16,22,72.73
Michael Leach,8,11,72.73
Patricia Patterson,8,11,72.73
Ana Smith,8,11,72.73
Ryan Murphy,8,11,72.73
Taylor Walker,8,11,72.73
Elizabeth Ferguson,8,11,72.73
Anthony Tran,8,11,72.73
Taylor Thomas,8,11,72.73
Mark Fernandez,8,11,72.73
Melissa Lloyd,8,11,72.73
Anthony Douglas,8,11,72.73
William Bass,8,11,72.73
Vanessa Lopez,8,11,72.73
Maria Ortiz,8,11,72.73
Sarah Reynolds,8,11,72.73
Mark Price,8,11,72.73
Donna Young,8,11,72.73
James Riley,16,22,72.73
Charles Fisher,8,11,72.73
Dawn Woods,8,11,72.73
Todd Sanchez,8,11,72.73
Charles Richardson,8,11,72.73
Antonio Moore,8,11,72.73
Kelly Dixon,8,11,72.73
Sharon Nelson,8,11,72.73
Jamie Peterson,8,11,72.73
Randall Johnson,8,11,72.73
James Watts,8,11,72.73
Eric Simpson,8,11,72.73
Amy Powell,8,11,72.73
Troy Lopez,8,11,72.73
Richard Mills,8,11,72.73
Bradley Lewis,8,11,72.73
Justin Martinez,24,33,72.73
Amanda Hoffman,8,11,72.73
Cheryl Campbell,8,11,72.73
William Bruce,8,11,72.73
Richard Owens,8,11,72.73
David Waters,8,11,72.73
Jeffrey White,24,33,72.73
Patricia Lynch,8,11,72.73
Rachel Fisher,8,11,72.73
Cynthia Murphy,8,11,72.73
Eric Long,8,11,72.73
Charles Jordan,8,11,72.73
Bryan Torres,8,11,72.73
Justin Reed,8,11,72.73
William Neal,8,11,72.73
Brittany Ortiz,8,11,72.73
Steven Foster,8,11,72.73
Nicholas Gonzalez,16,22,72.73
Daniel Ruiz,8,11,72.73
Terry Hernandez,8,11,72.73
David Hogan,8,11,72.73
Amy Harvey,8,11,72.73
Michael Love,8,11,72.73
Connie Miller,8,11,72.73
Andrew Hill,16,22,72.73
Laura Howard,8,11,72.73
Morgan Williams,16,22,72.73
Jason Green,16,22,72.73
Kayla Jackson,8,11,72.73
John Barton,8,11,72.73
Michael Terry,16,22,72.73
Amber Hall,8,11,72.73
Julia White,8,11,72.73
Susan Bailey,8,11,72.73
Stephanie Phillips,16,22,72.73
Courtney Ramirez,8,11,72.73
Miranda Jones,8,11,72.73
Joanne Smith,8,11,72.73
David Huynh,8,11,72.73
Ryan Diaz,8,11,72.73
Ryan Burns,8,11,72.73
Nicholas Thompson,24,33,72.73
Rebecca Porter,8,11,72.73
Angela Howell,8,11,72.73
Derek Wilson,8,11,72.73
Valerie Lewis,8,11,72.73
Karen Howell,8,11,72.73
Paul Foster,8,11,72.73
Jason Hart,8,11,72.73
Kevin Romero,8,11,72.73
Mark Dominguez,8,11,72.73
Jessica Page,8,11,72.73
Kristina Rodriguez,8,11,72.73
Timothy Washington,8,11,72.73
Amanda Bryant,8,11,72.73
Rebecca Ross,8,11,72.73
Justin Holmes,8,11,72.73
Andrew Sanders,8,11,72.73
Gregory Walker,8,11,72.73
Melanie Gonzalez,8,11,72.73
Jesse Phillips,8,11,72.73
Charles Hunter,8,11,72.73
Jennifer Patel,16,22,72.73
Barbara Green,8,11,72.73
Andrea Roberts,8,11,72.73
Jennifer Guzman,8,11,72.73
Ryan Patterson,8,11,72.73
Barbara Lopez,8,11,72.73
Richard Morrison,8,11,72.73
Jessica Marquez,8,11,72.73
Kimberly Burton,8,11,72.73
Matthew Knight,8,11,72.73
Benjamin Ford,8,11,72.73
Brian Henderson,16,22,72.73
Kevin Stone,8,11,72.73
Kimberly Carlson,8,11,72.73
Kenneth Owens,8,11,72.73
Abigail Brown,8,11,72.73
Kevin Schmidt,8,11,72.73
Patricia Hoffman,8,11,72.73
Robert Wheeler,16,22,72.73
Sarah Gardner,8,11,72.73
Victoria Roberts,8,11,72.73
Heather Simmons,8,11,72.73
Angela Soto,8,11,72.73
Mary Carter,16,22,72.73
Dawn Jackson,8,11,72.73
George Perez,8,11,72.73
Donna Allen,8,11,72.73
Jamie Carpenter,8,11,72.73
Mary Stanley,8,11,72.73
Tina Scott,8,11,72.73
Becky Smith,8,11,72.73
Jacob Edwards,16,22,72.73
Kelly Barnes,8,11,72.73
Karen Brooks,8,11,72.73
Jason Weaver,8,11,72.73
Vincent Wilson,8,11,72.73
Dale Smith,8,11,72.73
Emily Mills,8,11,72.73
Stacy Garcia,8,11,72.73
Tammy Evans,8,11,72.73
Danielle Morris,8,11,72.73
Nicole Castillo,8,11,72.73
Lisa Wallace,8,11,72.73
Kathryn Lopez,8,11,72.73
James Wheeler,8,11,72.73
Julie Crawford,8,11,72.73
Carolyn Harris,8,11,72.73
Pamela Chavez,8,11,72.73
David Bailey,32,44,72.73
Stephanie Vasquez,8,11,72.73
Gabriel White,8,11,72.73
Brooke Lopez,8,11,72.73
Tracy Young,8,11,72.73
Sarah Sullivan,8,11,72.73
Robert Day,8,11,72.73
Michael Salinas,8,11,72.73
William Hawkins,8,11,72.73
Kathryn Clark,8,11,72.73
Brittney Smith,16,22,72.73
Robert Bell,16,22,72.73
Catherine Flores,8,11,72.73
Michael Gilmore,8,11,72.73
Kevin Reyes,8,11,72.73
Eric Hunt,8,11,72.73
Travis Gonzalez,8,11,72.73
Corey Smith,16,22,72.73
Ryan Elliott,8,11,72.73
Laura Patterson,8,11,72.73
Ashley Armstrong,8,11,72.73
Erin Wilson,8,11,72.73
David Andrade,8,11,72.73
Jeremy Evans,8,11,72.73
John Vance,8,11,72.73
Michael Hoffman,16,22,72.73
Jacob White,16,22,72.73
Deborah Carter,8,11,72.73
Michael Bond,8,11,72.73
Angel Davis,8,11,72.73
Heather Cunningham,8,11,72.73
Beth Martinez,8,11,72.73
Allison Lewis,8,11,72.73
William Campbell,24,33,72.73
Michelle Dunn,8,11,72.73
Heather Bailey,8,11,72.73
Brandon Reyes,8,11,72.73
Julie Brown,32,44,72.73
Kevin White,16,22,72.73
Brian Weaver,8,11,72.73
Michelle Porter,8,11,72.73
Alexandra Young,8,11,72.73
Jacob Collins,8,11,72.73
Gregory Cruz,8,11,72.73
William Hancock,8,11,72.73
Melissa Peterson,8,11,72.73
Dana Walker,8,11,72.73
Kathryn Roberts,8,11,72.73
Sharon White,8,11,72.73
Amy Thompson,24,33,72.73
Ryan Wright,16,22,72.73
David Wright,48,66,72.73
Joseph Brooks,24,33,72.73
Scott Castro,8,11,72.73
Heather Gordon,8,11,72.73
Nicole Flores,8,11,72.73
Andrea Jackson,16,22,72.73
Steven Marshall,8,11,72.73
Megan Morris,8,11,72.73
David Morrow,8,11,72.73
Stephanie Schmidt,8,11,72.73
Jacqueline White,8,11,72.73
Timothy Patterson,8,11,72.73
Joshua Cunningham,8,11,72.73
Jessica Lawson,8,11,72.73
Laura Ruiz,8,11,72.73
David Williamson,16,22,72.73
Scott Brooks,8,11,72.73
Michael Santos,16,22,72.73
Craig Johnson,24,33,72.73
Rachel Morgan,8,11,72.73
Melissa Garcia,40,55,72.73
Kathy Brown,8,11,72.73
Jennifer Contreras,8,11,72.73
Stephen Turner,8,11,72.73
Jamie Myers,8,11,72.73
William Decker,8,11,72.73
Stephanie James,8,11,72.73
Haley Johnson,8,11,72.73
John Bradshaw,8,11,72.73
Steven Clark,16,22,72.73
Scott Simpson,8,11,72.73
Christopher Simon,8,11,72.73
Ryan Carroll,8,11,72.73
Andrew Black,8,11,72.73
Joshua Hernandez,32,44,72.73
Kathleen Thompson,8,11,72.73
Kayla Thomas,8,11,72.73
Amanda Henry,8,11,72.73
Rebecca Adams,16,22,72.73
Lauren Evans,8,11,72.73
Stephanie Kennedy,8,11,72.73
Jessica Payne,8,11,72.73
Stephanie Rose,8,11,72.73
Amber Carter,8,11,72.73
Kimberly Rice,8,11,72.73
Jennifer Mason,8,11,72.73
Brian Mclaughlin,8,11,72.73
David Maxwell,8,11,72.73
John Chambers,8,11,72.73
Thomas Daniel,8,11,72.73
Brian Mccoy,8,11,72.73
Eric Foster,8,11,72.73
Marcus Davis,8,11,72.73
Jamie Scott,8,11,72.73
Emily Fernandez,8,11,72.73
Andrew Hayes,8,11,72.73
Matthew Jacobs,8,11,72.73
David Ruiz,16,22,72.73
Steve Smith,8,11,72.73
Margaret Anderson,8,11,72.73
Margaret Davis,16,22,72.73
Jeremy Rivera,8,11,72.73
Angela Diaz,8,11,72.73
David Padilla,8,11,72.73
Hannah Gonzalez,8,11,72.73
Thomas Chavez,8,11,72.73
Joseph Black,8,11,72.73
William Burns,8,11,72.73
Mark Ward,16,22,72.73
Andrew Warren,8,11,72.73
Heather Greene,8,11,72.73
Ryan Allen,16,22,72.73
Brittany Alvarez,8,11,72.73
Joshua Terry,8,11,72.73
Gary Lewis,8,11,72.73
James Chapman,8,11,72.73
Rebecca Ortiz,8,11,72.73
Rachel Perry,8,11,72.73
Timothy Gibson,8,11,72.73
Joseph Payne,8,11,72.73
Julie Hill,8,11,72.73
Timothy Castillo,8,11,72.73
Christopher Pope,8,11,72.73
Susan Robinson,16,22,72.73
Stephanie Kelly,8,11,72.73
Mark Alvarado,8,11,72.73
Natalie Moore,8,11,72.73
Kayla Jones,24,33,72.73
Justin Lopez,16,22,72.73
Angela Cooper,16,22,72.73
Jason Meyer,8,11,72.73
David Quinn,8,11,72.73
Christine Reed,8,11,72.73
Patricia Phillips,8,11,72.73
Amy Gonzalez,24,33,72.73
Justin Bennett,8,11,72.73
Christopher Luna,8,11,72.73
Matthew Elliott,8,11,72.73
Chad Harris,8,11,72.73
William Mills,8,11,72.73
Julie Moore,16,22,72.73
Matthew Snyder,8,11,72.73
Margaret Parker,8,11,72.73
Andrew Adams,16,22,72.73
Laura Herrera,8,11,72.73
Jordan Green,8,11,72.73
Terri Williams,8,11,72.73
Jeffrey Griffin,8,11,72.73
Lisa Phillips,16,22,72.73
John Rivas,8,11,72.73
Heather Flores,8,11,72.73
Brandon Hall,16,22,72.73
John Ingram,8,11,72.73
Amanda Stephens,8,11,72.73
Ashley Robinson,24,33,72.73
Elizabeth Webb,8,11,72.73
John Joseph,8,11,72.73
Anthony Butler,8,11,72.73
Daniel Carpenter,8,11,72.73
Erica Smith,32,44,72.73
Timothy Owens,8,11,72.73
Angela Romero,8,11,72.73
John Delgado,8,11,72.73
Shannon Murphy,8,11,72.73
Heather Myers,8,11,72.73
Robert Salazar,8,11,72.73
Nicole Kennedy,8,11,72.73
David Mejia,8,11,72.73
Carrie Thompson,8,11,72.73
Tammy Young,8,11,72.73
Tracy Torres,8,11,72.73
Jonathan Gutierrez,8,11,72.73
Sarah Kennedy,8,11,72.73
Joshua Black,8,11,72.73
Casey Moore,8,11,72.73
Christopher Reid,8,11,72.73
Eric Flores,8,11,72.73
Christopher Neal,8,11,72.73
Victoria Turner,8,11,72.73
Garrett Johnson,8,11,72.73
Debra Moore,8,11,72.73
Jacob Ward,8,11,72.73
Erin Carter,8,11,72.73
Amy Adams,16,22,72.73
Lauren Cox,8,11,72.73
Holly Garcia,8,11,72.73
Joshua Kelly,16,22,72.73
David Schroeder,8,11,72.73
Mary Fisher,8,11,72.73
Laura Carter,8,11,72.73
Tyler Diaz,8,11,72.73
Paul Henry,8,11,72.73
Kayla Walker,8,11,72.73
Nicholas Torres,8,11,72.73
Michael Welch,8,11,72.73
Thomas Diaz,16,22,72.73
Michelle Barker,8,11,72.73
Daniel Dawson,8,11,72.73
Aaron Myers,8,11,72.73
Steven Scott,16,22,72.73
Vanessa King,8,11,72.73
Tracy Hernandez,8,11,72.73
Steven Wallace,8,11,72.73
Anna Hall,8,11,72.73
Angela Richards,8,11,72.73
Jacqueline Young,8,11,72.73
Melissa Meyer,8,11,72.73
James Norris,8,11,72.73
Ryan Fernandez,8,11,72.73
Kelly Ramirez,16,22,72.73
Amanda Ferguson,8,11,72.73
Joseph Vasquez,8,11,72.73
James Wise,8,11,72.73
Douglas Nguyen,8,11,72.73
Chelsea Robinson,8,11,72.73
Eddie Brown,8,11,72.73
James Stokes,8,11,72.73
Nicholas Nguyen,8,11,72.73
James Burgess,8,11,72.73
Joe Brown,8,11,72.73
Melissa Fox,8,11,72.73
Kenneth Bell,8,11,72.73
Alyssa Williams,16,22,72.73
Paul Bailey,8,11,72.73
Jennifer Shannon,8,11,72.73
Jeremy Morris,8,11,72.73
Julie Thomas,16,22,72.73
Courtney Wright,8,11,72.73
Jason Davidson,8,11,72.73
Lisa Knight,8,11,72.73
Matthew Carlson,8,11,72.73
Renee Taylor,8,11,72.73
Alyssa Moore,8,11,72.73
Christopher Holland,8,11,72.73
Willie Johnson,8,11,72.73
Jennifer West,16,22,72.73
Bruce Martinez,8,11,72.73
Melissa Stephens,8,11,72.73
Lisa Baker,24,33,72.73
Jason Pollard,8,11,72.73
Jason Boyd,8,11,72.73
Kyle Peterson,8,11,72.73
William Thompson,48,66,72.73
Jeremiah Williams,8,11,72.73
Mary Obrien,8,11,72.73
Tammy Griffin,8,11,72.73
Debbie Garcia,8,11,72.73
Anthony Mendez,8,11,72.73
Michelle Contreras,8,11,72.73
Jennifer Bradford,8,11,72.73
Michelle Ramirez,24,33,72.73
Michelle Joseph,8,11,72.73
Richard Moore,32,44,72.73
Steven Watts,8,11,72.73
Steven Nichols,8,11,72.73
Justin Baker,8,11,72.73
Michael Le,16,22,72.73
Amy Perkins,8,11,72.73
Dawn Barnes,8,11,72.73
Rebecca Gomez,8,11,72.73
Lucas Johnson,8,11,72.73
Gregory Fisher,8,11,72.73
Kevin Lane,8,11,72.73
Rebecca Gibson,8,11,72.73
Tara Thomas,8,11,72.73
Peter Young,8,11,72.73
Lauren Thompson,16,22,72.73
Zachary Bennett,8,11,72.73
Brian Kelly,16,22,72.73
Justin Perez,16,22,72.73
Michael Gates,8,11,72.73
Allison Harris,8,11,72.73
Jessica Rose,8,11,72.73
Joseph Meyer,8,11,72.73
John Gomez,16,22,72.73
Robert Winters,8,11,72.73
Alexander Allen,8,11,72.73
Erin Walker,8,11,72.73
Michael Stout,8,11,72.73
Todd Lopez,8,11,72.73
Mary Medina,8,11,72.73
Timothy Hardy,8,11,72.73
Daniel Bennett,16,22,72.73
Kelly Lee,16,22,72.73
John Huynh,8,11,72.73
Jennifer Estrada,8,11,72.73
Stacy Brown,16,22,72.73
Jennifer Shields,8,11,72.73
John Ball,8,11,72.73
James Love,8,11,72.73
Robert Henson,8,11,72.73
Craig Martin,8,11,72.73
Scott Jenkins,8,11,72.73
William Hamilton,16,22,72.73
Jonathon Johnson,8,11,72.73
Katie Jackson,8,11,72.73
Kevin Burns,8,11,72.73
Charles Hill,8,11,72.73
John Massey,8,11,72.73
Matthew Reynolds,16,22,72.73
Robert Banks,8,11,72.73
Brian Gardner,8,11,72.73
Dustin Gonzalez,8,11,72.73
Kenneth Perry,8,11,72.73
Michael Weeks,8,11,72.73
Andrea Jenkins,8,11,72.73
John Wilkinson,8,11,72.73
Michael Terrell,8,11,72.73
Joseph Barrett,8,11,72.73
Michael Heath,8,11,72.73
Claudia Johnson,8,11,72.73
Kenneth Clark,16,22,72.73
Jacob Long,8,11,72.73
Justin Gomez,8,11,72.73
Christopher Molina,8,11,72.73
Susan Castillo,8,11,72.73
Kevin Franklin,8,11,72.73
Rachel Evans,8,11,72.73
Robert Townsend,8,11,72.73
Daniel Nichols,8,11,72.73
Joshua Myers,8,11,72.73
Sarah Gray,8,11,72.73
Melissa Andrews,8,11,72.73
Michael Cooper,40,55,72.73
Patrick Rios,8,11,72.73
Adam Cox,8,11,72.73
Jeffrey Mccoy,8,11,72.73
Joseph Dennis,8,11,72.73
Lisa Harper,8,11,72.73
Cynthia Evans,8,11,72.73
Scott Owens,8,11,72.73
Eric Mendoza,8,11,72.73
Kelly Coleman,8,11,72.73
Anthony Fuller,8,11,72.73
Nicole Stewart,8,11,72.73
Stephanie Stone,8,11,72.73
James Gross,8,11,72.73
John Floyd,8,11,72.73
Christine Hernandez,16,22,72.73
Matthew Davis,69,95,72.63
David Harris,53,73,72.6
Samantha Williams,37,51,72.55
William Wilson,37,51,72.55
Kimberly Wilson,37,51,72.55
Michelle Jackson,37,51,72.55
Mary Harris,29,40,72.5
John Diaz,29,40,72.5
Michelle Gonzalez,29,40,72.5
Rebecca Martinez,29,40,72.5
Amanda Walker,29,40,72.5
Lisa Green,21,29,72.41
Kelly Martinez,21,29,72.41
Emily Jackson,21,29,72.41
David Ward,21,29,72.41
Jennifer Ellis,21,29,72.41
Rebecca Roberts,21,29,72.41
Mark Perez,21,29,72.41
Todd Brown,21,29,72.41
Amber Moore,21,29,72.41
Alexander Smith,42,58,72.41
Erin Jones,21,29,72.41
Megan Smith,63,87,72.41
Mary Hill,21,29,72.41
Jennifer Henderson,21,29,72.41
Patricia King,21,29,72.41
Matthew Nguyen,21,29,72.41
Donna Williams,21,29,72.41
Christine White,21,29,72.41
Eric Robinson,21,29,72.41
Timothy Collins,21,29,72.41
Amy Mitchell,21,29,72.41
Nicole Hernandez,21,29,72.41
Kimberly King,21,29,72.41
Scott Hall,21,29,72.41
Jennifer Martin,63,87,72.41
Jonathan Wilson,21,29,72.41
Elizabeth Moore,34,47,72.34
John Scott,34,47,72.34
William Robinson,34,47,72.34
Lori Brown,34,47,72.34
Joseph Scott,34,47,72.34
Anthony Garcia,34,47,72.34
David Scott,34,47,72.34
Kenneth Smith,81,112,72.32
Robert Wilson,73,101,72.28
Anthony Johnson,86,119,72.27
Mark Harris,26,36,72.22
Amy Campbell,13,18,72.22
Ryan King,13,18,72.22
Sandra Moore,13,18,72.22
Jason Russell,13,18,72.22
Gregory White,13,18,72.22
Michael Peters,13,18,72.22
Michael Greene,13,18,72.22
James Hicks,13,18,72.22
Thomas Coleman,13,18,72.22
Nicholas Hill,13,18,72.22
Todd Thompson,13,18,72.22
Kimberly Wallace,13,18,72.22
Matthew Baker,26,36,72.22
David Powell,26,36,72.22
Kara Smith,13,18,72.22
Jamie White,13,18,72.22
Kelly Collins,13,18,72.22
Carla Johnson,13,18,72.22
Amy James,13,18,72.22
Tyler White,13,18,72.22
Joseph Gomez,13,18,72.22
Michael Cunningham,13,18,72.22
Tammy Garcia,13,18,72.22
Christopher Herrera,13,18,72.22
James Santos,13,18,72.22
Brandon Roberts,13,18,72.22
Debra Jones,13,18,72.22
Christina Sanchez,13,18,72.22
Charles Edwards,13,18,72.22
Lisa Lee,39,54,72.22
Andrew Edwards,13,18,72.22
Benjamin Flores,13,18,72.22
Tara Miller,13,18,72.22
Michael Caldwell,13,18,72.22
David Andrews,13,18,72.22
Amber Gonzalez,13,18,72.22
Keith White,13,18,72.22
Melissa Hughes,13,18,72.22
Angela Hamilton,13,18,72.22
Jessica Gibson,13,18,72.22
Mary Price,13,18,72.22
John Maldonado,13,18,72.22
Christopher Fields,13,18,72.22
Erica Young,13,18,72.22
Ashley Reynolds,13,18,72.22
Jessica Powell,13,18,72.22
Alexander Clark,13,18,72.22
Timothy Miller,39,54,72.22
Tracy Williams,26,36,72.22
David Meyer,13,18,72.22
Jesse Williams,13,18,72.22
Ryan Ward,13,18,72.22
Anna Johnson,26,36,72.22
Linda Hall,13,18,72.22
Natalie Davis,13,18,72.22
Rachel Garcia,26,36,72.22
Bobby Johnson,13,18,72.22
Rhonda Jones,13,18,72.22
Jeffrey Gomez,13,18,72.22
Jessica Hunt,13,18,72.22
Danny Williams,13,18,72.22
Joshua Hall,13,18,72.22
Nicholas Robinson,13,18,72.22
Kelly Green,13,18,72.22
Megan Cook,13,18,72.22
Jacqueline Clark,13,18,72.22
David Morrison,13,18,72.22
Kevin Lee,26,36,72.22
Angela Anderson,26,36,72.22
Sharon Johnson,26,36,72.22
Jessica Webb,13,18,72.22
Philip Smith,13,18,72.22
Michael Guzman,13,18,72.22
Jennifer Wallace,13,18,72.22
Rachel Collins,13,18,72.22
James Gomez,26,36,72.22
Brian Aguilar,13,18,72.22
Stephanie Wright,26,36,72.22
Nicole Collins,13,18,72.22
Jeffrey Ramirez,13,18,72.22
Jennifer Spencer,13,18,72.22
Paul Lewis,13,18,72.22
Tammy Robinson,13,18,72.22
Karen Nguyen,13,18,72.22
David Wong,13,18,72.22
Elizabeth Flores,13,18,72.22
Elizabeth Morgan,13,18,72.22
Jennifer Byrd,13,18,72.22
Rhonda Williams,13,18,72.22
Kelly Young,13,18,72.22
Ronald Thomas,13,18,72.22
Joseph Kelly,13,18,72.22
Christina Mitchell,13,18,72.22
Benjamin Wright,13,18,72.22
Matthew Pierce,13,18,72.22
Stephen Lee,13,18,72.22
Kevin Bell,13,18,72.22
Laura Ramirez,13,18,72.22
Sara Taylor,13,18,72.22
Stacy Miller,13,18,72.22
Alyssa Miller,13,18,72.22
Kayla Garcia,13,18,72.22
Daniel Mason,13,18,72.22
Amber Harris,13,18,72.22
Denise Miller,13,18,72.22
Thomas Simmons,13,18,72.22
Richard Williams,70,97,72.16
Laura Johnson,57,79,72.15
Andrew Jones,57,79,72.15
Justin Williams,44,61,72.13
Joseph Moore,44,61,72.13
Thomas Johnson,75,104,72.12
Lisa Lewis,31,43,72.09
Jennifer Torres,31,43,72.09
Maria Miller,31,43,72.09
Robert Adams,31,43,72.09
Christopher Lewis,49,68,72.06
Michael Morris,49,68,72.06
Michael Douglas,18,25,72.0
Samantha Young,18,25,72.0
Timothy Gonzalez,18,25,72.0
Dawn Johnson,36,50,72.0
John Mendoza,18,25,72.0
Philip Johnson,18,25,72.0
Cody Jones,18,25,72.0
Christopher Henry,18,25,72.0
Raymond Brown,18,25,72.0
Sarah Wright,18,25,72.0
Kimberly Scott,18,25,72.0
James Wallace,18,25,72.0
Jennifer Simmons,18,25,72.0
Brittany Brown,36,50,72.0
James Spencer,18,25,72.0
Susan Thompson,18,25,72.0
Joshua Adams,18,25,72.0
Jennifer Riley,18,25,72.0
Casey Johnson,18,25,72.0
Kristen Jones,18,25,72.0
Patricia Jones,36,50,72.0
Andrea Miller,18,25,72.0
Kenneth Taylor,18,25,72.0
Julie Thompson,18,25,72.0
Jonathan Martinez,18,25,72.0
Scott Martinez,18,25,72.0
Stephanie Evans,18,25,72.0
James Powell,18,25,72.0
Steven Allen,18,25,72.0
Lisa Evans,18,25,72.0
Christopher Barnes,18,25,72.0
Anthony Evans,18,25,72.0
Kyle Martinez,18,25,72.0
James Reyes,18,25,72.0
Travis Smith,36,50,72.0
Sandra Johnson,36,50,72.0
Richard Baker,18,25,72.0
Gregory Garcia,18,25,72.0
Christopher Hernandez,54,75,72.0
Angela Green,18,25,72.0
Adam Johnson,41,57,71.93
Charles Martin,23,32,71.88
Sarah Baker,23,32,71.88
Lauren Rodriguez,23,32,71.88
Katie Smith,23,32,71.88
Lisa Carter,23,32,71.88
Kimberly Allen,23,32,71.88
James Kelly,23,32,71.88
Zachary Smith,46,64,71.88
Andrew White,23,32,71.88
Brian Garcia,46,64,71.88
Patricia Martin,23,32,71.88
Christopher Brooks,23,32,71.88
Joshua White,23,32,71.88
Laura Martinez,23,32,71.88
Nicole Harris,23,32,71.88
Robert Bennett,23,32,71.88
Heather Moore,23,32,71.88
Rebecca Brown,51,71,71.83
Sarah Johnson,84,117,71.79
Samuel Williams,28,39,71.79
Cynthia Miller,28,39,71.79
Rachel Miller,28,39,71.79
Andrew Thompson,28,39,71.79
Richard Johnson,89,124,71.77
Megan Johnson,33,46,71.74
Jessica Wright,33,46,71.74
Daniel Gonzalez,33,46,71.74
Rebecca Davis,33,46,71.74
Douglas Smith,38,53,71.7
Steven Rodriguez,38,53,71.7
John Rodriguez,81,113,71.68
Jeffrey Davis,43,60,71.67
Paul Brown,43,60,71.67
Tracy Smith,48,67,71.64
Nicole Brown,48,67,71.64
Richard Gilbert,5,7,71.43
Jeffrey Schmidt,5,7,71.43
Thomas Winters,5,7,71.43
Aaron Scott,5,7,71.43
Sarah Harvey,5,7,71.43
Helen Williams,5,7,71.43
Carl Campbell,5,7,71.43
Laura Richards,5,7,71.43
Michael Barajas,5,7,71.43
Steven Chang,5,7,71.43
Ryan Long,5,7,71.43
Richard Duncan,5,7,71.43
Elizabeth Olsen,5,7,71.43
Amanda Santos,5,7,71.43
Kevin Gordon,5,7,71.43
Zachary Henry,5,7,71.43
Jessica Holland,5,7,71.43
Kathryn Gonzalez,5,7,71.43
Nathan Thomas,10,14,71.43
Christopher Wong,5,7,71.43
Andrew Santiago,5,7,71.43
Pamela Reese,5,7,71.43
Andrew Walls,5,7,71.43
Benjamin Simmons,5,7,71.43
Cindy Rodriguez,10,14,71.43
Michelle Lambert,5,7,71.43
Stacy Anderson,5,7,71.43
Kevin Allen,20,28,71.43
Brian Neal,5,7,71.43
Jennifer Christian,5,7,71.43
Penny Jones,5,7,71.43
Jonathan Castro,5,7,71.43
Victoria Mendoza,5,7,71.43
Sandra Cox,5,7,71.43
Jennifer Ingram,5,7,71.43
Veronica Taylor,5,7,71.43
Joseph Nunez,5,7,71.43
James Pope,5,7,71.43
Daniel Vega,5,7,71.43
Jeremy Cole,5,7,71.43
Brian Landry,5,7,71.43
John Bond,5,7,71.43
Micheal Taylor,5,7,71.43
Amanda Glover,5,7,71.43
David Trujillo,5,7,71.43
Eric Stanley,5,7,71.43
Jason Harmon,5,7,71.43
Christopher Frey,5,7,71.43
Matthew Webb,10,14,71.43
Michael Raymond,5,7,71.43
James Villegas,5,7,71.43
Joshua Douglas,5,7,71.43
Alicia Campbell,5,7,71.43
Alexandra Rodriguez,5,7,71.43
James Atkins,5,7,71.43
Tara Baker,5,7,71.43
Kenneth Wilson,20,28,71.43
Lauren Kim,5,7,71.43
Steven Garrison,5,7,71.43
Matthew Hancock,5,7,71.43
Elizabeth Murphy,10,14,71.43
Laura Sanders,10,14,71.43
Melissa Richards,5,7,71.43
Jill Murphy,5,7,71.43
Amy Gardner,5,7,71.43
Stephanie Hamilton,5,7,71.43
Amanda Arroyo,5,7,71.43
Anthony Greene,5,7,71.43
Robert Cross,5,7,71.43
David Henderson,15,21,71.43
Michael Cowan,5,7,71.43
Dawn Baker,5,7,71.43
Ariel Williams,5,7,71.43
Emily Obrien,5,7,71.43
Susan Cunningham,5,7,71.43
Jack Martin,5,7,71.43
Stephanie Davenport,5,7,71.43
Manuel Robinson,5,7,71.43
Jessica Lam,5,7,71.43
Tara Hill,5,7,71.43
Andrew Kirby,5,7,71.43
Crystal Hernandez,15,21,71.43
Christopher Nolan,5,7,71.43
Paul Marquez,5,7,71.43
Emily Ochoa,5,7,71.43
Christina Stevens,5,7,71.43
David Stephenson,5,7,71.43
Jeremy Ward,5,7,71.43
Kayla Wood,5,7,71.43
Sylvia Anderson,5,7,71.43
Tyler Ray,5,7,71.43
Julie Gonzales,5,7,71.43
Jennifer Hull,5,7,71.43
Lance Lee,5,7,71.43
Wendy Larson,5,7,71.43
Tammy Price,5,7,71.43
Alyssa Nelson,5,7,71.43
Timothy Walters,5,7,71.43
Mark Fitzgerald,5,7,71.43
Stephanie Medina,5,7,71.43
Helen Jones,5,7,71.43
Christopher Cervantes,5,7,71.43
Thomas Calderon,5,7,71.43
Adam Kelly,5,7,71.43
Wendy Scott,5,7,71.43
Adam Perez,10,14,71.43
Joshua Gomez,15,21,71.43
Tonya King,5,7,71.43
Maria Mcdonald,5,7,71.43
Michael Mcintosh,5,7,71.43
Rebecca Woods,5,7,71.43
Jacqueline Cook,10,14,71.43
Sabrina Jones,10,14,71.43
Ryan Harrison,5,7,71.43
Heather Webb,5,7,71.43
Kristin Harris,5,7,71.43
Matthew Flynn,5,7,71.43
Mary Graham,10,14,71.43
Laura Beck,5,7,71.43
John Curry,5,7,71.43
Carlos Howard,5,7,71.43
Cynthia Greene,5,7,71.43
Kyle Wright,10,14,71.43
Anna Jackson,10,14,71.43
Rachel Sandoval,5,7,71.43
Nathan Bailey,5,7,71.43
Bryan Kelly,5,7,71.43
John Pruitt,5,7,71.43
Lisa Franco,5,7,71.43
Leslie Evans,5,7,71.43
Jessica Carson,5,7,71.43
Dana Hernandez,10,14,71.43
Karen Hicks,5,7,71.43
Janet Moore,5,7,71.43
Melanie Allen,5,7,71.43
Laura Fields,5,7,71.43
Joann Brown,5,7,71.43
Taylor Christensen,5,7,71.43
Stephen Lane,5,7,71.43
Kenneth Hoffman,5,7,71.43
Jean Walker,5,7,71.43
Sean Marshall,5,7,71.43
Tyler Ross,5,7,71.43
Mary Mueller,5,7,71.43
Dennis Burns,5,7,71.43
Russell Gonzalez,5,7,71.43
Stephen Myers,5,7,71.43
Matthew Briggs,5,7,71.43
Eric Gonzalez,20,28,71.43
Brandi Martinez,5,7,71.43
Brian Pena,5,7,71.43
David Fritz,5,7,71.43
Thomas Weiss,5,7,71.43
Charles Evans,10,14,71.43
Sara Morrison,5,7,71.43
Kimberly Bradley,5,7,71.43
Matthew Becker,5,7,71.43
Anna Rogers,5,7,71.43
Donald Davis,20,28,71.43
Ryan Weber,5,7,71.43
Kevin Myers,10,14,71.43
Scott Rivera,10,14,71.43
Victoria Mcdonald,5,7,71.43
Tina Bennett,5,7,71.43
Brett Nguyen,5,7,71.43
Kimberly Oliver,5,7,71.43
Amy Palmer,5,7,71.43
Amanda Watkins,5,7,71.43
Larry Cole,5,7,71.43
Christopher Mcfarland,5,7,71.43
Patrick Richardson,5,7,71.43
James Fitzpatrick,5,7,71.43
Amber Lambert,5,7,71.43
Jack Brown,5,7,71.43
Mark Rhodes,5,7,71.43
Andrea Fleming,5,7,71.43
Daniel Gibson,10,14,71.43
Chad Mendoza,5,7,71.43
David Herman,5,7,71.43
Dalton Smith,5,7,71.43
Benjamin Alexander,5,7,71.43
Brittany Marshall,5,7,71.43
Karen Nichols,5,7,71.43
David Byrd,10,14,71.43
Michael Bender,5,7,71.43
Michael Mccoy,10,14,71.43
Noah Williams,5,7,71.43
Victoria Jenkins,5,7,71.43
Bonnie Wilson,5,7,71.43
Richard Griffin,10,14,71.43
James Shaffer,5,7,71.43
Amanda Morris,15,21,71.43
Ashley Carr,5,7,71.43
Karen Foster,5,7,71.43
Benjamin Hansen,5,7,71.43
Michael Hutchinson,5,7,71.43
Justin Watkins,5,7,71.43
Benjamin Kennedy,5,7,71.43
Michael Gross,15,21,71.43
Jeffrey Soto,5,7,71.43
Brandon Arnold,5,7,71.43
James Eaton,5,7,71.43
Leslie Adams,5,7,71.43
Michael Hodges,10,14,71.43
Daniel Norton,5,7,71.43
Daniel Jimenez,10,14,71.43
Patrick Reed,10,14,71.43
Michael Christian,5,7,71.43
Benjamin Thompson,10,14,71.43
Tiffany Stewart,5,7,71.43
Jeffrey Johnston,5,7,71.43
Ryan Peters,5,7,71.43
Jessica Hawkins,5,7,71.43
Nicole Jacobs,5,7,71.43
Nicholas Franklin,5,7,71.43
Travis Murphy,5,7,71.43
Mitchell Murphy,5,7,71.43
Justin Larson,5,7,71.43
Dawn Roberts,5,7,71.43
Tyler Stewart,10,14,71.43
Christopher Meyers,5,7,71.43
Mary Brooks,10,14,71.43
Brian Mueller,5,7,71.43
Taylor Russell,5,7,71.43
Keith Martinez,15,21,71.43
Brian Manning,5,7,71.43
Jason Meyers,5,7,71.43
Cheryl Caldwell,5,7,71.43
William Gibson,10,14,71.43
Joshua Bates,5,7,71.43
Kelly Kennedy,10,14,71.43
Daniel Norris,5,7,71.43
Steven Casey,5,7,71.43
Cathy Miller,5,7,71.43
Thomas Jensen,5,7,71.43
Matthew Larson,10,14,71.43
Lisa Medina,5,7,71.43
Andrew Duran,5,7,71.43
Paul Nelson,15,21,71.43
Timothy Higgins,5,7,71.43
Christopher Orozco,5,7,71.43
Lauren Richardson,5,7,71.43
David Choi,5,7,71.43
Megan Warren,5,7,71.43
Stephanie Wood,10,14,71.43
Melissa Manning,5,7,71.43
Benjamin Barnes,5,7,71.43
Rebecca Castro,5,7,71.43
Mark Simpson,5,7,71.43
Steven Stout,5,7,71.43
Scott Stevenson,5,7,71.43
Robert Huynh,5,7,71.43
Christopher Singleton,5,7,71.43
Ashley Delacruz,5,7,71.43
James Buckley,5,7,71.43
Melissa Mcneil,5,7,71.43
Mary Fowler,5,7,71.43
Patricia Aguilar,5,7,71.43
Robert Norton,5,7,71.43
Megan Banks,5,7,71.43
Kristin Nelson,5,7,71.43
Jamie Flores,5,7,71.43
Christina Sanders,5,7,71.43
Joseph Conner,5,7,71.43
Jesse Gonzalez,5,7,71.43
Ann Edwards,5,7,71.43
Brittany Parker,5,7,71.43
David Beard,5,7,71.43
Joshua Diaz,15,21,71.43
Ronald Tucker,5,7,71.43
Amanda Carpenter,5,7,71.43
Robert Salinas,5,7,71.43
Adam Schneider,5,7,71.43
Janice Rodriguez,5,7,71.43
Jamie Rivera,5,7,71.43
Steven Floyd,5,7,71.43
John Caldwell,10,14,71.43
Sean Mitchell,5,7,71.43
Laura Parks,5,7,71.43
Tina Campbell,5,7,71.43
Krystal Miller,5,7,71.43
Debra Bailey,5,7,71.43
Kimberly Howard,10,14,71.43
David Spears,5,7,71.43
Kathy Jackson,5,7,71.43
Anne Garcia,5,7,71.43
Barbara Anderson,10,14,71.43
Abigail Walker,5,7,71.43
Tracy Ward,5,7,71.43
Rachel Cervantes,5,7,71.43
Stephanie Carlson,5,7,71.43
Susan Hernandez,20,28,71.43
Sandra Peterson,5,7,71.43
Michelle Garza,10,14,71.43
Kimberly Wang,5,7,71.43
David Mercado,5,7,71.43
Christopher Murray,15,21,71.43
Kyle Horton,5,7,71.43
Kyle Jones,35,49,71.43
Ronald Austin,5,7,71.43
Carl Gonzalez,5,7,71.43
Melissa Rodgers,5,7,71.43
John Brewer,5,7,71.43
Richard Doyle,5,7,71.43
Tina Diaz,5,7,71.43
Michelle King,20,28,71.43
David Blair,5,7,71.43
Christine Wood,5,7,71.43
Jessica Webster,5,7,71.43
Mark Jenkins,10,14,71.43
Donna Rose,5,7,71.43
Johnny Robinson,5,7,71.43
Richard Townsend,5,7,71.43
Adam Green,5,7,71.43
Noah Miller,5,7,71.43
Jesse Doyle,5,7,71.43
Brittney Campbell,5,7,71.43
Michelle Obrien,5,7,71.43
George Stone,5,7,71.43
James Mccall,5,7,71.43
Brianna Jackson,10,14,71.43
Erica Ruiz,5,7,71.43
Daniel Singh,5,7,71.43
Carrie Lewis,5,7,71.43
Thomas Bryant,5,7,71.43
Andrea Patterson,5,7,71.43
Rebecca Morrow,5,7,71.43
Douglas Butler,5,7,71.43
Ryan Riley,5,7,71.43
Alan Lee,5,7,71.43
Aaron Mcdonald,5,7,71.43
Patricia Reed,5,7,71.43
Julie Jordan,5,7,71.43
Susan Stephens,5,7,71.43
Theresa Carter,5,7,71.43
Joseph Compton,5,7,71.43
Andrew Mcdonald,5,7,71.43
Megan Owens,5,7,71.43
Robert Romero,10,14,71.43
William Sanford,5,7,71.43
Brittany Harper,5,7,71.43
Daniel Santiago,5,7,71.43
Travis Stephens,5,7,71.43
Charles Mills,5,7,71.43
Eric Reed,10,14,71.43
Laura Weaver,5,7,71.43
Amanda Simon,5,7,71.43
Paul Bell,10,14,71.43
Matthew Walters,5,7,71.43
Cory Williams,5,7,71.43
Amanda Riley,5,7,71.43
Melissa Gray,10,14,71.43
Ralph Williams,5,7,71.43
Virginia Taylor,5,7,71.43
Zachary Reed,5,7,71.43
Tiffany Turner,5,7,71.43
James Wolfe,10,14,71.43
Richard Andrade,5,7,71.43
William Berg,5,7,71.43
Rachael Miller,5,7,71.43
Stephen Pierce,5,7,71.43
Jennifer Pham,5,7,71.43
Charles White,20,28,71.43
Andrea Douglas,5,7,71.43
Paula Harris,5,7,71.43
Hunter Jones,5,7,71.43
Zachary Collins,10,14,71.43
Scott Conner,5,7,71.43
William Walters,5,7,71.43
Erin Ramirez,5,7,71.43
Lori Simmons,5,7,71.43
Gary Gonzalez,5,7,71.43
Brian Warren,10,14,71.43
Andrew Berry,5,7,71.43
Andrew Booker,5,7,71.43
Joseph Burke,10,14,71.43
Kimberly Hansen,5,7,71.43
Chad Taylor,5,7,71.43
Cassandra Hughes,5,7,71.43
Thomas Porter,10,14,71.43
Jason Harvey,5,7,71.43
Stephanie Crawford,5,7,71.43
Joseph Osborne,5,7,71.43
Zachary Rios,5,7,71.43
Jonathan Matthews,5,7,71.43
Sara Diaz,5,7,71.43
Jennifer Le,5,7,71.43
Robert Gardner,10,14,71.43
Joshua Santiago,5,7,71.43
Brian Carson,5,7,71.43
Steve Anderson,5,7,71.43
Casey White,5,7,71.43
Rebecca Lawrence,5,7,71.43
Nathan Alvarez,5,7,71.43
Allison Lee,5,7,71.43
Joshua Hughes,10,14,71.43
Jennifer Atkins,5,7,71.43
Stacy Gonzalez,5,7,71.43
Jonathan Willis,5,7,71.43
Rebecca Meyer,5,7,71.43
Mary Fletcher,5,7,71.43
Scott Edwards,10,14,71.43
Sheila White,5,7,71.43
Paul Drake,5,7,71.43
Austin Mcdaniel,5,7,71.43
James Woodard,5,7,71.43
Dennis Davis,5,7,71.43
Cheryl King,5,7,71.43
Andrea Ortiz,5,7,71.43
Donna Keller,5,7,71.43
Elizabeth Juarez,5,7,71.43
Amy Ward,15,21,71.43
Nathan Fisher,5,7,71.43
Donald Stephens,5,7,71.43
Leah Young,5,7,71.43
Charles Greene,5,7,71.43
Noah Moore,5,7,71.43
Sharon Anderson,10,14,71.43
Kenneth Scott,10,14,71.43
Jason Rodriguez,40,56,71.43
James Ray,10,14,71.43
Sarah Shelton,5,7,71.43
Anthony Hansen,5,7,71.43
Lisa Jimenez,5,7,71.43
Shelby Miller,5,7,71.43
Manuel Miller,5,7,71.43
Zachary White,10,14,71.43
Tiffany Wilson,20,28,71.43
Sandra Cole,5,7,71.43
Jennifer Pruitt,5,7,71.43
Megan Martinez,20,28,71.43
Jason Mathews,5,7,71.43
Angela Barrett,5,7,71.43
Linda Nichols,5,7,71.43
Christine Lawson,5,7,71.43
Anthony Holloway,5,7,71.43
Cynthia Aguilar,5,7,71.43
Tyler Gutierrez,5,7,71.43
Patrick Graham,5,7,71.43
Christina Payne,5,7,71.43
Brian Erickson,5,7,71.43
Lisa Kerr,5,7,71.43
Erin Thompson,15,21,71.43
Nicole Yoder,5,7,71.43
Amber Payne,5,7,71.43
Stephen Spencer,5,7,71.43
Susan Bryant,5,7,71.43
Erin Moore,10,14,71.43
Jessica Kelley,10,14,71.43
Jill Nguyen,5,7,71.43
Peter Freeman,5,7,71.43
Taylor Edwards,5,7,71.43
Heather Murphy,10,14,71.43
Ashley Valdez,5,7,71.43
Jennifer Kelly,25,35,71.43
Deborah Vasquez,5,7,71.43
Jeffery Wright,5,7,71.43
Erin Perkins,5,7,71.43
Susan Caldwell,5,7,71.43
Jennifer Robbins,10,14,71.43
Adam Berry,5,7,71.43
Jacob Alexander,5,7,71.43
Austin Lee,5,7,71.43
Diana Green,5,7,71.43
Donna Walker,10,14,71.43
Gina Perez,5,7,71.43
Andrew Le,5,7,71.43
Jeffrey Lambert,5,7,71.43
Stephanie Mcdowell,5,7,71.43
Patricia Carroll,5,7,71.43
Kyle Porter,5,7,71.43
Rebecca Morris,10,14,71.43
Justin Wallace,5,7,71.43
Erin Knight,5,7,71.43
Beth Martin,5,7,71.43
Danny Miller,5,7,71.43
Tracy Morgan,5,7,71.43
Crystal Greene,5,7,71.43
Nicole Chavez,10,14,71.43
Gina Cox,5,7,71.43
Lucas Brown,5,7,71.43
Thomas Hartman,5,7,71.43
Lindsay Jones,5,7,71.43
Patricia Hopkins,5,7,71.43
Donna Lee,10,14,71.43
David Park,5,7,71.43
Michelle Coleman,10,14,71.43
Kathryn Collins,5,7,71.43
Zachary Peterson,5,7,71.43
Pamela Porter,5,7,71.43
Stephanie Ramos,10,14,71.43
Jeffrey Harrison,5,7,71.43
Jessica Hart,5,7,71.43
Patricia Ford,10,14,71.43
William Spencer,10,14,71.43
Lawrence Martinez,5,7,71.43
Joshua Gibson,5,7,71.43
Andrew Watson,10,14,71.43
Cindy Hayes,5,7,71.43
Bailey Jones,5,7,71.43
Kenneth Vega,5,7,71.43
Diana Rogers,5,7,71.43
Jennifer English,5,7,71.43
Robert Mckee,5,7,71.43
Natalie Walker,5,7,71.43
Ronald Campbell,5,7,71.43
David Liu,5,7,71.43
Gregory Matthews,5,7,71.43
Jeffrey Burgess,5,7,71.43
Susan Wright,15,21,71.43
Madison Thomas,5,7,71.43
Todd Kennedy,5,7,71.43
Lisa Flynn,5,7,71.43
Matthew Caldwell,5,7,71.43
Pamela Brooks,5,7,71.43
Melissa Potter,5,7,71.43
Steven Reese,5,7,71.43
Karen Pierce,5,7,71.43
David Knapp,5,7,71.43
Joseph Bolton,5,7,71.43
Thomas Fischer,5,7,71.43
Daniel Medina,5,7,71.43
Kelsey Bailey,5,7,71.43
Samuel Mitchell,5,7,71.43
Cindy Cooper,5,7,71.43
Michael Brewer,10,14,71.43
Kathryn Phillips,5,7,71.43
Joshua Phelps,5,7,71.43
Sharon West,5,7,71.43
Heather Byrd,5,7,71.43
Tracy Lane,5,7,71.43
Stacey James,5,7,71.43
Gregory Ward,10,14,71.43
Michael Sampson,5,7,71.43
Todd Green,5,7,71.43
Jeffrey Garner,5,7,71.43
Jacob Hamilton,5,7,71.43
Mariah Jackson,5,7,71.43
Steven Wells,5,7,71.43
Kelly Morrison,5,7,71.43
Dennis Thomas,5,7,71.43
David Boyer,5,7,71.43
Rebecca Joseph,5,7,71.43
Nicole Hopkins,5,7,71.43
Stephanie Lowe,5,7,71.43
Karen Morales,5,7,71.43
Matthew Weber,10,14,71.43
Rachel Marshall,5,7,71.43
Kelly Meyer,5,7,71.43
Brian Rosario,5,7,71.43
Marcus Thomas,5,7,71.43
Justin Powell,5,7,71.43
Jennifer Rivers,5,7,71.43
Rebecca Glenn,5,7,71.43
Dennis Cole,5,7,71.43
Michael Stuart,5,7,71.43
James Beltran,5,7,71.43
Tony Harris,5,7,71.43
James Hanna,5,7,71.43
Karen Willis,5,7,71.43
Cynthia Morrison,5,7,71.43
Jennifer Bright,5,7,71.43
Tyler Watson,5,7,71.43
Robert Ramsey,5,7,71.43
Brian Robbins,5,7,71.43
April Mitchell,5,7,71.43
Jason Blake,5,7,71.43
Angela Perkins,5,7,71.43
Laura Bryant,5,7,71.43
Thomas Harrington,5,7,71.43
Elizabeth Terry,5,7,71.43
Scott Torres,10,14,71.43
Tammy Stewart,5,7,71.43
Michelle Weaver,5,7,71.43
Mark Newman,5,7,71.43
Lori Ford,5,7,71.43
Timothy Tran,5,7,71.43
David Stafford,5,7,71.43
John Wallace,15,21,71.43
Emily Fisher,5,7,71.43
Todd Hughes,5,7,71.43
Eric Alvarado,5,7,71.43
Karen Hunter,10,14,71.43
Charles Carr,5,7,71.43
Rachel Crawford,5,7,71.43
Brianna Hernandez,5,7,71.43
Hailey Smith,5,7,71.43
Annette Wilson,5,7,71.43
Laura Hansen,5,7,71.43
Timothy Hanson,5,7,71.43
Linda Ramirez,10,14,71.43
Kyle Thompson,5,7,71.43
Sara Ortiz,5,7,71.43
Megan Powell,5,7,71.43
Timothy Holmes,5,7,71.43
Cynthia Hoffman,5,7,71.43
Lori Scott,10,14,71.43
Jonathan Nguyen,10,14,71.43
Shannon Simpson,5,7,71.43
Jasmine Martin,5,7,71.43
Jennifer Watts,5,7,71.43
Joshua Ray,10,14,71.43
Brandon Wells,5,7,71.43
Emily Henry,5,7,71.43
Angela Nguyen,15,21,71.43
Cynthia Hicks,5,7,71.43
Hannah Hunter,5,7,71.43
Lindsey Allen,5,7,71.43
Debbie Lee,5,7,71.43
Frank Wright,5,7,71.43
Erik Thompson,5,7,71.43
Jacob Castillo,5,7,71.43
Christine Gibson,5,7,71.43
Deborah Cook,5,7,71.43
Tracy Jordan,5,7,71.43
Laurie Hill,5,7,71.43
Jose Wallace,5,7,71.43
Jennifer Huber,5,7,71.43
Jacob Peterson,5,7,71.43
Hannah Young,5,7,71.43
Anthony Ortiz,10,14,71.43
George Torres,5,7,71.43
Sean Franklin,5,7,71.43
Joseph Duarte,5,7,71.43
Mary Sawyer,5,7,71.43
Michael Boyer,5,7,71.43
Robert Rosales,5,7,71.43
Deborah Butler,5,7,71.43
Melissa Lynch,5,7,71.43
Heidi Smith,10,14,71.43
Michelle Rowe,5,7,71.43
Melissa Jordan,5,7,71.43
Daniel Nunez,5,7,71.43
Angel Wilson,5,7,71.43
Peter Reyes,5,7,71.43
Brenda Bennett,5,7,71.43
Melissa Mcgee,5,7,71.43
David Hammond,5,7,71.43
Nathan Cooper,5,7,71.43
Travis Henderson,5,7,71.43
David Hudson,5,7,71.43
Matthew Doyle,5,7,71.43
Deanna Hernandez,5,7,71.43
Joseph Shepherd,5,7,71.43
Carol Evans,5,7,71.43
Austin Roberts,5,7,71.43
Kimberly Elliott,10,14,71.43
Amanda Boyd,5,7,71.43
Anne Thompson,5,7,71.43
Vanessa Ruiz,5,7,71.43
Ashley Stevenson,5,7,71.43
Kelly Reyes,5,7,71.43
Rachel Stevens,10,14,71.43
Ian Nelson,5,7,71.43
Sarah Abbott,5,7,71.43
Sandra Patel,5,7,71.43
Joseph Cohen,5,7,71.43
Andrea Hill,10,14,71.43
Rebecca Ray,5,7,71.43
Michelle Adkins,5,7,71.43
Dennis Young,5,7,71.43
Kenneth Wheeler,5,7,71.43
Anne Jackson,5,7,71.43
Rachel Burns,5,7,71.43
Elizabeth Banks,5,7,71.43
Pamela Griffin,5,7,71.43
James Carroll,20,28,71.43
Cynthia Freeman,5,7,71.43
Juan Simpson,5,7,71.43
Christine Morris,5,7,71.43
Tammy Dunn,5,7,71.43
Ashley Caldwell,5,7,71.43
Laura Ryan,5,7,71.43
Carolyn Roberts,5,7,71.43
Richard Barnes,5,7,71.43
Andrea Collins,5,7,71.43
Deborah Nelson,5,7,71.43
Justin Spencer,5,7,71.43
Heather Schultz,5,7,71.43
Rebecca Arnold,5,7,71.43
Tracy Walker,10,14,71.43
Joseph Curry,5,7,71.43
Adam Tucker,5,7,71.43
Bradley Thomas,5,7,71.43
Michelle Mann,5,7,71.43
Christine Cook,10,14,71.43
Joshua Peterson,10,14,71.43
Terry Ramirez,10,14,71.43
Jeffrey Vasquez,5,7,71.43
Ronald Cooper,5,7,71.43
Emily Chen,5,7,71.43
Ryan Snow,5,7,71.43
Matthew Li,5,7,71.43
Monica Reyes,5,7,71.43
Margaret Williams,20,28,71.43
Angela Black,5,7,71.43
Connie Martin,5,7,71.43
Ashley Daniel,5,7,71.43
Crystal Bryant,5,7,71.43
William Gallegos,5,7,71.43
Tiffany Gonzalez,10,14,71.43
Allison Edwards,5,7,71.43
Christopher Mullins,5,7,71.43
Brett Harris,5,7,71.43
Robin Webb,5,7,71.43
Jonathan Gardner,5,7,71.43
Jessica Carrillo,5,7,71.43
Deanna Walker,5,7,71.43
Matthew Gallegos,5,7,71.43
Donna Watkins,5,7,71.43
Charlotte Williams,5,7,71.43
John Jimenez,10,14,71.43
Daniel Lyons,5,7,71.43
Jordan Kim,5,7,71.43
Eric Stewart,10,14,71.43
Jessica Bauer,5,7,71.43
Jeffery Gonzalez,5,7,71.43
Mary Porter,10,14,71.43
Douglas Robinson,5,7,71.43
Sarah Robertson,5,7,71.43
Joseph Wu,5,7,71.43
Susan Bennett,5,7,71.43
Elizabeth Chambers,5,7,71.43
John Russo,5,7,71.43
Wendy Cruz,5,7,71.43
Robert Stokes,5,7,71.43
Vincent Lee,5,7,71.43
Robert Proctor,5,7,71.43
Eric Burton,5,7,71.43
Matthew Hill,25,35,71.43
Matthew Maldonado,5,7,71.43
Julie Lewis,10,14,71.43
Mary Oliver,5,7,71.43
Sean Price,5,7,71.43
Dennis Ward,5,7,71.43
Travis Diaz,5,7,71.43
Paul Berry,5,7,71.43
Sarah Bowman,5,7,71.43
Ronald Moore,10,14,71.43
Rodney Perez,5,7,71.43
Jose Russell,5,7,71.43
Laura Hoffman,5,7,71.43
Katherine Wilkins,5,7,71.43
Kimberly Solis,5,7,71.43
Jennifer Salinas,5,7,71.43
Larry Rogers,5,7,71.43
Gary Alvarez,5,7,71.43
Raymond Jenkins,5,7,71.43
Jason Craig,5,7,71.43
Laura Russell,10,14,71.43
Tracy Clark,10,14,71.43
Daniel Torres,20,28,71.43
Garrett Brown,5,7,71.43
Hannah Lopez,5,7,71.43
Jonathan Porter,5,7,71.43
Jeremy West,5,7,71.43
Crystal Fisher,5,7,71.43
Alyssa White,10,14,71.43
Angela Quinn,5,7,71.43
Joshua Cole,10,14,71.43
Tyler Austin,5,7,71.43
Leah Bennett,5,7,71.43
Kayla Perry,5,7,71.43
John Patton,5,7,71.43
Danielle Shaw,5,7,71.43
Teresa Webb,5,7,71.43
Emily Robertson,5,7,71.43
Elizabeth Adkins,5,7,71.43
Jeffrey Scott,15,21,71.43
Carrie Rogers,5,7,71.43
Jacqueline Carter,5,7,71.43
Amanda Estrada,5,7,71.43
Peter Alexander,5,7,71.43
Nancy Jensen,5,7,71.43
Aaron West,5,7,71.43
Matthew Duncan,10,14,71.43
Lee Jackson,5,7,71.43
Ann Martin,5,7,71.43
Mary Butler,10,14,71.43
Heather Duncan,10,14,71.43
Donna Kelly,5,7,71.43
Dylan Wilson,5,7,71.43
Stephanie Khan,5,7,71.43
Michael Kidd,5,7,71.43
Elizabeth Robertson,5,7,71.43
Jeremy Jordan,5,7,71.43
Stacy Perez,5,7,71.43
Robert Meyers,5,7,71.43
Kenneth Leonard,5,7,71.43
Joshua Schmidt,5,7,71.43
Christine Evans,5,7,71.43
Shannon Webb,5,7,71.43
Jared Roberts,5,7,71.43
Stephanie Daniels,5,7,71.43
Barbara Patterson,5,7,71.43
Robert Powers,5,7,71.43
Tanya Davis,5,7,71.43
Jennifer Horn,5,7,71.43
Stephen Ruiz,5,7,71.43
Amber James,5,7,71.43
Matthew Fitzpatrick,5,7,71.43
Mary Morris,10,14,71.43
Kenneth Austin,5,7,71.43
Johnny Green,5,7,71.43
Justin Reid,5,7,71.43
David Bush,10,14,71.43
Aaron Gonzales,5,7,71.43
Richard Schneider,5,7,71.43
Ronald King,5,7,71.43
Linda Medina,5,7,71.43
Frank Nelson,5,7,71.43
Amy Aguilar,5,7,71.43
Jessica Duran,5,7,71.43
Adriana Smith,5,7,71.43
Peter Murphy,5,7,71.43
Kimberly Craig,5,7,71.43
Roberto Johnson,5,7,71.43
Nicole Hamilton,5,7,71.43
Deborah Sanders,5,7,71.43
Stephanie Knight,5,7,71.43
Erin Turner,5,7,71.43
Benjamin Rose,5,7,71.43
Sarah Nelson,20,28,71.43
William Bowen,5,7,71.43
Lisa Reilly,5,7,71.43
Laura Taylor,30,42,71.43
Olivia Davis,5,7,71.43
Jeffery Phillips,5,7,71.43
Donald Cruz,5,7,71.43
Jason Barnett,5,7,71.43
Frank Walker,5,7,71.43
Kevin Ingram,5,7,71.43
Michael Hays,5,7,71.43
Kristin Taylor,5,7,71.43
Amy Gutierrez,5,7,71.43
Thomas Gallegos,5,7,71.43
Gregory Cobb,5,7,71.43
Brooke Gonzalez,5,7,71.43
Alexander Ramirez,5,7,71.43
Crystal Hansen,5,7,71.43
Michael Weber,20,28,71.43
Nicholas Estrada,5,7,71.43
Richard May,5,7,71.43
Marcus Gonzalez,5,7,71.43
Alison Harris,5,7,71.43
David Bender,5,7,71.43
Joseph Banks,5,7,71.43
Brittany Rivera,5,7,71.43
Michael Riley,15,21,71.43
Charles Poole,5,7,71.43
Samuel Evans,5,7,71.43
John Weaver,10,14,71.43
Justin Hardy,5,7,71.43
Blake White,5,7,71.43
Kathleen Wright,5,7,71.43
Jean Johnson,5,7,71.43
Diane Hill,5,7,71.43
Rebecca Ruiz,5,7,71.43
John Velazquez,5,7,71.43
Karen Davidson,5,7,71.43
Cheryl Howard,5,7,71.43
Linda Knight,5,7,71.43
Raymond Anderson,5,7,71.43
Lawrence Hernandez,5,7,71.43
Jason Bowman,5,7,71.43
Cindy Robinson,5,7,71.43
Alexander Kim,5,7,71.43
Stacey Hall,5,7,71.43
Anne Martinez,5,7,71.43
Tiffany Foster,5,7,71.43
Rachel Rogers,10,14,71.43
Angela Becker,5,7,71.43
William Velez,5,7,71.43
Donna Henry,5,7,71.43
Phillip Sanchez,5,7,71.43
Patricia Young,10,14,71.43
Steven Herrera,5,7,71.43
Miguel Davis,5,7,71.43
Alex Jackson,5,7,71.43
Victoria Wilson,20,28,71.43
Zachary Wright,5,7,71.43
Michael Lambert,15,21,71.43
Sarah Barrett,5,7,71.43
Mary Mullins,5,7,71.43
Debbie Baker,5,7,71.43
Daniel Fields,5,7,71.43
Crystal Webb,5,7,71.43
Ryan Figueroa,5,7,71.43
Michelle Whitaker,5,7,71.43
Melissa Erickson,5,7,71.43
Rebecca Hernandez,20,28,71.43
Sean Watson,5,7,71.43
David Flores,35,49,71.43
Diana Brown,15,21,71.43
John Hurley,5,7,71.43
David Jacobs,10,14,71.43
Heather Maxwell,5,7,71.43
Joseph Herrera,10,14,71.43
Cynthia Hunter,5,7,71.43
Mary Warner,5,7,71.43
Rhonda Robinson,5,7,71.43
Karen Larson,5,7,71.43
Edward King,5,7,71.43
Michael Davies,5,7,71.43
Jeffrey Snyder,5,7,71.43
Elizabeth Roberts,20,28,71.43
Adam Romero,5,7,71.43
Benjamin Matthews,5,7,71.43
Gregory Watkins,5,7,71.43
Paul Gordon,5,7,71.43
Daniel Perry,10,14,71.43
Elizabeth Glenn,5,7,71.43
Douglas Ross,5,7,71.43
Deborah Spencer,5,7,71.43
Anthony Simmons,10,14,71.43
Jamie Owens,5,7,71.43
Lori Sanchez,10,14,71.43
Derrick Jackson,5,7,71.43
Zachary Ross,5,7,71.43
Julie Bennett,5,7,71.43
April Olson,5,7,71.43
Jimmy Miller,5,7,71.43
Cindy Harrison,5,7,71.43
Robert Le,5,7,71.43
Tyler James,5,7,71.43
Billy Hill,5,7,71.43
Gregory Reyes,5,7,71.43
Julia Thomas,5,7,71.43
Joseph Harrison,10,14,71.43
Jose Ramirez,10,14,71.43
John Kane,5,7,71.43
Michael Browning,5,7,71.43
Diane Bryant,5,7,71.43
Joseph Reed,20,28,71.43
Robert Best,5,7,71.43
Bobby Brown,5,7,71.43
Jesse Baker,5,7,71.43
Scott Perez,20,28,71.43
Scott Ryan,5,7,71.43
Elizabeth Munoz,5,7,71.43
Daniel Booth,5,7,71.43
Shawn Harper,5,7,71.43
Christopher Santos,10,14,71.43
Robert Walters,15,21,71.43
Michael Gregory,15,21,71.43
Steven Vazquez,5,7,71.43
Steven Kim,5,7,71.43
Jennifer Mckay,5,7,71.43
Sean Wilson,15,21,71.43
Matthew Salinas,5,7,71.43
Anthony Johnston,5,7,71.43
Benjamin Brown,30,42,71.43
Steven Watkins,5,7,71.43
David Mahoney,5,7,71.43
Donald Rice,5,7,71.43
Micheal Harris,5,7,71.43
Christian Nelson,5,7,71.43
Nicole Cunningham,5,7,71.43
Aaron Fisher,5,7,71.43
Michael Brandt,5,7,71.43
Amanda Roach,5,7,71.43
Michelle Howell,5,7,71.43
Christian Hall,5,7,71.43
Samuel Kelley,5,7,71.43
Douglas Morgan,5,7,71.43
Caroline Miller,5,7,71.43
Barbara Carter,5,7,71.43
William Shah,5,7,71.43
David Mccoy,10,14,71.43
Gregory Nguyen,10,14,71.43
Dawn Simpson,5,7,71.43
Kimberly Wells,5,7,71.43
Terry Mitchell,5,7,71.43
James Melendez,5,7,71.43
Regina Johnson,15,21,71.43
Marie Clark,5,7,71.43
Antonio Miller,5,7,71.43
Christopher Ortega,10,14,71.43
Timothy Lane,5,7,71.43
Brianna Cooper,5,7,71.43
Erica Hill,5,7,71.43
James Singh,10,14,71.43
Justin Peterson,5,7,71.43
Connie Clark,5,7,71.43
Michelle Carey,5,7,71.43
Kim Thomas,5,7,71.43
Nicole Ruiz,5,7,71.43
John Byrd,5,7,71.43
Christopher Potter,5,7,71.43
Scott Lloyd,5,7,71.43
Elizabeth Park,5,7,71.43
Laura Owens,10,14,71.43
Sarah Fields,10,14,71.43
Stephen Morrison,5,7,71.43
Renee Thompson,5,7,71.43
James Rhodes,5,7,71.43
Thomas Wood,10,14,71.43
Sharon Long,5,7,71.43
Catherine Jackson,5,7,71.43
James Mcneil,5,7,71.43
Kelly Clark,15,21,71.43
Michael Riddle,5,7,71.43
Amy Wade,5,7,71.43
Brandon Owens,5,7,71.43
Kenneth Anderson,15,21,71.43
Justin Olson,5,7,71.43
William Aguilar,5,7,71.43
Robert Marsh,5,7,71.43
Andrew Becker,5,7,71.43
Melinda Clark,5,7,71.43
Christopher Joyce,5,7,71.43
Linda Porter,5,7,71.43
Christopher Caldwell,5,7,71.43
Susan Delgado,5,7,71.43
Kelly Williamson,5,7,71.43
William Morrison,10,14,71.43
Christopher Haley,5,7,71.43
Heidi Walker,5,7,71.43
Jeffrey Pierce,5,7,71.43
Julie Rogers,5,7,71.43
Karen James,5,7,71.43
Richard Floyd,5,7,71.43
Jacob Salazar,5,7,71.43
Nicole Ortiz,10,14,71.43
Valerie Martin,5,7,71.43
Stacey King,5,7,71.43
Amanda Boyer,5,7,71.43
Joseph Herman,5,7,71.43
Jack Lopez,5,7,71.43
Kevin Patrick,5,7,71.43
Diana Parker,5,7,71.43
Brandon Carroll,5,7,71.43
John Bullock,5,7,71.43
Craig Burns,5,7,71.43
Ashley Russell,10,14,71.43
Diana Taylor,10,14,71.43
Bethany Miller,5,7,71.43
Lisa Ray,5,7,71.43
Anthony Shelton,5,7,71.43
Jessica Bennett,15,21,71.43
James Haney,5,7,71.43
Beth Jones,10,14,71.43
Ashley Hodges,5,7,71.43
Nicholas Castro,5,7,71.43
Christopher Mckinney,5,7,71.43
Jeremy Mcdonald,5,7,71.43
Joshua Avila,5,7,71.43
Sherri Lopez,5,7,71.43
Jerry Carter,5,7,71.43
Robert Reynolds,15,21,71.43
Anthony Walters,5,7,71.43
Brian Campos,5,7,71.43
David Lindsey,5,7,71.43
Jacob Brown,20,28,71.43
Jacob Hawkins,5,7,71.43
Alicia Turner,5,7,71.43
Timothy Castro,5,7,71.43
John Carson,5,7,71.43
Russell Mitchell,5,7,71.43
Hannah Ward,5,7,71.43
Amanda Chambers,5,7,71.43
Robert Turner,40,56,71.43
Lisa Saunders,5,7,71.43
Marcus Wilson,5,7,71.43
Cameron Garcia,5,7,71.43
Justin Howell,5,7,71.43
Jacob Coleman,5,7,71.43
Jonathan Ramirez,10,14,71.43
Christina Erickson,5,7,71.43
Wesley Brown,5,7,71.43
Angel Lee,5,7,71.43
Jason Finley,5,7,71.43
Laura Lawson,5,7,71.43
William Hopkins,5,7,71.43
Cynthia Gray,5,7,71.43
Christopher Padilla,10,14,71.43
April Carroll,5,7,71.43
Brenda Washington,5,7,71.43
Robert Mcguire,5,7,71.43
Kyle Rogers,5,7,71.43
Barbara Willis,5,7,71.43
Anthony Mills,5,7,71.43
Kara Perez,5,7,71.43
Melissa Foster,15,21,71.43
Walter Lewis,5,7,71.43
William Kaiser,5,7,71.43
Heather Carlson,5,7,71.43
Jeffrey Jones,60,84,71.43
Mark Palmer,5,7,71.43
Peter Thomas,10,14,71.43
Karen Roberts,10,14,71.43
Juan Mitchell,5,7,71.43
Ashley Johnston,5,7,71.43
Melanie Jones,10,14,71.43
Derek Daniels,5,7,71.43
Julie Padilla,5,7,71.43
Kimberly Hurley,5,7,71.43
Kevin Gibson,10,14,71.43
Aaron Mitchell,5,7,71.43
Maria Stephens,5,7,71.43
Danielle Reynolds,5,7,71.43
Thomas Hicks,5,7,71.43
Erin Sanders,5,7,71.43
Manuel Garcia,5,7,71.43
Jill Sanchez,5,7,71.43
Meghan Miller,5,7,71.43
Colin Williams,5,7,71.43
Lauren Ortiz,10,14,71.43
David Nichols,20,28,71.43
Kimberly Spencer,5,7,71.43
Ashley Chavez,5,7,71.43
Robert Marks,5,7,71.43
Teresa Edwards,5,7,71.43
James Porter,15,21,71.43
Bryan Hall,5,7,71.43
Christine Lane,5,7,71.43
Jessica Harper,5,7,71.43
Adam Ryan,5,7,71.43
Andrew Bailey,15,21,71.43
Anthony Cox,10,14,71.43
Kenneth Torres,10,14,71.43
Elizabeth Fox,5,7,71.43
Sarah Welch,5,7,71.43
Erik Parker,5,7,71.43
Andrea Fernandez,5,7,71.43
Jessica Wade,5,7,71.43
Bethany Jones,10,14,71.43
Matthew Park,5,7,71.43
Karen Henry,5,7,71.43
Richard Brewer,5,7,71.43
Wendy Green,5,7,71.43
Gregory Williamson,5,7,71.43
Sally Williams,5,7,71.43
Julie Allen,15,21,71.43
James Farmer,5,7,71.43
Joseph Strickland,5,7,71.43
Sara Reed,5,7,71.43
Rachel Brooks,10,14,71.43
Cynthia Perry,5,7,71.43
Mary Avila,5,7,71.43
Nicole Barker,5,7,71.43
Chad Lee,5,7,71.43
Melissa Wolfe,5,7,71.43
Bryan Bell,5,7,71.43
Gabriel Moore,5,7,71.43
Mary Curry,5,7,71.43
Stephen Ayala,5,7,71.43
Abigail Allen,5,7,71.43
Catherine Gardner,5,7,71.43
Helen Smith,5,7,71.43
Joshua Tran,5,7,71.43
Blake Jones,5,7,71.43
David Sanchez,35,49,71.43
Rachel Ferguson,5,7,71.43
Jeffrey Little,5,7,71.43
Heather Hunt,5,7,71.43
Heather Peters,5,7,71.43
Jaime Rodriguez,5,7,71.43
Patricia Harrison,5,7,71.43
Jeffrey Reid,5,7,71.43
John Villanueva,5,7,71.43
Brian Cummings,5,7,71.43
Zachary Alexander,5,7,71.43
Jennifer Mclaughlin,5,7,71.43
Lisa Shaffer,5,7,71.43
Adam Castillo,5,7,71.43
Karen Weaver,5,7,71.43
Dylan Scott,5,7,71.43
Thomas Holmes,5,7,71.43
Derrick Thomas,5,7,71.43
Anna Davis,25,35,71.43
Susan Burns,5,7,71.43
Brandon Marshall,5,7,71.43
Sarah Shannon,5,7,71.43
Peter Thompson,10,14,71.43
Mark Jensen,5,7,71.43
Tony Martin,5,7,71.43
Gary Mitchell,5,7,71.43
Zachary Rogers,5,7,71.43
Katherine Hoffman,5,7,71.43
Laura May,5,7,71.43
Dustin Scott,5,7,71.43
John Mcpherson,5,7,71.43
Tiffany Garrett,5,7,71.43
Richard Ryan,5,7,71.43
Jamie Harrison,5,7,71.43
Amy Webb,5,7,71.43
James Bullock,5,7,71.43
Tracy Richardson,5,7,71.43
Laura Jennings,5,7,71.43
Sharon Phillips,5,7,71.43
Richard Chapman,5,7,71.43
Dana Thompson,5,7,71.43
Rachel Patel,5,7,71.43
William Dyer,5,7,71.43
Pamela Rogers,5,7,71.43
Nicole Roberts,15,21,71.43
Gary Collins,5,7,71.43
Robert Foley,5,7,71.43
Lisa Larsen,5,7,71.43
Suzanne Nelson,5,7,71.43
Randy Rivera,5,7,71.43
Kim Lopez,5,7,71.43
Andrew Harvey,5,7,71.43
Allison Morris,5,7,71.43
Drew Johnson,5,7,71.43
Cameron Gonzalez,5,7,71.43
Heather Day,5,7,71.43
Hannah Alvarez,5,7,71.43
Ronald Burton,5,7,71.43
Christopher Cobb,5,7,71.43
Kenneth Terry,5,7,71.43
Amanda Schneider,5,7,71.43
Michelle Alvarado,5,7,71.43
Jacqueline Cox,5,7,71.43
Taylor Moore,20,28,71.43
Matthew Giles,5,7,71.43
Joseph Avila,5,7,71.43
Kathryn Kelly,5,7,71.43
William Hurst,5,7,71.43
Danny Jones,10,14,71.43
Taylor Mcdonald,5,7,71.43
Linda Berry,5,7,71.43
Anthony George,5,7,71.43
Edward Taylor,15,21,71.43
Jessica Mendoza,10,14,71.43
Jason Nolan,5,7,71.43
James Beard,5,7,71.43
Randy Hall,5,7,71.43
Sherry Taylor,10,14,71.43
Alex Long,5,7,71.43
William Hale,5,7,71.43
Eric Preston,5,7,71.43
Kathleen Johnson,40,56,71.43
Jonathan Brooks,5,7,71.43
Kelly Parks,5,7,71.43
Jennifer Sheppard,5,7,71.43
Thomas Powell,10,14,71.43
Kelly Marshall,5,7,71.43
Daniel Dillon,5,7,71.43
Joseph Ortega,5,7,71.43
Samantha Gordon,5,7,71.43
Whitney Martin,5,7,71.43
Angela Joseph,5,7,71.43
Elizabeth Irwin,5,7,71.43
Wanda Smith,10,14,71.43
Dawn Morales,5,7,71.43
Richard Owen,5,7,71.43
Christine Hill,5,7,71.43
Joshua Henderson,10,14,71.43
Kathryn Rodriguez,10,14,71.43
Pamela Lyons,5,7,71.43
Katherine Robinson,10,14,71.43
Philip Scott,5,7,71.43
Amy Elliott,5,7,71.43
Michael Banks,15,21,71.43
Daniel Morales,15,21,71.43
John Montes,5,7,71.43
Sheila Ramirez,5,7,71.43
Wendy Mitchell,5,7,71.43
John Jenkins,20,28,71.43
Evan Lee,5,7,71.43
Elizabeth Figueroa,5,7,71.43
Heather Clark,15,21,71.43
Melissa Moran,5,7,71.43
Jasmine Roberts,5,7,71.43
Susan Meyer,5,7,71.43
Tara Marshall,5,7,71.43
Lisa Simpson,5,7,71.43
Michael Hampton,10,14,71.43
Samantha Howard,5,7,71.43
Benjamin Hopkins,5,7,71.43
Mary Molina,5,7,71.43
Victor Jackson,5,7,71.43
Jason Turner,15,21,71.43
Mark Porter,5,7,71.43
Nicole Curtis,5,7,71.43
Tamara Hernandez,5,7,71.43
Matthew Bush,5,7,71.43
Keith Watson,5,7,71.43
David Hodges,5,7,71.43
Jennifer Baldwin,5,7,71.43
Kayla Gonzalez,10,14,71.43
Frank Morris,5,7,71.43
Karen Hart,5,7,71.43
Jason White,30,42,71.43
Jamie Thompson,10,14,71.43
Sandra Everett,5,7,71.43
Teresa Parker,5,7,71.43
Shawn Fisher,5,7,71.43
Amy Mckenzie,5,7,71.43
James Mercer,5,7,71.43
Karen Wade,5,7,71.43
Benjamin Nichols,5,7,71.43
Kyle Larson,5,7,71.43
Elizabeth Gregory,5,7,71.43
David Alvarez,20,28,71.43
Justin Grant,5,7,71.43
Susan Williamson,5,7,71.43
Andrew Carpenter,5,7,71.43
John Conley,5,7,71.43
Elizabeth Rose,5,7,71.43
Timothy Booker,5,7,71.43
Stephen Reed,5,7,71.43
Kelly Obrien,5,7,71.43
Robert Whitaker,5,7,71.43
John Proctor,5,7,71.43
Jeffrey Dean,5,7,71.43
Jill White,5,7,71.43
Andrew Powers,5,7,71.43
Jamie Cooper,5,7,71.43
Brandon Hanson,5,7,71.43
Jennifer Hendricks,5,7,71.43
Ryan Moore,30,42,71.43
Adam Torres,5,7,71.43
Madison Harris,5,7,71.43
Joshua Gillespie,5,7,71.43
Erica Morales,5,7,71.43
Megan Jordan,5,7,71.43
Stephanie Mcmahon,5,7,71.43
Mary Herrera,5,7,71.43
Johnathan Jones,5,7,71.43
Stephanie Pratt,5,7,71.43
Julia Rogers,5,7,71.43
Jordan Myers,5,7,71.43
Julie Fisher,5,7,71.43
Dylan King,5,7,71.43
James Kirk,5,7,71.43
Mark Cruz,15,21,71.43
Jenna Jackson,5,7,71.43
Sarah Mayer,5,7,71.43
Allen Thompson,5,7,71.43
Stephen Sanchez,10,14,71.43
Ryan Holland,5,7,71.43
Steven Hayes,5,7,71.43
Rachel Long,5,7,71.43
Stephanie Coleman,10,14,71.43
Jennifer Holder,5,7,71.43
Nicole Hunt,5,7,71.43
Shannon Green,5,7,71.43
Stacey Cooper,5,7,71.43
Erica Brown,15,21,71.43
Sarah Becker,5,7,71.43
Andrew Erickson,5,7,71.43
Justin Ryan,5,7,71.43
Michael Mcdowell,5,7,71.43
Douglas Murphy,5,7,71.43
James Quinn,10,14,71.43
Brenda Romero,5,7,71.43
Mark Berry,5,7,71.43
Micheal Wilson,5,7,71.43
Daniel Curtis,5,7,71.43
Samantha Romero,5,7,71.43
Charles Robertson,5,7,71.43
Tiffany Moore,20,28,71.43
Janet Robinson,5,7,71.43
Donald Pierce,5,7,71.43
Charles Myers,5,7,71.43
Sara Perry,5,7,71.43
Ashley Dawson,5,7,71.43
Andrea Shannon,5,7,71.43
Andrea Simmons,5,7,71.43
Kelly Payne,5,7,71.43
Susan Obrien,5,7,71.43
Courtney Graham,5,7,71.43
Hannah White,10,14,71.43
Matthew Hester,5,7,71.43
Brenda Sandoval,5,7,71.43
Evan Wright,5,7,71.43
Ryan Shaw,5,7,71.43
Andrew Rojas,5,7,71.43
Erin Mendoza,5,7,71.43
Rebecca Newman,5,7,71.43
Kevin Riley,5,7,71.43
Gina Martin,5,7,71.43
Andrew Blair,5,7,71.43
Steven Higgins,5,7,71.43
Christopher Whitaker,5,7,71.43
Lisa Rojas,5,7,71.43
Steven Pierce,5,7,71.43
Russell Smith,10,14,71.43
Curtis Garcia,5,7,71.43
Amber Rice,5,7,71.43
Jacob Porter,5,7,71.43
Brian Orr,5,7,71.43
Thomas Ruiz,5,7,71.43
Eric Butler,10,14,71.43
Robert Stewart,20,28,71.43
Tyler Campbell,5,7,71.43
Barbara Lee,15,21,71.43
Jessica Franklin,5,7,71.43
Tracey Price,5,7,71.43
Christine Perez,10,14,71.43
April Peters,5,7,71.43
Erika Johnson,10,14,71.43
Daniel Solis,5,7,71.43
Kathryn Morgan,5,7,71.43
Elizabeth Moran,5,7,71.43
Annette Miller,5,7,71.43
Erik Garcia,5,7,71.43
John Liu,5,7,71.43
Julie Gardner,5,7,71.43
Christopher Lloyd,5,7,71.43
Tammy Carpenter,5,7,71.43
Stephen Reynolds,10,14,71.43
Joseph Holt,5,7,71.43
Janice Jones,5,7,71.43
Martin Moore,5,7,71.43
Jonathan Solomon,5,7,71.43
Debra Fisher,5,7,71.43
Johnny Wilson,5,7,71.43
Katherine Edwards,5,7,71.43
John Baker,45,63,71.43
Tiffany Graham,5,7,71.43
Kelsey Young,5,7,71.43
Sarah Jacobs,5,7,71.43
Christina Matthews,5,7,71.43
Jerry Young,5,7,71.43
Richard Guerra,5,7,71.43
Billy Johnson,5,7,71.43
Katherine Butler,5,7,71.43
Aaron Hicks,5,7,71.43
Daniel Burgess,5,7,71.43
Samantha Roberts,5,7,71.43
Leslie Johnson,25,35,71.43
Casey Taylor,5,7,71.43
Martin Hernandez,5,7,71.43
Alyssa Jackson,5,7,71.43
Kaitlin Johnson,5,7,71.43
Rebecca Brady,5,7,71.43
Melissa Mueller,5,7,71.43
Elizabeth Wallace,5,7,71.43
Logan Martinez,5,7,71.43
Kyle Price,5,7,71.43
Debra Myers,5,7,71.43
Laurie Jackson,5,7,71.43
Paul Mills,5,7,71.43
John Pittman,5,7,71.43
Amanda Fernandez,5,7,71.43
Christopher Wang,10,14,71.43
Sabrina White,5,7,71.43
James Logan,5,7,71.43
Curtis Hall,5,7,71.43
Nicholas Schmidt,5,7,71.43
Michael Buchanan,10,14,71.43
Sydney Ramirez,5,7,71.43
Maria Scott,10,14,71.43
Brooke Martinez,10,14,71.43
Jason Austin,5,7,71.43
Andrea Bailey,5,7,71.43
Jasmine Edwards,5,7,71.43
Carrie Lee,5,7,71.43
Kelly Gibson,5,7,71.43
Christopher Reese,5,7,71.43
Chelsea Hall,5,7,71.43
Jillian Campbell,5,7,71.43
William Tran,10,14,71.43
Amy Mccoy,5,7,71.43
William Newton,5,7,71.43
Jonathan Cooper,10,14,71.43
Tina Stewart,5,7,71.43
Heidi Harris,5,7,71.43
Jennifer Macdonald,5,7,71.43
Crystal Simmons,5,7,71.43
Andrew Myers,10,14,71.43
Hannah Richardson,5,7,71.43
John Pace,5,7,71.43
Susan Black,5,7,71.43
Kyle Reyes,5,7,71.43
Sandra Nguyen,5,7,71.43
Stephen Bell,5,7,71.43
Rebecca Contreras,5,7,71.43
Vincent Brooks,5,7,71.43
Crystal Kim,5,7,71.43
Eric Snyder,5,7,71.43
Teresa Brooks,5,7,71.43
Robert David,5,7,71.43
Michael Zhang,5,7,71.43
Alexis Thomas,5,7,71.43
Melissa Avila,5,7,71.43
Charles Harrison,10,14,71.43
Craig Flores,5,7,71.43
Justin King,15,21,71.43
Jessica Lin,5,7,71.43
Scott Nunez,5,7,71.43
Cindy Evans,5,7,71.43
Jerry Jackson,5,7,71.43
Michelle Pace,5,7,71.43
Nancy Williams,25,35,71.43
Michael Poole,5,7,71.43
Christopher Holt,5,7,71.43
Richard Mcdonald,10,14,71.43
Richard Sandoval,5,7,71.43
Charles Schmidt,5,7,71.43
Megan Wells,5,7,71.43
Kathleen Taylor,15,21,71.43
Ashley Chapman,5,7,71.43
Bryan Diaz,5,7,71.43
Stephanie Weber,5,7,71.43
Christina Gonzales,5,7,71.43
Alexander Jimenez,5,7,71.43
Stephen Walsh,5,7,71.43
Michele Parker,5,7,71.43
Amy Shelton,5,7,71.43
Mike Garcia,5,7,71.43
Nicole Bryan,5,7,71.43
Jennifer Garner,5,7,71.43
Dennis Allen,5,7,71.43
John Pratt,5,7,71.43
Sarah Vasquez,10,14,71.43
Randy Schroeder,5,7,71.43
Joseph Saunders,5,7,71.43
Joshua Castro,5,7,71.43
David Farley,5,7,71.43
Timothy Wilson,30,42,71.43
Thomas Marquez,5,7,71.43
Thomas Fuller,5,7,71.43
Jeffrey Chapman,5,7,71.43
Sharon Hernandez,10,14,71.43
Samantha Mack,5,7,71.43
Ryan Warner,5,7,71.43
Joseph Maldonado,5,7,71.43
Emily Foster,5,7,71.43
Susan Wong,5,7,71.43
Brenda Richards,5,7,71.43
Leslie Young,5,7,71.43
Stephen Webb,5,7,71.43
Deborah Richardson,5,7,71.43
Robert Harper,10,14,71.43
Travis Kelly,5,7,71.43
Brian Garza,5,7,71.43
Charles Thomas,20,28,71.43
Nicole Nicholson,5,7,71.43
Kimberly Serrano,5,7,71.43
David Camacho,5,7,71.43
John Mcdonald,10,14,71.43
Kimberly Park,5,7,71.43
Daniel Briggs,5,7,71.43
Michael Mclaughlin,15,21,71.43
James Schaefer,5,7,71.43
Paul Hoffman,5,7,71.43
Scott Welch,5,7,71.43
Jacqueline Bell,5,7,71.43
Samuel Allen,5,7,71.43
Bryan Aguilar,5,7,71.43
Julie Mejia,5,7,71.43
Charles Alvarez,5,7,71.43
Jared Parker,5,7,71.43
Daniel Wilkins,5,7,71.43
Matthew Goodwin,5,7,71.43
Stephen Newman,5,7,71.43
Kaitlyn Brown,5,7,71.43
Manuel Johnson,10,14,71.43
Richard Vargas,5,7,71.43
Matthew Wiley,5,7,71.43
Jessica Burgess,5,7,71.43
Marc Smith,15,21,71.43
Brandy Garcia,10,14,71.43
Nicole Robertson,5,7,71.43
Mark Gallagher,5,7,71.43
Michael Wilcox,10,14,71.43
Christopher Nicholson,5,7,71.43
Robert Shepherd,5,7,71.43
Nicole Garcia,25,35,71.43
George Hamilton,5,7,71.43
Alexandra Collins,5,7,71.43
Don Johnson,5,7,71.43
Jonathan Munoz,5,7,71.43
Paul Perkins,5,7,71.43
Angela Wells,5,7,71.43
Elizabeth Roth,5,7,71.43
Linda Gibson,5,7,71.43
Sara Elliott,5,7,71.43
Bruce Carter,5,7,71.43
John Werner,5,7,71.43
Holly White,10,14,71.43
Steven Mitchell,15,21,71.43
Michael Campos,15,21,71.43
Jacob West,5,7,71.43
Matthew Stein,5,7,71.43
Donald Gomez,5,7,71.43
Daniel Massey,5,7,71.43
Christopher Mendez,15,21,71.43
Adam Jackson,15,21,71.43
Tracy Black,5,7,71.43
Amanda Ruiz,5,7,71.43
Jonathan Ellis,5,7,71.43
Gabriel Turner,5,7,71.43
Carla Martinez,10,14,71.43
Kevin Ballard,5,7,71.43
Mary Mccoy,5,7,71.43
Cory Robinson,5,7,71.43
Kayla Rogers,5,7,71.43
Julia Taylor,5,7,71.43
Eric Phillips,15,21,71.43
Jennifer Barrett,5,7,71.43
Patrick Perry,5,7,71.43
Elizabeth Fletcher,5,7,71.43
Joseph Oneal,5,7,71.43
Teresa Turner,10,14,71.43
Sharon Cooper,5,7,71.43
Brian Keller,5,7,71.43
Joseph Campos,5,7,71.43
Erin Robinson,5,7,71.43
Ian Jackson,5,7,71.43
Steven Mendez,5,7,71.43
Cynthia Owens,5,7,71.43
James Cooper,15,21,71.43
Andrea Lewis,5,7,71.43
Jennifer Keith,5,7,71.43
Cindy Miller,10,14,71.43
Ashley Craig,5,7,71.43
Misty Hall,5,7,71.43
Tiffany Hughes,5,7,71.43
David Pruitt,5,7,71.43
Lisa Pratt,5,7,71.43
James Anthony,5,7,71.43
Brenda Perry,5,7,71.43
Jasmine Baker,5,7,71.43
Jennifer Gillespie,5,7,71.43
Tara Hall,5,7,71.43
Brian Parrish,5,7,71.43
Brandi Perez,5,7,71.43
Stephanie Silva,5,7,71.43
Matthew Santiago,5,7,71.43
Matthew Fowler,5,7,71.43
Kimberly Pearson,5,7,71.43
Thomas Murray,5,7,71.43
Stephen Jones,40,56,71.43
Michael Kemp,5,7,71.43
Brett Young,5,7,71.43
John Mueller,5,7,71.43
David Humphrey,5,7,71.43
Regina Jones,10,14,71.43
Katie Hernandez,5,7,71.43
Kelsey Brown,10,14,71.43
William Yang,5,7,71.43
James Owen,5,7,71.43
Anthony Stone,10,14,71.43
Kimberly Mcdaniel,5,7,71.43
Megan Garcia,25,35,71.43
Courtney Wilson,10,14,71.43
Gabriel Jones,5,7,71.43
Scott Carroll,5,7,71.43
Laura Hamilton,5,7,71.43
Paul Porter,5,7,71.43
Lisa Hines,5,7,71.43
Kelly Walsh,5,7,71.43
Jeremy Jones,30,42,71.43
Jennifer Branch,5,7,71.43
Heather Morris,10,14,71.43
Victoria Hall,10,14,71.43
Benjamin Martinez,10,14,71.43
Matthew Medina,5,7,71.43
Ronald Adams,10,14,71.43
Ashley Cline,5,7,71.43
Richard Contreras,5,7,71.43
Suzanne Taylor,5,7,71.43
Patricia Wong,5,7,71.43
Brad Williams,5,7,71.43
Melissa Lowe,5,7,71.43
Rachel Todd,5,7,71.43
Evan Martinez,5,7,71.43
Thomas Douglas,5,7,71.43
Matthew Summers,5,7,71.43
Victor Baker,5,7,71.43
Beth Hernandez,5,7,71.43
Laura Moore,25,35,71.43
John Summers,5,7,71.43
Nicole Rice,10,14,71.43
Maria Weaver,5,7,71.43
Emily Morrison,5,7,71.43
William Keller,5,7,71.43
Patrick Henry,5,7,71.43
Robert Petersen,5,7,71.43
Nicole Tucker,5,7,71.43
Julie Mitchell,10,14,71.43
Shannon Garcia,15,21,71.43
Mary Blair,5,7,71.43
Keith Hudson,5,7,71.43
Pamela Perez,10,14,71.43
Dustin Hernandez,5,7,71.43
Veronica Campbell,5,7,71.43
Nathan Peterson,5,7,71.43
Tracy Harris,10,14,71.43
Stephanie Cruz,10,14,71.43
David Booker,5,7,71.43
Lisa Neal,5,7,71.43
Brian Drake,5,7,71.43
John Lambert,5,7,71.43
Mitchell Miller,5,7,71.43
Alicia Henry,5,7,71.43
Taylor Jackson,10,14,71.43
Michael Fields,15,21,71.43
Ashley Palmer,5,7,71.43
Emily Petersen,5,7,71.43
Joshua Conner,5,7,71.43
David Powers,10,14,71.43
Linda Gonzales,5,7,71.43
Jay Young,5,7,71.43
Kevin Paul,5,7,71.43
Ricky Harris,5,7,71.43
Robert Castillo,15,21,71.43
Ashley Mendez,5,7,71.43
David Rasmussen,5,7,71.43
Melissa Carr,5,7,71.43
Ashley Solis,5,7,71.43
David Valencia,5,7,71.43
Brittany Benson,5,7,71.43
James Schmidt,10,14,71.43
Robert Lynn,5,7,71.43
Tamara Anderson,5,7,71.43
David Arias,5,7,71.43
Sharon Sanders,5,7,71.43
Donald Kelley,5,7,71.43
Alexander Alexander,5,7,71.43
Bruce Anderson,5,7,71.43
Christina Vasquez,5,7,71.43
April Lopez,10,14,71.43
Janet Gonzalez,5,7,71.43
Steven Rose,5,7,71.43
Margaret Edwards,5,7,71.43
Alexander Harris,5,7,71.43
Paul Allen,10,14,71.43
James Sutton,10,14,71.43
Kyle Spencer,5,7,71.43
Bryan Griffin,5,7,71.43
Jeremy Henry,5,7,71.43
Robert Prince,5,7,71.43
Maria Nichols,5,7,71.43
Christopher Middleton,5,7,71.43
Steve Brown,5,7,71.43
Allen Gonzalez,5,7,71.43
Amanda Butler,5,7,71.43
Leah Martin,5,7,71.43
Tracy Bell,5,7,71.43
Jeffrey Tucker,10,14,71.43
Zachary Mitchell,10,14,71.43
Lisa Golden,5,7,71.43
Gregory Gonzalez,15,21,71.43
Deborah Lawson,5,7,71.43
Brian Ballard,5,7,71.43
Sierra Johnson,5,7,71.43
Erica Martinez,15,21,71.43
Daniel Snow,5,7,71.43
Jimmy Williams,5,7,71.43
Jade Smith,5,7,71.43
Crystal Ramirez,5,7,71.43
Carrie White,5,7,71.43
Matthew Blair,5,7,71.43
Mary Nelson,15,21,71.43
Donald Miller,10,14,71.43
Tara Diaz,5,7,71.43
Casey Jackson,5,7,71.43
Jacqueline Edwards,5,7,71.43
Ashley Hill,10,14,71.43
Samantha Lopez,20,28,71.43
Kelly Barker,5,7,71.43
Adam Burns,5,7,71.43
Maria Ramirez,5,7,71.43
Nicholas Herrera,5,7,71.43
Nathan Jones,20,28,71.43
Ronald Phillips,5,7,71.43
Jonathan Austin,5,7,71.43
Michael Hendrix,5,7,71.43
David Stevenson,5,7,71.43
Jasmine Scott,10,14,71.43
Steven Harmon,5,7,71.43
Valerie Anderson,10,14,71.43
Justin Hess,5,7,71.43
Sheila Wilson,10,14,71.43
Melanie Murphy,5,7,71.43
Timothy Garrett,5,7,71.43
Brian Freeman,5,7,71.43
Ronald Jenkins,5,7,71.43
Ricardo Jones,5,7,71.43
Mariah Nelson,5,7,71.43
Susan Parks,5,7,71.43
Brandon Gomez,10,14,71.43
William Goodman,5,7,71.43
Ashlee Johnson,5,7,71.43
Jennifer Morse,5,7,71.43
Holly Castillo,5,7,71.43
Mary Washington,10,14,71.43
Lori Holt,5,7,71.43
Jordan Russell,5,7,71.43
Anthony Matthews,5,7,71.43
Diana Barnes,5,7,71.43
Kristin Robinson,5,7,71.43
Darrell Sanchez,5,7,71.43
Carrie Wright,5,7,71.43
Steven Carpenter,5,7,71.43
Nathan Arnold,5,7,71.43
Jacob Bryant,5,7,71.43
Ruth Thompson,5,7,71.43
Karen Price,10,14,71.43
Christine Gomez,5,7,71.43
Jonathan Holt,5,7,71.43
Andrew Mason,5,7,71.43
Rachel Aguilar,10,14,71.43
Pamela Mitchell,5,7,71.43
Patricia Fisher,5,7,71.43
Thomas Wise,5,7,71.43
Lisa Mccarthy,5,7,71.43
Gregory Anderson,15,21,71.43
Kimberly Barber,5,7,71.43
Alexander Robinson,10,14,71.43
Heather Carroll,5,7,71.43
Stephanie Watson,10,14,71.43
Andrew Patel,10,14,71.43
Monica Roberts,5,7,71.43
Steven Meyer,5,7,71.43
Elizabeth Wolf,5,7,71.43
Jared Hernandez,5,7,71.43
Ariel Smith,5,7,71.43
Angela Harper,5,7,71.43
Jeffrey Romero,10,14,71.43
Brent Garcia,5,7,71.43
Michael Ferrell,5,7,71.43
Melissa Howard,10,14,71.43
Elizabeth Olson,5,7,71.43
Amanda Hampton,5,7,71.43
Jessica Nielsen,5,7,71.43
John Ferguson,15,21,71.43
Bailey Johnson,5,7,71.43
Kevin Brooks,10,14,71.43
Paul Morales,5,7,71.43
Emily Morris,10,14,71.43
Juan Harris,5,7,71.43
Matthew Pham,5,7,71.43
Lori Martin,15,21,71.43
Brittany Ward,5,7,71.43
Andrew Mendez,5,7,71.43
Kevin Ware,5,7,71.43
Kelly Bradley,5,7,71.43
Blake Brown,5,7,71.43
Andrea Riley,5,7,71.43
Denise Robinson,5,7,71.43
Justin Mills,5,7,71.43
Mary Leonard,5,7,71.43
Sarah Preston,5,7,71.43
Anthony Holland,5,7,71.43
Nicole Manning,5,7,71.43
Matthew Robinson,35,49,71.43
Stacy Wright,5,7,71.43
James Tanner,5,7,71.43
Joshua Garcia,40,56,71.43
Barry Garcia,5,7,71.43
Teresa Phillips,5,7,71.43
Keith Ramirez,5,7,71.43
Toni Brown,5,7,71.43
David Everett,5,7,71.43
George Cook,5,7,71.43
Jacob Patterson,5,7,71.43
Joe Thomas,5,7,71.43
Joseph Bradley,10,14,71.43
Christopher Mcguire,5,7,71.43
Donna Bennett,5,7,71.43
Sheila Taylor,5,7,71.43
Lisa Le,5,7,71.43
Robert Pacheco,10,14,71.43
Daniel Grant,10,14,71.43
Kevin Watkins,5,7,71.43
Jason Mercado,5,7,71.43
John Spence,5,7,71.43
Jennifer Nichols,10,14,71.43
Jessica Fletcher,5,7,71.43
Patrick Simmons,5,7,71.43
Scott Ray,5,7,71.43
Laura Keller,5,7,71.43
Eric Hayes,10,14,71.43
David Matthews,10,14,71.43
Robert Savage,5,7,71.43
William Lane,10,14,71.43
Crystal Kelly,10,14,71.43
Heather Webster,5,7,71.43
Christine Aguilar,5,7,71.43
Patrick Harper,5,7,71.43
Stephanie Klein,5,7,71.43
Gary Kennedy,5,7,71.43
Joseph Leonard,5,7,71.43
Lisa Pittman,5,7,71.43
Angela Alexander,10,14,71.43
Jennifer Lawson,10,14,71.43
Laura Griffith,5,7,71.43
Megan Sanders,5,7,71.43
Amy Flores,15,21,71.43
Steven Fuller,5,7,71.43
Adam Duncan,5,7,71.43
Maria Mason,5,7,71.43
Richard Schultz,5,7,71.43
Margaret Barnes,5,7,71.43
Rebecca Casey,5,7,71.43
Lisa Myers,15,21,71.43
James Andrade,5,7,71.43
Michael Jarvis,5,7,71.43
Daniel Sanchez,20,28,71.43
Donald Sullivan,5,7,71.43
Courtney Ortiz,5,7,71.43
Sharon Howard,5,7,71.43
Samuel Phillips,5,7,71.43
Ashley Hanson,5,7,71.43
Elizabeth Snyder,5,7,71.43
Mark Bates,5,7,71.43
Amy Strickland,5,7,71.43
Linda Reed,5,7,71.43
Ashley Wagner,5,7,71.43
Bridget Smith,5,7,71.43
Elizabeth Tucker,5,7,71.43
Travis Meyer,5,7,71.43
Michelle Cox,15,21,71.43
Matthew Lyons,5,7,71.43
Sheila Williams,10,14,71.43
Charles Castro,5,7,71.43
Mary Chapman,5,7,71.43
Jason Rodgers,5,7,71.43
Bradley Sullivan,5,7,71.43
Megan Morgan,10,14,71.43
Todd Flores,5,7,71.43
Kelly Ruiz,5,7,71.43
Hannah Wright,5,7,71.43
Stephanie Fisher,10,14,71.43
Lauren Fernandez,5,7,71.43
Marcus Martin,5,7,71.43
Jacqueline Wood,5,7,71.43
Randy Gibson,5,7,71.43
Miguel Rodriguez,5,7,71.43
Jennifer Leblanc,5,7,71.43
Paul Walker,10,14,71.43
Sarah Duncan,5,7,71.43
Jessica Skinner,5,7,71.43
Melissa Lambert,5,7,71.43
Bobby Allen,5,7,71.43
Brian Thomas,35,49,71.43
Melissa Hampton,5,7,71.43
Angela Hanson,5,7,71.43
Sheila Martin,5,7,71.43
Linda Foster,5,7,71.43
Amanda Marquez,5,7,71.43
William Edwards,20,28,71.43
Jeffrey Hunt,5,7,71.43
Joseph Vazquez,5,7,71.43
Sarah Kelley,5,7,71.43
Susan Lloyd,5,7,71.43
Thomas Long,10,14,71.43
Daniel Beck,5,7,71.43
Jacob May,5,7,71.43
Julie Sullivan,5,7,71.43
Elizabeth Williamson,5,7,71.43
Angela Singh,5,7,71.43
Sean Hale,5,7,71.43
Robert Rowe,5,7,71.43
Kenneth Martin,15,21,71.43
Scott Munoz,5,7,71.43
Emily Mullins,5,7,71.43
Angela Barnett,5,7,71.43
Tracey Thompson,5,7,71.43
Robin Brooks,5,7,71.43
Donald Gutierrez,5,7,71.43
Shelly Martin,5,7,71.43
Justin Montgomery,5,7,71.43
John Sawyer,5,7,71.43
David Zimmerman,10,14,71.43
Brian Larson,5,7,71.43
Paul Collins,10,14,71.43
Daniel Villa,5,7,71.43
William Welch,5,7,71.43
Kyle Brown,30,42,71.43
Sandra Silva,5,7,71.43
William Mcdowell,5,7,71.43
Sandra Wagner,5,7,71.43
David Carroll,15,21,71.43
Mark Watson,10,14,71.43
Miguel Brown,5,7,71.43
Kenneth Ortiz,5,7,71.43
Amy Moses,5,7,71.43
Hannah Roberts,5,7,71.43
Sarah Kim,10,14,71.43
Jill Rodriguez,10,14,71.43
Evelyn Davis,5,7,71.43
Brandon Fowler,5,7,71.43
Samantha Henderson,5,7,71.43
Timothy Vega,5,7,71.43
Allison Allen,5,7,71.43
Jessica Beasley,5,7,71.43
Jason Vega,5,7,71.43
Theresa Stewart,5,7,71.43
John Brown,122,171,71.35
Michael Rodriguez,117,164,71.34
Timothy Johnson,87,122,71.31
Ryan Smith,82,115,71.3
Emily Smith,57,80,71.25
Stephanie Brown,57,80,71.25
Tiffany Smith,47,66,71.21
David Hall,47,66,71.21
Timothy Davis,42,59,71.19
Eric Garcia,42,59,71.19
Lisa Taylor,42,59,71.19
William Martin,42,59,71.19
Elizabeth Thomas,37,52,71.15
William Gonzalez,37,52,71.15
Michael Long,32,45,71.11
Ashley Lopez,32,45,71.11
William Allen,32,45,71.11
April Johnson,32,45,71.11
Stephanie Jones,59,83,71.08
Stacey Smith,27,38,71.05
Paul Anderson,27,38,71.05
Joseph Young,27,38,71.05
Sandra Davis,27,38,71.05
Peter Johnson,27,38,71.05
Jennifer Sullivan,27,38,71.05
Michelle Miller,49,69,71.01
Ashley Garcia,44,62,70.97
David Brooks,22,31,70.97
Nicholas Martinez,22,31,70.97
George Brown,22,31,70.97
William Flores,22,31,70.97
John Clark,44,62,70.97
Stephanie Adams,22,31,70.97
Amanda King,22,31,70.97
Mark Wright,22,31,70.97
Debra Williams,22,31,70.97
Randy Johnson,22,31,70.97
Joseph Collins,22,31,70.97
Alexis Brown,22,31,70.97
Eric Miller,44,62,70.97
Pamela Jones,22,31,70.97
Laura Allen,22,31,70.97
Sara Jones,22,31,70.97
John James,22,31,70.97
Angela Taylor,22,31,70.97
Lisa Mitchell,22,31,70.97
Charles Moore,22,31,70.97
Matthew Phillips,22,31,70.97
Thomas Brown,61,86,70.93
John Allen,39,55,70.91
Matthew Miller,73,103,70.87
Karen Lewis,17,24,70.83
Susan Walker,17,24,70.83
Stephanie Clark,17,24,70.83
Joshua Hill,17,24,70.83
Jennifer Wheeler,17,24,70.83
Karen Clark,17,24,70.83
Lisa Thomas,34,48,70.83
Joseph Morgan,17,24,70.83
Sara Davis,17,24,70.83
John Meyer,17,24,70.83
Jessica Lee,34,48,70.83
Nicholas Baker,17,24,70.83
Adam Davis,17,24,70.83
Angela Scott,17,24,70.83
Randy Jones,17,24,70.83
Leslie Williams,17,24,70.83
Jack Johnson,17,24,70.83
James Robertson,17,24,70.83
Natalie Jones,17,24,70.83
Sean Anderson,17,24,70.83
Christopher Hughes,17,24,70.83
Christopher Fernandez,17,24,70.83
Joshua Jones,68,96,70.83
Daniel Evans,17,24,70.83
Terry Jones,17,24,70.83
Daniel Roberts,17,24,70.83
Brian Taylor,34,48,70.83
Patrick Jackson,17,24,70.83
Sandra Taylor,17,24,70.83
Samantha Moore,17,24,70.83
Benjamin Taylor,17,24,70.83
Christopher Nelson,34,48,70.83
Melanie Brown,17,24,70.83
Lisa Reed,17,24,70.83
Lori Miller,17,24,70.83
Alicia Johnson,17,24,70.83
Cheryl Jones,17,24,70.83
Linda Williams,34,48,70.83
Lindsay Smith,17,24,70.83
Jennifer Ford,17,24,70.83
Steven Walker,17,24,70.83
Michael Perez,68,96,70.83
Joseph Jenkins,17,24,70.83
Kyle White,17,24,70.83
Rachel White,17,24,70.83
Mary King,17,24,70.83
Kathleen Anderson,17,24,70.83
Emily Allen,17,24,70.83
Ryan Lee,17,24,70.83
Maria Brown,34,48,70.83
Lisa Smith,114,161,70.81
Christopher Thomas,63,89,70.79
Michelle Jones,75,106,70.75
John Rivera,29,41,70.73
Joshua Young,29,41,70.73
Kimberly Harris,29,41,70.73
Ronald Jones,29,41,70.73
Maria Smith,58,82,70.73
John Ramirez,29,41,70.73
Dustin Smith,29,41,70.73
Adam Jones,29,41,70.73
Mary Perez,29,41,70.73
Jeffrey Smith,87,123,70.73
Jessica Scott,29,41,70.73
Andrea Williams,41,58,70.69
Daniel Lopez,41,58,70.69
Brian Rodriguez,41,58,70.69
Edward Smith,41,58,70.69
Andrea Smith,53,75,70.67
Michael Moore,89,126,70.63
Michelle Green,24,34,70.59
Melissa Jenkins,12,17,70.59
David Chavez,12,17,70.59
Robert Perry,12,17,70.59
Matthew Porter,12,17,70.59
Laura Nelson,12,17,70.59
John Moreno,12,17,70.59
David Pearson,12,17,70.59
Erin Taylor,12,17,70.59
Adrian Williams,12,17,70.59
Megan Ramirez,12,17,70.59
Joseph Jimenez,12,17,70.59
Timothy Cook,12,17,70.59
Michelle Russell,12,17,70.59
Christopher Lambert,12,17,70.59
Daniel Hunter,12,17,70.59
Matthew Mills,12,17,70.59
Nicholas Turner,12,17,70.59
Aaron Thompson,12,17,70.59
Kayla Rodriguez,12,17,70.59
Lisa Marshall,12,17,70.59
Richard Cooper,12,17,70.59
Richard Powell,12,17,70.59
Daniel Cooper,12,17,70.59
Jacqueline Thompson,12,17,70.59
Brian Fisher,12,17,70.59
Stephanie Moore,24,34,70.59
Nathan Miller,24,34,70.59
Ashley Patterson,12,17,70.59
Lori Lopez,12,17,70.59
William Price,12,17,70.59
Jeffrey Hicks,12,17,70.59
Ryan Turner,12,17,70.59
Jacqueline Martinez,12,17,70.59
Sarah Diaz,12,17,70.59
Lisa Jenkins,12,17,70.59
Nicole Murphy,12,17,70.59
Shannon Mitchell,12,17,70.59
Raymond Williams,12,17,70.59
Daniel Cook,12,17,70.59
Jared Brown,12,17,70.59
Debra Davis,12,17,70.59
Emily Peterson,12,17,70.59
Michael Bowman,12,17,70.59
Rebecca Sanders,12,17,70.59
Benjamin Wilson,12,17,70.59
Robert Weber,12,17,70.59
Jacqueline Jones,12,17,70.59
Ashley Edwards,12,17,70.59
Michael Stokes,12,17,70.59
Michael Cain,12,17,70.59
Amy Reyes,12,17,70.59
Jessica Mason,12,17,70.59
Lisa Gonzalez,48,68,70.59
Rodney Johnson,12,17,70.59
Melanie Johnson,12,17,70.59
Bradley Williams,12,17,70.59
Nicholas Green,12,17,70.59
Scott Ramirez,12,17,70.59
Michael Blake,12,17,70.59
James Hardy,12,17,70.59
Jennifer Powers,12,17,70.59
Andrea Allen,12,17,70.59
Timothy Franklin,12,17,70.59
Angela Peterson,12,17,70.59
Christopher Tucker,12,17,70.59
Jennifer Davidson,12,17,70.59
Christopher Cooper,24,34,70.59
Thomas Parker,12,17,70.59
Robert Stone,12,17,70.59
Jacob Roberts,12,17,70.59
Zachary Brown,24,34,70.59
Frank Miller,12,17,70.59
Anthony Watson,12,17,70.59
Jason Sullivan,12,17,70.59
Peter Rodriguez,12,17,70.59
Thomas Gomez,12,17,70.59
Amanda Cooper,12,17,70.59
Christopher Ellis,12,17,70.59
Mary Smith,108,153,70.59
Danielle Williams,36,51,70.59
Elizabeth Collins,12,17,70.59
Rachel Thomas,24,34,70.59
Nicole King,12,17,70.59
Ryan Williams,60,85,70.59
Michael Patton,12,17,70.59
Shawn Rodriguez,12,17,70.59
Timothy Graham,12,17,70.59
Christopher Rose,12,17,70.59
Michael Paul,12,17,70.59
Kenneth Ramirez,12,17,70.59
Matthew Weaver,12,17,70.59
Amy Bell,12,17,70.59
Brittany Stewart,12,17,70.59
Brian Flores,12,17,70.59
Amber Sanchez,12,17,70.59
Jason Cruz,12,17,70.59
Paul Williams,36,51,70.59
Joseph Patterson,12,17,70.59
Rebecca Torres,12,17,70.59
Theresa Johnson,24,34,70.59
Jennifer Wong,12,17,70.59
Michele Smith,24,34,70.59
Emily Perry,12,17,70.59
Michael Williamson,12,17,70.59
Matthew Clark,36,51,70.59
Patrick Perez,12,17,70.59
Stephanie Nguyen,12,17,70.59
Robert Bowman,12,17,70.59
Daniel Cruz,12,17,70.59
John Snyder,12,17,70.59
Gregory Scott,12,17,70.59
Joseph Wheeler,12,17,70.59
David Swanson,12,17,70.59
Michael Beck,12,17,70.59
Samuel Anderson,12,17,70.59
Brandon Ramirez,12,17,70.59
Melissa James,12,17,70.59
Nicole Martin,24,34,70.59
Steven Moore,24,34,70.59
Mary Rivera,12,17,70.59
Kimberly Watson,12,17,70.59
Eric Rivera,12,17,70.59
Susan Lewis,12,17,70.59
Justin Gray,12,17,70.59
Jessica Robertson,12,17,70.59
Steven Reed,12,17,70.59
Kristen Rodriguez,12,17,70.59
Christopher Mills,12,17,70.59
Andrea Phillips,12,17,70.59
Lauren Hill,12,17,70.59
Jason Gray,12,17,70.59
Joseph Ellis,12,17,70.59
Anthony Parker,12,17,70.59
Ronald Smith,48,68,70.59
Patrick Wilson,12,17,70.59
Jason Watson,12,17,70.59
Bruce Williams,12,17,70.59
James Andrews,12,17,70.59
Steven Lawson,12,17,70.59
Linda Young,12,17,70.59
Timothy Bailey,12,17,70.59
Ashley Smith,110,156,70.51
Nicholas Brown,55,78,70.51
Nicole Johnson,55,78,70.51
William Williams,98,139,70.5
Jessica White,43,61,70.49
Brandon Brown,43,61,70.49
Michael Rivera,43,61,70.49
Michelle Anderson,31,44,70.45
Brittany Jones,31,44,70.45
Benjamin Williams,31,44,70.45
Lisa Robinson,31,44,70.45
Catherine Smith,31,44,70.45
James Thompson,62,88,70.45
Larry Smith,31,44,70.45
Cynthia Anderson,19,27,70.37
Tyler Miller,19,27,70.37
Amber Taylor,19,27,70.37
Justin Hernandez,19,27,70.37
Bradley Miller,19,27,70.37
April Smith,38,54,70.37
Adam Gonzalez,19,27,70.37
David Greene,19,27,70.37
Todd Miller,19,27,70.37
Daniel Peterson,19,27,70.37
Christopher Butler,19,27,70.37
Ashley Wright,19,27,70.37
Paul Martin,19,27,70.37
Jessica Allen,19,27,70.37
Michael Mills,19,27,70.37
Jennifer Mcdonald,19,27,70.37
Christopher Gutierrez,19,27,70.37
Matthew Cooper,19,27,70.37
Emily Thomas,19,27,70.37
Sandra Wilson,19,27,70.37
Lauren Garcia,19,27,70.37
Monica Smith,38,54,70.37
Michael Chambers,19,27,70.37
Kenneth Gonzalez,19,27,70.37
Patrick Taylor,19,27,70.37
Christopher Cruz,19,27,70.37
Jennifer Kennedy,19,27,70.37
Michelle Wright,19,27,70.37
Elizabeth Rodriguez,38,54,70.37
Lisa Nguyen,19,27,70.37
Michael Brooks,38,54,70.37
Michelle Walker,19,27,70.37
Brenda Smith,38,54,70.37
Adam Garcia,19,27,70.37
Christopher Bell,19,27,70.37
David Ellis,19,27,70.37
Christopher Robinson,45,64,70.31
Jennifer King,45,64,70.31
Danielle Smith,45,64,70.31
Andrew Williams,71,101,70.3
Mark Smith,97,138,70.29
Justin Jackson,26,37,70.27
Anthony Martin,26,37,70.27
Jennifer Watson,26,37,70.27
James Evans,26,37,70.27
Susan Davis,26,37,70.27
William Hall,26,37,70.27
Charles Brown,52,74,70.27
Scott Thomas,26,37,70.27
Elizabeth Allen,26,37,70.27
Lisa Parker,26,37,70.27
Michael Price,26,37,70.27
Jason Jones,59,84,70.24
Robert Scott,33,47,70.21
Michael Bennett,33,47,70.21
Lisa Miller,66,94,70.21
Jonathan Brown,33,47,70.21
Paul Jones,33,47,70.21
Amanda Wilson,40,57,70.18
William Harris,40,57,70.18
John Phillips,40,57,70.18
Brandon Smith,80,114,70.18
Christopher Lopez,40,57,70.18
Nicole Smith,87,124,70.16
Cynthia Johnson,47,67,70.15
Matthew Anderson,47,67,70.15
Jessica Rodriguez,54,77,70.13
Matthew Smith,169,241,70.12
James White,68,97,70.1
Tammy Duncan,7,10,70.0
James Petty,7,10,70.0
Natalie Thompson,7,10,70.0
Caitlin Miller,7,10,70.0
Cassandra Williams,14,20,70.0
Michael Hull,7,10,70.0
Daniel Spencer,7,10,70.0
Nicole Rivera,14,20,70.0
Lisa Erickson,7,10,70.0
Andrew Ruiz,7,10,70.0
Kyle Bailey,7,10,70.0
Matthew Silva,7,10,70.0
Ashley Austin,7,10,70.0
Joseph Bailey,14,20,70.0
Rebecca Clark,14,20,70.0
Charles Lopez,21,30,70.0
Kelly Jimenez,7,10,70.0
Kristina Garcia,7,10,70.0
Cheryl Harris,7,10,70.0
Veronica Rodriguez,7,10,70.0
Matthew Ray,7,10,70.0
Douglas Hunter,7,10,70.0
Christopher Curtis,7,10,70.0
Kathryn Wood,7,10,70.0
Sean James,7,10,70.0
Tracy Phillips,7,10,70.0
James Reese,7,10,70.0
Janet Green,7,10,70.0
Samantha Ramirez,7,10,70.0
Donald Sanchez,7,10,70.0
Ann Clark,7,10,70.0
Anthony Burns,7,10,70.0
George Walker,7,10,70.0
Samuel Bell,7,10,70.0
William Pierce,7,10,70.0
Amy Howard,7,10,70.0
Joseph Higgins,7,10,70.0
Monica King,7,10,70.0
Daniel Reynolds,14,20,70.0
George Evans,7,10,70.0
Jessica Gordon,7,10,70.0
Charles Romero,7,10,70.0
Gary Thompson,7,10,70.0
Lisa Morrison,7,10,70.0
Gary Sanchez,7,10,70.0
Christine Kelly,7,10,70.0
Anthony Montgomery,7,10,70.0
Marissa Williams,7,10,70.0
Joshua Stephens,7,10,70.0
John Zimmerman,7,10,70.0
Ryan Morris,7,10,70.0
Ashley Ross,7,10,70.0
Alyssa Thompson,7,10,70.0
Steven Hunter,7,10,70.0
Anne Gonzalez,7,10,70.0
Leslie Harris,7,10,70.0
Eric Coleman,7,10,70.0
Bryan Cook,7,10,70.0
Ashley Graham,7,10,70.0
Robert Bauer,7,10,70.0
Sarah Ward,14,20,70.0
Mary Warren,7,10,70.0
Angela Bell,7,10,70.0
Melissa Chandler,7,10,70.0
Brian Harmon,7,10,70.0
Jay Jones,7,10,70.0
Elizabeth Dixon,7,10,70.0
Christina Diaz,7,10,70.0
Michael Wu,7,10,70.0
Alex Davis,7,10,70.0
Anthony Kim,7,10,70.0
Jennifer Doyle,7,10,70.0
Barbara Allen,7,10,70.0
Joel Anderson,7,10,70.0
Michelle Brooks,14,20,70.0
James Hoover,7,10,70.0
Amanda Mendez,7,10,70.0
Jennifer Sherman,7,10,70.0
Jennifer Malone,7,10,70.0
James Grant,14,20,70.0
Lisa Andrews,7,10,70.0
Gina Garcia,7,10,70.0
Melinda Davis,7,10,70.0
Kayla Coleman,7,10,70.0
Kathryn Hall,14,20,70.0
Todd Nelson,7,10,70.0
Mitchell Garcia,7,10,70.0
Angela Perez,14,20,70.0
Michael Mahoney,7,10,70.0
Brian Lane,7,10,70.0
Cynthia Hall,7,10,70.0
John Mcgee,7,10,70.0
David Graves,7,10,70.0
Matthew Little,7,10,70.0
James Ross,21,30,70.0
Melanie Martinez,7,10,70.0
Mary Kennedy,7,10,70.0
David Cannon,7,10,70.0
Eric Duncan,7,10,70.0
Megan Gomez,7,10,70.0
Cameron Thomas,7,10,70.0
Taylor Cox,7,10,70.0
Alison Anderson,7,10,70.0
Jeffrey Murphy,14,20,70.0
Anthony Wagner,7,10,70.0
Andre Smith,14,20,70.0
Melissa Crawford,7,10,70.0
Timothy Sanders,7,10,70.0
John Castro,14,20,70.0
Tiffany Lewis,7,10,70.0
Christopher Logan,7,10,70.0
Kimberly Mendez,7,10,70.0
Teresa Simmons,7,10,70.0
Charles Howard,7,10,70.0
Keith King,7,10,70.0
John Fleming,7,10,70.0
Ronald Nguyen,7,10,70.0
Karen Ellis,7,10,70.0
Kimberly Carpenter,7,10,70.0
Justin Chapman,7,10,70.0
Adam James,7,10,70.0
Aaron Hall,14,20,70.0
Michelle Butler,7,10,70.0
George Young,7,10,70.0
Susan Hicks,7,10,70.0
Lisa Tate,7,10,70.0
Jeremy Marshall,7,10,70.0
Brian Salazar,7,10,70.0
Jared Anderson,7,10,70.0
Margaret Hill,7,10,70.0
Steven Shaw,7,10,70.0
Elizabeth Bailey,7,10,70.0
Jeffrey Day,7,10,70.0
Kimberly Lewis,28,40,70.0
Melissa Arnold,7,10,70.0
Cynthia Simmons,7,10,70.0
Emily Graham,7,10,70.0
Donald Baker,7,10,70.0
Jennifer Wright,42,60,70.0
Robert Joseph,7,10,70.0
Kenneth Patterson,7,10,70.0
Jessica Walters,7,10,70.0
Robin Mitchell,7,10,70.0
Phillip Harris,7,10,70.0
Leslie Jackson,7,10,70.0
Nicole Marshall,7,10,70.0
Thomas Cruz,7,10,70.0
Katie Jones,14,20,70.0
Daniel Montgomery,7,10,70.0
Joseph Lewis,28,40,70.0
Maria Reed,7,10,70.0
Daniel Vargas,7,10,70.0
Amy Jimenez,7,10,70.0
Taylor Allen,7,10,70.0
William Moreno,7,10,70.0
Jamie Green,14,20,70.0
Teresa Robinson,7,10,70.0
Timothy Reynolds,7,10,70.0
Jennifer Newman,7,10,70.0
Timothy Green,21,30,70.0
Sharon Baker,7,10,70.0
Mark Baker,14,20,70.0
Jessica Thompson,35,50,70.0
Christina Morgan,7,10,70.0
Christina Parker,7,10,70.0
Nicholas Cox,7,10,70.0
Brian May,7,10,70.0
Cynthia Lewis,14,20,70.0
Brian Mitchell,14,20,70.0
Brian Jennings,7,10,70.0
Jasmine Gonzalez,7,10,70.0
Christopher Gilbert,7,10,70.0
Shawn Turner,7,10,70.0
Charles Baker,14,20,70.0
Kathleen Lewis,7,10,70.0
Thomas Rice,7,10,70.0
James Alvarado,7,10,70.0
Stephanie Berry,7,10,70.0
Sarah Ray,7,10,70.0
Christopher Newman,7,10,70.0
Elizabeth Williams,77,110,70.0
Richard Ortiz,7,10,70.0
Christopher Vaughn,7,10,70.0
Charles George,7,10,70.0
Trevor Brown,7,10,70.0
Virginia Johnson,7,10,70.0
Dawn Evans,7,10,70.0
David Wheeler,7,10,70.0
Catherine Nelson,7,10,70.0
Richard Pearson,7,10,70.0
Diana Nguyen,7,10,70.0
Tina Harris,7,10,70.0
Michael Stafford,7,10,70.0
Jacob Freeman,7,10,70.0
Rhonda Thomas,7,10,70.0
Alexis Young,7,10,70.0
Jennifer Alvarado,7,10,70.0
Charles Morgan,7,10,70.0
Tammy Bell,7,10,70.0
Lisa Matthews,7,10,70.0
Jonathan Cruz,7,10,70.0
Christina Williams,49,70,70.0
Julie Wood,7,10,70.0
Daniel Day,7,10,70.0
Megan Hill,7,10,70.0
Michael Tate,7,10,70.0
Anthony Moore,28,40,70.0
Kimberly Walters,7,10,70.0
Michelle Harper,7,10,70.0
Michael Gallagher,14,20,70.0
Kathy Rodriguez,7,10,70.0
Angela Bennett,7,10,70.0
Tony Johnson,14,20,70.0
Jonathan Vargas,7,10,70.0
Donna Morgan,7,10,70.0
Zachary Young,7,10,70.0
Amy Jacobs,7,10,70.0
Shawn Martinez,7,10,70.0
Colleen Brown,7,10,70.0
Rachel Cox,7,10,70.0
Janet Hernandez,7,10,70.0
Robert Hubbard,7,10,70.0
Anthony Watkins,7,10,70.0
Jessica Hunter,7,10,70.0
James Hale,7,10,70.0
Brian Foster,14,20,70.0
Daniel Payne,7,10,70.0
Stephen Butler,7,10,70.0
Bruce Davis,7,10,70.0
Steven Snyder,7,10,70.0
Pamela Sullivan,7,10,70.0
Sarah Rogers,14,20,70.0
Edward Black,7,10,70.0
Jennifer Pineda,7,10,70.0
Shannon Taylor,14,20,70.0
Dustin Rodriguez,7,10,70.0
Alexandra Martinez,7,10,70.0
Kenneth Wallace,7,10,70.0
Christopher Robbins,7,10,70.0
Angela Wallace,7,10,70.0
Linda Ruiz,7,10,70.0
Sara Cruz,7,10,70.0
Aaron Baker,7,10,70.0
John Kramer,7,10,70.0
Melissa Garza,7,10,70.0
Emily Hayes,7,10,70.0
Sean Adams,7,10,70.0
Mary Snyder,7,10,70.0
Jennifer Floyd,7,10,70.0
Alison Miller,7,10,70.0
Jacqueline Morris,7,10,70.0
Nicholas Robertson,7,10,70.0
John Harper,7,10,70.0
Amanda Young,28,40,70.0
Brittany Hughes,7,10,70.0
Jeffery Anderson,7,10,70.0
Denise Davis,14,20,70.0
Rodney Williams,7,10,70.0
Amanda Lawson,7,10,70.0
Stephanie Zimmerman,7,10,70.0
Joseph Thompson,35,50,70.0
Douglas Stewart,7,10,70.0
William Ferguson,7,10,70.0
John Beasley,7,10,70.0
Kimberly Aguilar,7,10,70.0
Rebecca Bailey,7,10,70.0
Robert Parks,7,10,70.0
Deborah Kelly,7,10,70.0
Cynthia Howell,7,10,70.0
Nicholas Wood,7,10,70.0
Dylan Garcia,7,10,70.0
Paul Long,7,10,70.0
Joseph Henderson,14,20,70.0
Nicole Berry,7,10,70.0
Pamela Barnes,7,10,70.0
Angel Thomas,7,10,70.0
Alan Williams,14,20,70.0
Connor Johnson,7,10,70.0
Jacob Rodriguez,14,20,70.0
Phillip Wright,7,10,70.0
Deborah Garcia,14,20,70.0
Lisa Carrillo,7,10,70.0
Benjamin Phillips,7,10,70.0
Brandon Ross,7,10,70.0
John Robbins,7,10,70.0
John Cohen,7,10,70.0
Jordan Griffin,7,10,70.0
Joseph Spencer,7,10,70.0
Tara Moore,7,10,70.0
Monica Brown,21,30,70.0
Troy Perez,7,10,70.0
Zachary Roberts,7,10,70.0
Nicole Munoz,7,10,70.0
Deborah Flores,7,10,70.0
Linda Cox,7,10,70.0
Alexandra Williams,14,20,70.0
Lisa West,7,10,70.0
Christina Thompson,14,20,70.0
Stephen Stevens,7,10,70.0
Joshua Gray,7,10,70.0
Tina Wright,7,10,70.0
Beth Wilson,7,10,70.0
Christopher Garrett,7,10,70.0
Mary Berry,7,10,70.0
Julie Gutierrez,7,10,70.0
Rebecca Reyes,7,10,70.0
David Aguilar,14,20,70.0
Stanley Smith,7,10,70.0
Paul Myers,7,10,70.0
Ian Thomas,7,10,70.0
Lisa Schroeder,7,10,70.0
Michelle Hernandez,35,50,70.0
Richard Gonzales,7,10,70.0
Lisa Austin,7,10,70.0
William Rios,7,10,70.0
Anna Young,14,20,70.0
Cassandra Moore,7,10,70.0
Larry Adams,7,10,70.0
Erica Torres,7,10,70.0
Andrea Torres,7,10,70.0
Brian Ray,7,10,70.0
William Black,7,10,70.0
Anna Bennett,7,10,70.0
Hannah Murphy,7,10,70.0
Michael Shields,7,10,70.0
Gregory Berry,7,10,70.0
Stephanie Brooks,7,10,70.0
Patricia Romero,7,10,70.0
Jennifer Fleming,7,10,70.0
Michael Bautista,7,10,70.0
Joel Thomas,7,10,70.0
Brian Crawford,7,10,70.0
Andrew Morrison,7,10,70.0
Ashley Greene,7,10,70.0
Courtney Adams,7,10,70.0
Brandy Thompson,7,10,70.0
Nancy Harris,7,10,70.0
Whitney Johnson,14,20,70.0
Kelly Powell,7,10,70.0
Brenda Coleman,7,10,70.0
Steven Lynch,7,10,70.0
Jon Brown,7,10,70.0
Daniel Rivera,21,30,70.0
David Grimes,7,10,70.0
Catherine Moore,7,10,70.0
Brittany Fisher,7,10,70.0
Susan Jordan,7,10,70.0
Nicholas Richardson,7,10,70.0
Jesse Johnson,21,30,70.0
Vanessa Moore,7,10,70.0
Matthew Parks,7,10,70.0
Brian Alvarez,7,10,70.0
Kimberly Bennett,7,10,70.0
Timothy Welch,7,10,70.0
Carrie Allen,7,10,70.0
Jonathan Mendoza,7,10,70.0
Dennis Rodriguez,7,10,70.0
Samuel Murphy,7,10,70.0
Kenneth Brooks,7,10,70.0
Stephen Rivera,7,10,70.0
Vanessa Miller,14,20,70.0
Morgan Garcia,7,10,70.0
Kimberly Sullivan,7,10,70.0
Thomas Nelson,14,20,70.0
Heather Cooper,7,10,70.0
Jennifer Todd,7,10,70.0
Nicole James,7,10,70.0
Mary Cross,7,10,70.0
Paul Greene,7,10,70.0
Eric Powell,7,10,70.0
Edward Nelson,7,10,70.0
Kimberly Williams,70,100,70.0
William Cooper,14,20,70.0
Linda Diaz,7,10,70.0
Richard Stephens,7,10,70.0
Brandi Moore,7,10,70.0
Tyler Moore,14,20,70.0
Cynthia Foster,7,10,70.0
Robin Nelson,7,10,70.0
Susan Richardson,7,10,70.0
Michael Wilkinson,7,10,70.0
Cheryl Wright,7,10,70.0
Edward Lee,14,20,70.0
Christopher Bowers,7,10,70.0
Heather Sanders,7,10,70.0
Robert Contreras,7,10,70.0
Ryan Crawford,7,10,70.0
Juan Wilson,7,10,70.0
Alexandra Gonzalez,7,10,70.0
Brandy Lee,7,10,70.0
Kathleen Roberts,7,10,70.0
Kelly Cole,7,10,70.0
Gregory Henderson,7,10,70.0
Robin Harris,7,10,70.0
Michael Gutierrez,21,30,70.0
Ashley Watkins,7,10,70.0
Sara Morgan,7,10,70.0
Joshua Thompson,28,40,70.0
Lisa Jensen,7,10,70.0
Mark Washington,7,10,70.0
Anthony Quinn,7,10,70.0
Brittany Cook,7,10,70.0
Christian Anderson,7,10,70.0
Mary Lynch,7,10,70.0
Ronald Martin,14,20,70.0
Lauren Hall,7,10,70.0
Donald Lee,7,10,70.0
Scott Barnes,7,10,70.0
Angela Gibson,7,10,70.0
Stephanie Washington,7,10,70.0
Juan Jackson,7,10,70.0
Jennifer Griffin,14,20,70.0
Michael Schaefer,7,10,70.0
Stephen Gibson,7,10,70.0
Kenneth Hunt,7,10,70.0
Kelly Ellis,7,10,70.0
Cynthia Nguyen,7,10,70.0
Rachel Davis,28,40,70.0
Rachel Bailey,7,10,70.0
Robert Perkins,7,10,70.0
Richard Medina,7,10,70.0
Brandon Sanders,7,10,70.0
Michael Melendez,7,10,70.0
William Sullivan,14,20,70.0
Samuel Hall,7,10,70.0
Rita Smith,7,10,70.0
Alexandra Lopez,7,10,70.0
Richard Greene,7,10,70.0
Kelly Ward,7,10,70.0
Paul Griffin,7,10,70.0
Scott Lee,14,20,70.0
Elizabeth Nichols,7,10,70.0
Christopher Parks,7,10,70.0
Nicole Miller,49,70,70.0
Craig Miller,14,20,70.0
Ashley Williamson,7,10,70.0
Diane Scott,7,10,70.0
Eric Cooper,7,10,70.0
Brian Hudson,7,10,70.0
Lisa Washington,7,10,70.0
Daniel Parks,7,10,70.0
Crystal Myers,7,10,70.0
Sharon Peterson,7,10,70.0
Charles Sanchez,14,20,70.0
Albert Smith,7,10,70.0
Elizabeth Obrien,7,10,70.0
Shannon Torres,7,10,70.0
Christopher Krueger,7,10,70.0
Jose Martin,14,20,70.0
Joseph Williamson,7,10,70.0
James Hart,7,10,70.0
Brooke Ramirez,7,10,70.0
James Villa,7,10,70.0
Jeffrey Jackson,28,40,70.0
Philip Anderson,7,10,70.0
Alejandro Brown,7,10,70.0
Thomas Hayes,7,10,70.0
Alicia Jones,14,20,70.0
Melissa Neal,7,10,70.0
Gina Lopez,7,10,70.0
Chelsea Moore,7,10,70.0
Christian Moore,7,10,70.0
Jennifer Pope,7,10,70.0
Daniel Juarez,7,10,70.0
Jeffrey Howell,7,10,70.0
Alison Brown,7,10,70.0
Kimberly Evans,14,20,70.0
Charles Knight,7,10,70.0
Chelsea Martin,7,10,70.0
Ryan Austin,7,10,70.0
Timothy Jensen,7,10,70.0
Mark Walker,14,20,70.0
Sandra Stewart,7,10,70.0
Terry Nelson,7,10,70.0
Timothy Herrera,7,10,70.0
Jeffrey Gonzales,7,10,70.0
Paul Marshall,7,10,70.0
Keith Scott,7,10,70.0
Alexander Sanchez,7,10,70.0
Amber Lee,7,10,70.0
Andrew Garza,7,10,70.0
Krystal Smith,14,20,70.0
Debra Allen,7,10,70.0
Sarah Henry,7,10,70.0
John Hanson,14,20,70.0
Kyle Cooper,7,10,70.0
Alexis Garcia,7,10,70.0
Daniel Jordan,14,20,70.0
John Fields,14,20,70.0
Tiffany King,7,10,70.0
Kimberly Reyes,7,10,70.0
Caitlin Davis,7,10,70.0
Edward Jordan,7,10,70.0
Cynthia Powell,7,10,70.0
Justin Butler,7,10,70.0
Steven Collins,7,10,70.0
Richard Meyer,7,10,70.0
Donna Phillips,7,10,70.0
Jason Morrison,7,10,70.0
Jason Riley,7,10,70.0
Katherine Jones,21,30,70.0
Amber Williams,28,40,70.0
Matthew Mcdaniel,7,10,70.0
Thomas Gonzalez,21,30,70.0
Michael Buckley,7,10,70.0
Valerie Perez,7,10,70.0
Amy Ryan,7,10,70.0
Anna Mitchell,7,10,70.0
Denise Scott,7,10,70.0
Amber Foster,7,10,70.0
Alexandria Johnson,7,10,70.0
Brandy Davis,7,10,70.0
Elizabeth Stone,7,10,70.0
Victoria Hill,7,10,70.0
Dylan Rodriguez,7,10,70.0
Ashley Ray,7,10,70.0
John Fuentes,7,10,70.0
Amy Hicks,7,10,70.0
Michael Howe,7,10,70.0
Jordan Davis,21,30,70.0
Victoria Jackson,14,20,70.0
Catherine Mitchell,7,10,70.0
Joshua Reid,7,10,70.0
George Rogers,7,10,70.0
Zachary Baker,7,10,70.0
James Schwartz,7,10,70.0
Courtney Lopez,7,10,70.0
Joseph Little,7,10,70.0
Jonathan Roberts,7,10,70.0
Craig Wilson,7,10,70.0
Justin Graham,7,10,70.0
Richard Harrison,7,10,70.0
Elizabeth Turner,14,20,70.0
Lauren Porter,7,10,70.0
Pamela Cooper,7,10,70.0
Brandon Nelson,7,10,70.0
Heather Harrison,7,10,70.0
Patricia Nelson,7,10,70.0
Kathy Wright,7,10,70.0
Nicole Kim,7,10,70.0
Amy Warren,7,10,70.0
James Hoffman,14,20,70.0
Robert Taylor,63,90,70.0
Annette Garcia,7,10,70.0
Gary Perez,7,10,70.0
Alexander Russell,7,10,70.0
Joseph Day,7,10,70.0
Eric Lane,7,10,70.0
Bryan Peterson,7,10,70.0
Rachel Diaz,7,10,70.0
Jason Hayes,7,10,70.0
Amanda Castillo,7,10,70.0
Karen Rivera,7,10,70.0
Jason Grant,7,10,70.0
Brittany Wright,14,20,70.0
Michelle Bowman,7,10,70.0
Heather Coleman,7,10,70.0
Christopher Duran,7,10,70.0
Benjamin Parker,7,10,70.0
Thomas Gordon,7,10,70.0
William Rose,7,10,70.0
Miranda Brown,7,10,70.0
William Cain,7,10,70.0
Kevin Hill,14,20,70.0
Brett Carter,7,10,70.0
Catherine Reynolds,7,10,70.0
William Boyd,7,10,70.0
Rachael Smith,7,10,70.0
George Ramirez,7,10,70.0
Timothy Cole,7,10,70.0
Vanessa Johnson,21,30,70.0
Angela Hayes,7,10,70.0
Angela Rose,7,10,70.0
Tiffany Perez,7,10,70.0
Andrew Townsend,7,10,70.0
Stephanie Carpenter,7,10,70.0
Sarah Miller,56,80,70.0
Teresa Harris,7,10,70.0
Teresa Rodriguez,14,20,70.0
Christopher Dominguez,7,10,70.0
Robert Douglas,7,10,70.0
James Valencia,7,10,70.0
Richard Palmer,7,10,70.0
Cynthia Hill,7,10,70.0
Jeffrey West,7,10,70.0
Scott Robinson,14,20,70.0
Andrea Kim,7,10,70.0
Julie Roberts,7,10,70.0
Michelle Hunt,7,10,70.0
Michelle Kim,7,10,70.0
Tyler Nguyen,7,10,70.0
Michael Reilly,7,10,70.0
Alan Johnson,14,20,70.0
Ashley James,7,10,70.0
Linda Robinson,7,10,70.0
Cameron Martin,7,10,70.0
Andrew Reed,14,20,70.0
Aaron Jackson,14,20,70.0
Paul Alexander,7,10,70.0
Sara Cook,7,10,70.0
Ashley Schwartz,7,10,70.0
Alexander Perez,7,10,70.0
Laura Wells,7,10,70.0
Melissa Turner,14,20,70.0
Katie King,7,10,70.0
Karen Thompson,14,20,70.0
Victoria Evans,7,10,70.0
Amanda Perkins,7,10,70.0
Jonathan Bishop,7,10,70.0
Samuel Perez,7,10,70.0
Heather Reyes,7,10,70.0
David Shannon,7,10,70.0
Lisa Rhodes,7,10,70.0
Ashley Mcdonald,7,10,70.0
Paul Gonzales,7,10,70.0
Jennifer Avila,7,10,70.0
Elizabeth Owens,7,10,70.0
Denise Evans,7,10,70.0
Tiffany Barnes,7,10,70.0
Christopher Guerra,7,10,70.0
Charles Moreno,7,10,70.0
Ryan Harvey,7,10,70.0
Rodney Taylor,7,10,70.0
Jennifer Oconnor,7,10,70.0
Kaitlyn Lee,7,10,70.0
Charles Tucker,7,10,70.0
Jessica Reed,21,30,70.0
Barbara Wright,7,10,70.0
William Caldwell,7,10,70.0
Frank Moore,7,10,70.0
Brittany Green,7,10,70.0
Erin Cooper,7,10,70.0
Michael Everett,7,10,70.0
Kevin Sanders,7,10,70.0
Ashley Schultz,7,10,70.0
Patricia Murphy,7,10,70.0
Brian Howard,14,20,70.0
Kevin Perez,21,30,70.0
Jacob Reynolds,7,10,70.0
Mark Caldwell,7,10,70.0
Jamie Parker,7,10,70.0
John Patrick,7,10,70.0
Samantha Reynolds,7,10,70.0
William Garrett,7,10,70.0
Jonathan Palmer,7,10,70.0
Robert Holland,14,20,70.0
Andrea Ellis,7,10,70.0
Evan Moore,7,10,70.0
John Willis,14,20,70.0
Kevin Morris,14,20,70.0
Keith Robinson,7,10,70.0
Andrew Ellis,7,10,70.0
Christopher Pratt,7,10,70.0
Ashley Lambert,7,10,70.0
Nicole Griffin,7,10,70.0
Lori King,7,10,70.0
Mary Brewer,7,10,70.0
Linda Adams,7,10,70.0
James Monroe,7,10,70.0
Kathleen Campbell,7,10,70.0
Katherine Nguyen,7,10,70.0
James Mueller,7,10,70.0
Julie West,7,10,70.0
Nicholas Perry,7,10,70.0
Cassandra Wilson,7,10,70.0
Jacob Howard,7,10,70.0
Susan Turner,7,10,70.0
David Davila,7,10,70.0
Brian Fowler,7,10,70.0
Michael Calderon,7,10,70.0
Robert Sims,7,10,70.0
Angela Barnes,7,10,70.0
Kimberly Fitzgerald,7,10,70.0
Monica Jones,14,20,70.0
Phyllis Smith,7,10,70.0
Pamela Lopez,7,10,70.0
Marie Sanchez,7,10,70.0
Stephanie Harrison,7,10,70.0
Gina Davis,7,10,70.0
Jeffrey Knight,7,10,70.0
Matthew Garner,7,10,70.0
Samantha Cruz,7,10,70.0
Amy Burns,7,10,70.0
Sarah Cox,7,10,70.0
Jamie Coleman,7,10,70.0
John Banks,7,10,70.0
Sarah Aguilar,7,10,70.0
Cynthia Ellis,7,10,70.0
Paul Turner,7,10,70.0
Rebecca Marshall,7,10,70.0
Jamie Lewis,7,10,70.0
Justin Snyder,7,10,70.0
Steven Estrada,7,10,70.0
Susan Evans,7,10,70.0
Jessica Harvey,7,10,70.0
Joseph Fuller,7,10,70.0
Kathryn Garcia,14,20,70.0
Gregory Cox,7,10,70.0
Samantha Smith,56,80,70.0
Laura Davis,28,40,70.0
Angela Chavez,7,10,70.0
Mary Marshall,7,10,70.0
Peter Harris,7,10,70.0
Andrew Stephens,7,10,70.0
Jennifer Webster,7,10,70.0
Darlene Smith,7,10,70.0
Melissa Mills,7,10,70.0
Jose Mitchell,7,10,70.0
Jason Howell,7,10,70.0
Joseph Nelson,28,40,70.0
Jared Taylor,7,10,70.0
Benjamin Sanchez,7,10,70.0
Michelle Oconnor,7,10,70.0
Christopher Ray,7,10,70.0
Timothy Sullivan,14,20,70.0
Gary Baker,7,10,70.0
Laura Andrews,7,10,70.0
Michael Waller,7,10,70.0
Henry Wilson,7,10,70.0
Kathy Thompson,7,10,70.0
Jessica Hanson,7,10,70.0
Matthew Campbell,28,40,70.0
Amanda Rhodes,7,10,70.0
Lisa Reese,7,10,70.0
Michelle Gross,7,10,70.0
Nancy Howard,7,10,70.0
Leslie Lopez,7,10,70.0
Brittany Reyes,7,10,70.0
Elizabeth Pacheco,7,10,70.0
Amy Hudson,7,10,70.0
Michael Quinn,14,20,70.0
Stephanie Perry,7,10,70.0
Amanda Smith,107,153,69.93
Joshua Johnson,86,123,69.92
Michael Martinez,116,166,69.88
Matthew Gonzalez,37,53,69.81
Daniel Thompson,37,53,69.81
Stephanie Garcia,37,53,69.81
John Young,37,53,69.81
James Ramirez,37,53,69.81
John Roberts,37,53,69.81
David Roberts,37,53,69.81
Timothy Smith,97,139,69.78
Erica Johnson,30,43,69.77
Sarah Jackson,30,43,69.77
Jason Thomas,30,43,69.77
Laura Martin,30,43,69.77
Mark Taylor,30,43,69.77
Anthony Green,23,33,69.7
Elizabeth Scott,23,33,69.7
Amy Young,23,33,69.7
Jacob Davis,23,33,69.7
Danielle Jones,23,33,69.7
Christopher Perry,23,33,69.7
Kevin Wright,23,33,69.7
Thomas Lewis,23,33,69.7
Diane Smith,23,33,69.7
Sheila Smith,23,33,69.7
Robert Reed,23,33,69.7
Mark Hernandez,23,33,69.7
John Parker,23,33,69.7
Christopher Cook,23,33,69.7
Brian Baker,23,33,69.7
Lisa Morris,23,33,69.7
Michael Castillo,23,33,69.7
Elizabeth Perez,23,33,69.7
Susan Thomas,23,33,69.7
Benjamin Miller,23,33,69.7
Maria Davis,23,33,69.7
Robert Ross,23,33,69.7
Andrew Garcia,39,56,69.64
Michael Howard,39,56,69.64
James Robinson,39,56,69.64
Megan Williams,39,56,69.64
Daniel Martinez,39,56,69.64
Sarah Allen,16,23,69.57
Michelle Morris,16,23,69.57
Christopher Kennedy,16,23,69.57
Elizabeth Phillips,16,23,69.57
Joseph Powell,16,23,69.57
James Collins,32,46,69.57
Robert Wallace,16,23,69.57
Lisa Foster,16,23,69.57
Jose Moore,16,23,69.57
David Rivera,32,46,69.57
Robert Ortiz,16,23,69.57
Maria White,16,23,69.57
Gary Taylor,16,23,69.57
Allen Smith,16,23,69.57
James Washington,16,23,69.57
Jessica Chavez,16,23,69.57
Mark Myers,16,23,69.57
Heather Thompson,16,23,69.57
Michael Ray,16,23,69.57
Scott Green,16,23,69.57
Tracy Johnson,32,46,69.57
Karen Thomas,16,23,69.57
Christopher Reynolds,16,23,69.57
Ryan Garcia,16,23,69.57
Robert Jordan,16,23,69.57
Tina Moore,16,23,69.57
Joseph Myers,16,23,69.57
Andrea Thomas,16,23,69.57
Joseph Cruz,16,23,69.57
Rachel Robinson,16,23,69.57
Tina Wilson,16,23,69.57
Jeffrey Wright,16,23,69.57
Michael Walters,16,23,69.57
Kenneth Green,16,23,69.57
Jessica Russell,16,23,69.57
Matthew Jordan,16,23,69.57
Scott Harris,16,23,69.57
Matthew Wood,16,23,69.57
Matthew Bryant,16,23,69.57
Scott Wright,16,23,69.57
Amber Wilson,16,23,69.57
Matthew Brooks,16,23,69.57
Donna Garcia,16,23,69.57
Frank Williams,16,23,69.57
Anthony Edwards,16,23,69.57
Mary Kelly,16,23,69.57
David Hoffman,16,23,69.57
William Long,16,23,69.57
Megan Robinson,16,23,69.57
Robert Chavez,16,23,69.57
Derek Brown,16,23,69.57
Daniel Henderson,16,23,69.57
Jennifer Marshall,16,23,69.57
Daniel Stevens,16,23,69.57
David Owens,16,23,69.57
Timothy Scott,16,23,69.57
Juan Smith,16,23,69.57
John Riley,16,23,69.57
Travis Johnson,16,23,69.57
Joshua Nelson,16,23,69.57
James Nichols,16,23,69.57
Steven Sanchez,16,23,69.57
Michael Carr,16,23,69.57
Jennifer Arnold,16,23,69.57
Crystal Miller,16,23,69.57
Christopher Perez,41,59,69.49
Keith Smith,41,59,69.49
Elizabeth Johnson,82,118,69.49
Elizabeth Brown,66,95,69.47
Paul Garcia,25,36,69.44
Veronica Smith,25,36,69.44
Andrew Clark,25,36,69.44
Matthew Wilson,50,72,69.44
William Sanchez,25,36,69.44
Jose Williams,25,36,69.44
James Morris,25,36,69.44
David Simmons,25,36,69.44
Michael Reynolds,25,36,69.44
John Collins,25,36,69.44
Julie Anderson,25,36,69.44
Michael Graham,25,36,69.44
Eric Lewis,25,36,69.44
Jacob Garcia,25,36,69.44
Christine Smith,59,85,69.41
Anthony Wilson,34,49,69.39
Christopher Walker,43,62,69.35
Thomas Martinez,43,62,69.35
David Perez,43,62,69.35
Kelly Williams,43,62,69.35
Christopher Williams,113,163,69.33
David Robinson,52,75,69.33
Christopher Martin,61,88,69.32
Jennifer Thompson,61,88,69.32
Richard Brown,61,88,69.32
Mark Fox,9,13,69.23
Christina Carter,9,13,69.23
Julia Jackson,9,13,69.23
Chad Thompson,9,13,69.23
James Holmes,18,26,69.23
Mary Mitchell,18,26,69.23
Tammy Gonzalez,9,13,69.23
Ann Davis,9,13,69.23
Christine Phillips,9,13,69.23
Larry Davis,9,13,69.23
Michael Hanson,18,26,69.23
Jennifer Thomas,63,91,69.23
Mary Black,9,13,69.23
Shawn Lee,9,13,69.23
Andrew Simmons,9,13,69.23
Zachary Ramirez,9,13,69.23
Caleb Johnson,9,13,69.23
Jeffrey Peterson,9,13,69.23
Jennifer Sharp,9,13,69.23
Christine Rogers,9,13,69.23
Deborah Moore,9,13,69.23
Christopher Richards,9,13,69.23
Jessica Williamson,9,13,69.23
Michelle Henry,9,13,69.23
David Holmes,9,13,69.23
Lisa Tran,9,13,69.23
Jason Hamilton,9,13,69.23
Kimberly Patel,9,13,69.23
Kevin Ray,9,13,69.23
Daniel Hudson,9,13,69.23
Ashley Jimenez,9,13,69.23
Michael Lin,9,13,69.23
Katrina Johnson,9,13,69.23
Lauren Mitchell,9,13,69.23
James Wong,9,13,69.23
Joshua Snyder,9,13,69.23
Jessica Bush,9,13,69.23
Christine Nelson,9,13,69.23
Christopher Haynes,9,13,69.23
Joshua Mckinney,9,13,69.23
Kathleen Williams,18,26,69.23
Brandon Medina,9,13,69.23
Joseph Johnston,9,13,69.23
Amanda Myers,9,13,69.23
Gary Wright,9,13,69.23
Robert Lowe,9,13,69.23
Ryan Jackson,18,26,69.23
Misty Jones,9,13,69.23
Nicole Long,9,13,69.23
Steven Harris,18,26,69.23
Christopher Collins,27,39,69.23
Eric Cook,9,13,69.23
Melissa Soto,9,13,69.23
Leah Williams,9,13,69.23
Paul Russell,9,13,69.23
Joseph Gonzalez,27,39,69.23
Phillip Miller,9,13,69.23
Thomas Watson,9,13,69.23
Sheri Johnson,9,13,69.23
Nicholas Gutierrez,9,13,69.23
Veronica Garcia,9,13,69.23
Jason Mason,9,13,69.23
Pamela Brown,27,39,69.23
Megan Baker,9,13,69.23
Cheryl Martin,9,13,69.23
Kathleen Cruz,9,13,69.23
John May,9,13,69.23
David French,9,13,69.23
Steven Perez,18,26,69.23
Ashley Porter,9,13,69.23
Jacob Young,9,13,69.23
Jennifer Harrison,18,26,69.23
Jamie Morgan,9,13,69.23
Jennifer Duncan,9,13,69.23
Stacey Thomas,9,13,69.23
Linda Taylor,9,13,69.23
Bethany Brown,9,13,69.23
Amanda Cole,9,13,69.23
Amy Perez,18,26,69.23
Maria Adams,9,13,69.23
Stephanie Marshall,9,13,69.23
Eric Bell,9,13,69.23
Kenneth Parker,9,13,69.23
Keith Wright,9,13,69.23
Timothy Baker,18,26,69.23
Tammy Campbell,9,13,69.23
Matthew Hunter,9,13,69.23
Ashley Bennett,9,13,69.23
Richard Reyes,9,13,69.23
Matthew Fernandez,9,13,69.23
David Higgins,9,13,69.23
Robert Walsh,9,13,69.23
Sarah Stewart,18,26,69.23
Diana Thomas,9,13,69.23
Kimberly Campbell,18,26,69.23
Nicole Wood,9,13,69.23
Jessica Moreno,9,13,69.23
William Vazquez,9,13,69.23
Andrea Parker,9,13,69.23
Nicholas Collins,9,13,69.23
Cindy Jackson,9,13,69.23
Patricia Roberts,9,13,69.23
Jason Gutierrez,9,13,69.23
Tanya Taylor,9,13,69.23
Jessica Coleman,9,13,69.23
Steven Griffin,9,13,69.23
Robert Brooks,18,26,69.23
Jay Brown,9,13,69.23
Shawn Harris,9,13,69.23
Lee Williams,9,13,69.23
Donald Taylor,9,13,69.23
Joshua Long,9,13,69.23
Linda Murphy,9,13,69.23
Linda Stewart,9,13,69.23
Christopher Moss,9,13,69.23
Nicole Herrera,9,13,69.23
Danielle Rodriguez,18,26,69.23
Tiffany Brown,27,39,69.23
Diana White,9,13,69.23
Donald Anderson,9,13,69.23
Mark Stone,9,13,69.23
Jordan Thompson,9,13,69.23
Brian Robinson,27,39,69.23
Michelle Barnes,9,13,69.23
Melissa Williams,72,104,69.23
Matthew Gomez,18,26,69.23
Tammy Wilson,18,26,69.23
Richard Simmons,9,13,69.23
Nicole West,9,13,69.23
Anthony Ferguson,9,13,69.23
Amy Marshall,9,13,69.23
Brittany Collins,9,13,69.23
James Jordan,18,26,69.23
Mary Gonzales,9,13,69.23
Jay Johnson,9,13,69.23
David Chang,9,13,69.23
Andre Brown,9,13,69.23
Jennifer Mckinney,9,13,69.23
Gary Campbell,9,13,69.23
Joshua Herrera,9,13,69.23
Steven Evans,18,26,69.23
Robert Lane,9,13,69.23
Teresa Martinez,9,13,69.23
David Stewart,36,52,69.23
Amber Walker,9,13,69.23
Emily Howard,9,13,69.23
Dawn Taylor,9,13,69.23
Kathryn Wilson,9,13,69.23
Amy Harper,9,13,69.23
Jonathan Martin,18,26,69.23
David Shelton,9,13,69.23
Jason Reed,9,13,69.23
Kimberly Gutierrez,9,13,69.23
Michael Goodman,9,13,69.23
Robert Spencer,9,13,69.23
Danielle Myers,9,13,69.23
Lori Thompson,9,13,69.23
Richard Gomez,9,13,69.23
Samuel Taylor,9,13,69.23
David Burns,18,26,69.23
Robert Hudson,9,13,69.23
David Marsh,9,13,69.23
Christopher Schultz,9,13,69.23
Tiffany Long,9,13,69.23
Cassandra Rodriguez,9,13,69.23
John Reed,18,26,69.23
Christopher Mcdowell,9,13,69.23
Laura White,18,26,69.23
Nicholas Evans,9,13,69.23
Jennifer Sutton,9,13,69.23
Ashley Cooper,9,13,69.23
Amanda Carter,18,26,69.23
Angela Alvarez,9,13,69.23
Monica Hall,9,13,69.23
Michael Harmon,9,13,69.23
Brandon Powell,9,13,69.23
Debra Young,9,13,69.23
Kristin Hernandez,9,13,69.23
Samantha Hernandez,18,26,69.23
George Wright,9,13,69.23
Christina Lewis,9,13,69.23
Steven Stevens,9,13,69.23
James Daniel,9,13,69.23
Timothy Henderson,9,13,69.23
David West,18,26,69.23
Robert Mckinney,9,13,69.23
Mark Morris,18,26,69.23
Karen Ross,9,13,69.23
Matthew Torres,18,26,69.23
Aaron Walker,9,13,69.23
Stephanie Murray,9,13,69.23
Brian Stephens,9,13,69.23
Maria Lewis,9,13,69.23
Heather Collins,9,13,69.23
Ashley Bell,9,13,69.23
Robert Harrell,9,13,69.23
James Espinoza,9,13,69.23
Jason Kim,9,13,69.23
Kimberly Russell,9,13,69.23
John Reyes,18,26,69.23
Michael Murphy,36,52,69.23
Richard Garcia,36,52,69.23
Joseph Lopez,27,39,69.23
Robert Padilla,9,13,69.23
Tina Walker,9,13,69.23
William Gray,18,26,69.23
Diane Anderson,9,13,69.23
Jonathan Rogers,9,13,69.23
Jennifer Cummings,9,13,69.23
Amanda Hicks,9,13,69.23
Cody Lopez,9,13,69.23
Samuel Thomas,9,13,69.23
Deborah Brown,18,26,69.23
Michael Walter,9,13,69.23
Alexis Ramirez,9,13,69.23
Ralph Johnson,9,13,69.23
Donald Thompson,9,13,69.23
Erika Brown,9,13,69.23
Daniel Jensen,9,13,69.23
Andrea Gonzalez,18,26,69.23
Richard Gibson,9,13,69.23
Jeffrey Stewart,18,26,69.23
Tina Hill,9,13,69.23
Jacqueline Rodriguez,9,13,69.23
James French,9,13,69.23
Linda Nelson,9,13,69.23
Daniel Elliott,9,13,69.23
Robert Wells,9,13,69.23
Daniel Gordon,9,13,69.23
April Gonzalez,9,13,69.23
Rachel Cruz,9,13,69.23
Kevin Griffin,9,13,69.23
Elizabeth Soto,9,13,69.23
Terry Thomas,9,13,69.23
Dylan Adams,9,13,69.23
Lisa Perry,9,13,69.23
Kelly Peterson,9,13,69.23
Morgan Jones,9,13,69.23
Natalie Garcia,9,13,69.23
Dennis Jackson,9,13,69.23
Julia Jones,9,13,69.23
Anthony Morgan,9,13,69.23
Joseph Franklin,9,13,69.23
Karen Torres,9,13,69.23
Amy Coleman,9,13,69.23
Amanda Hudson,9,13,69.23
James Newman,9,13,69.23
Amy Brooks,9,13,69.23
Joshua Perkins,9,13,69.23
Cory Johnson,9,13,69.23
Nicholas Cooper,9,13,69.23
Scott King,18,26,69.23
Jennifer Newton,9,13,69.23
Jamie Martinez,9,13,69.23
Jill Garcia,9,13,69.23
Amy Freeman,9,13,69.23
Matthew Welch,9,13,69.23
John Kelly,27,39,69.23
Amy Alvarez,9,13,69.23
Nicholas Marshall,9,13,69.23
James Mcdaniel,9,13,69.23
Michael Suarez,9,13,69.23
Patricia Adams,9,13,69.23
Larry Wilson,9,13,69.23
Amanda Wallace,9,13,69.23
Maria Howard,9,13,69.23
Ashley Olson,9,13,69.23
Christopher Hale,9,13,69.23
Lori Hill,9,13,69.23
Kevin Jensen,9,13,69.23
Daniel Cameron,9,13,69.23
Robin Anderson,9,13,69.23
Ryan Adams,18,26,69.23
Ronald Nelson,9,13,69.23
Joel White,9,13,69.23
Suzanne Jones,9,13,69.23
Tracy Carter,9,13,69.23
Jonathan Howard,9,13,69.23
Charles Nelson,18,26,69.23
Jason Gordon,9,13,69.23
Joseph Stephens,9,13,69.23
Edward Mitchell,9,13,69.23
Lori Stewart,9,13,69.23
Robert Dickerson,9,13,69.23
Melissa Fisher,9,13,69.23
Sarah Myers,9,13,69.23
Christina Rivera,9,13,69.23
Michael Short,9,13,69.23
Brandon Murphy,9,13,69.23
David Marquez,9,13,69.23
Amy Wallace,9,13,69.23
David Rhodes,9,13,69.23
Charles Chavez,9,13,69.23
John Graves,9,13,69.23
James Cortez,9,13,69.23
Karen Cooper,9,13,69.23
Kevin Alexander,9,13,69.23
Matthew Rose,9,13,69.23
Austin Rodriguez,9,13,69.23
William Alexander,9,13,69.23
Jimmy Smith,9,13,69.23
Angela Reyes,9,13,69.23
Joshua Jenkins,9,13,69.23
Daniel Watson,18,26,69.23
Robert Brewer,9,13,69.23
Katherine Sanchez,9,13,69.23
Andrew Simpson,9,13,69.23
Connie Johnson,9,13,69.23
Kelly Cook,9,13,69.23
Lisa Fernandez,9,13,69.23
Shannon Anderson,18,26,69.23
Julie Adams,9,13,69.23
Erica Wilson,9,13,69.23
Gregory Martinez,18,26,69.23
Michael Ferguson,18,26,69.23
Amy Wilson,36,52,69.23
Jose Perez,9,13,69.23
Jaime Davis,9,13,69.23
Christina Hughes,9,13,69.23
Denise Hall,9,13,69.23
John Osborne,9,13,69.23
Sarah Watson,9,13,69.23
Joshua Salazar,9,13,69.23
Richard Cunningham,9,13,69.23
Brian Wells,9,13,69.23
Stephen Hall,9,13,69.23
Kevin Tucker,9,13,69.23
Bryan Phillips,9,13,69.23
Laura Thomas,18,26,69.23
Wesley Smith,9,13,69.23
Robert Valenzuela,9,13,69.23
James Colon,9,13,69.23
Henry Miller,9,13,69.23
Stephanie Baker,18,26,69.23
Alicia Thomas,9,13,69.23
Jacqueline Hall,9,13,69.23
Mary Fuller,9,13,69.23
Daniel Edwards,18,26,69.23
David Haynes,9,13,69.23
John Mendez,9,13,69.23
Mark Griffin,9,13,69.23
Ashley Silva,9,13,69.23
Dawn Robinson,9,13,69.23
Natalie Rodriguez,9,13,69.23
Donna Nelson,9,13,69.23
Julia Smith,18,26,69.23
Jeffrey Mcdonald,9,13,69.23
James Bowman,9,13,69.23
Emily Martinez,18,26,69.23
David Holt,9,13,69.23
Daniel Duncan,9,13,69.23
David Arnold,9,13,69.23
Steven Smith,92,133,69.17
Andrew Smith,92,133,69.17
Kevin Miller,56,81,69.14
Jason Garcia,47,68,69.12
Robert Walker,47,68,69.12
Lisa Harris,38,55,69.09
James Roberts,38,55,69.09
Amanda Martinez,38,55,69.09
Patrick Williams,38,55,69.09
Christopher Phillips,38,55,69.09
Jamie Johnson,38,55,69.09
Mary Hernandez,29,42,69.05
Kathleen Smith,29,42,69.05
Bryan Johnson,29,42,69.05
Michael Kelly,29,42,69.05
Robert Bailey,29,42,69.05
Jennifer Mitchell,29,42,69.05
Joseph Johnson,116,168,69.05
Richard Harris,29,42,69.05
Kimberly Miller,49,71,69.01
Robert Gonzalez,49,71,69.01
Timothy Lopez,20,29,68.97
Michael Garza,20,29,68.97
Joshua Taylor,40,58,68.97
Nicole White,20,29,68.97
Jeffrey Martin,20,29,68.97
Dustin Johnson,20,29,68.97
Christopher Patterson,20,29,68.97
Jason Carter,20,29,68.97
William Wright,20,29,68.97
Melissa Thomas,40,58,68.97
Craig Williams,20,29,68.97
Lisa Murphy,20,29,68.97
Bryan Smith,40,58,68.97
Jennifer Jenkins,20,29,68.97
Justin Harris,20,29,68.97
Crystal Brown,20,29,68.97
Brandon Moore,20,29,68.97
Lauren Hernandez,20,29,68.97
Joseph Torres,20,29,68.97
James Jenkins,20,29,68.97
Michael Fernandez,20,29,68.97
Joseph Nguyen,20,29,68.97
Michael Austin,20,29,68.97
Victoria Miller,20,29,68.97
Nathaniel Smith,20,29,68.97
Erin Brown,20,29,68.97
Charles Thompson,20,29,68.97
Mark Allen,20,29,68.97
Michael Moreno,20,29,68.97
Amanda Sanchez,20,29,68.97
Michael Gonzales,20,29,68.97
Michael Miller,142,206,68.93
Jennifer Harris,62,90,68.89
Kyle Williams,31,45,68.89
Tara Smith,31,45,68.89
Robert Garcia,62,90,68.89
Robert Baker,31,45,68.89
Ryan Miller,31,45,68.89
Michael Cole,31,45,68.89
Kimberly Brown,73,106,68.87
Joseph Hernandez,42,61,68.85
Christopher Wright,42,61,68.85
William Jones,95,138,68.84
David Taylor,64,93,68.82
Charles Johnson,64,93,68.82
David Moore,75,109,68.81
Jennifer Smith,185,269,68.77
Jonathan Hernandez,22,32,68.75
Paul Cook,11,16,68.75
Jennifer Watkins,11,16,68.75
Shawn Jackson,11,16,68.75
Tiffany Scott,11,16,68.75
Kevin Peterson,11,16,68.75
Michelle Gray,11,16,68.75
Brian Russell,11,16,68.75
Stephanie Anderson,22,32,68.75
Mark Bailey,11,16,68.75
James Sparks,11,16,68.75
Anthony Murphy,11,16,68.75
Jason Fisher,11,16,68.75
Stephanie Harris,11,16,68.75
Gregory Thompson,11,16,68.75
Peter Anderson,11,16,68.75
Julie Scott,11,16,68.75
Kelly Brown,44,64,68.75
Carla Garcia,11,16,68.75
Amanda Torres,11,16,68.75
Jason Thompson,33,48,68.75
Timothy Nguyen,11,16,68.75
Philip Davis,11,16,68.75
Heather Phillips,11,16,68.75
David Moran,11,16,68.75
Michael Fowler,11,16,68.75
Crystal Anderson,11,16,68.75
Elizabeth Jenkins,11,16,68.75
David Collins,33,48,68.75
Travis Anderson,11,16,68.75
Michael Galvan,11,16,68.75
Barbara Moore,11,16,68.75
Eric Morris,11,16,68.75
Joseph Harper,11,16,68.75
Andrew Gonzalez,22,32,68.75
David Ramsey,11,16,68.75
James Hudson,11,16,68.75
Linda White,11,16,68.75
Amber Martin,11,16,68.75
Kenneth Perez,11,16,68.75
Amanda Gonzalez,33,48,68.75
Shannon Harris,11,16,68.75
Patricia Lopez,11,16,68.75
Christopher Hanson,11,16,68.75
Matthew Hardy,11,16,68.75
Sara Allen,11,16,68.75
Dustin Davis,11,16,68.75
Nathan Wilson,11,16,68.75
Sarah Gomez,11,16,68.75
Jesus Miller,11,16,68.75
Sandra Baker,11,16,68.75
Aaron Lopez,11,16,68.75
Timothy Cruz,11,16,68.75
Carol Lopez,11,16,68.75
Michael Wolf,11,16,68.75
Angela Allen,22,32,68.75
Scott Myers,11,16,68.75
Mark Ross,11,16,68.75
Jeremy Thompson,11,16,68.75
Melissa Cruz,11,16,68.75
Daniel Arnold,11,16,68.75
Michelle Jordan,11,16,68.75
Sandra Martin,11,16,68.75
Emily James,11,16,68.75
Christopher Taylor,55,80,68.75
Tyler Scott,11,16,68.75
Jennifer Ward,22,32,68.75
Stacey Jones,11,16,68.75
Ann Williams,11,16,68.75
Ryan Price,11,16,68.75
Lisa Butler,11,16,68.75
Timothy Rogers,11,16,68.75
Richard Burns,11,16,68.75
John Soto,11,16,68.75
Michael Holloway,11,16,68.75
Christopher Elliott,11,16,68.75
Ryan Ramirez,11,16,68.75
Jessica King,22,32,68.75
Amy Myers,11,16,68.75
Beth Williams,11,16,68.75
Anna White,11,16,68.75
Robert Carlson,11,16,68.75
Vanessa Wilson,11,16,68.75
Kenneth Mitchell,11,16,68.75
Michelle Ortiz,11,16,68.75
Jennifer Dennis,11,16,68.75
Lisa Schmidt,11,16,68.75
Shawn Clark,11,16,68.75
Daniel Gutierrez,11,16,68.75
John Curtis,11,16,68.75
Patrick Sanchez,11,16,68.75
Carl Johnson,11,16,68.75
Kimberly Hayes,11,16,68.75
Pamela Jackson,11,16,68.75
David Burke,11,16,68.75
Jordan Ward,11,16,68.75
William Rice,11,16,68.75
Justin Hill,11,16,68.75
Nicole Parker,11,16,68.75
Melissa Taylor,33,48,68.75
Danielle Davis,22,32,68.75
Scott Snyder,11,16,68.75
Rebecca Bell,11,16,68.75
Scott Jackson,22,32,68.75
Thomas Schultz,11,16,68.75
Christopher Bowen,11,16,68.75
Michael Barry,11,16,68.75
William Alvarez,11,16,68.75
Brian Kim,11,16,68.75
Kimberly Sanchez,22,32,68.75
Christopher Sandoval,11,16,68.75
William Walker,33,48,68.75
Laura Roberts,11,16,68.75
Jeffrey Perez,22,32,68.75
Kyle Hernandez,11,16,68.75
David Turner,33,48,68.75
Christina Campbell,11,16,68.75
Kathy Miller,11,16,68.75
Joseph Perkins,11,16,68.75
Jessica Hall,22,32,68.75
Donna Green,11,16,68.75
Todd White,11,16,68.75
Amanda Foster,11,16,68.75
Timothy Stewart,11,16,68.75
Ashley Jones,66,96,68.75
Christine Peterson,11,16,68.75
Laura Reed,11,16,68.75
Angela Ramirez,11,16,68.75
Deborah Adams,11,16,68.75
Patricia Sanchez,11,16,68.75
Mark Murphy,11,16,68.75
Thomas Green,22,32,68.75
Kimberly Kim,11,16,68.75
Allison Jones,11,16,68.75
Heather Rogers,11,16,68.75
Melissa Hamilton,11,16,68.75
Tara Johnson,22,32,68.75
Rachel Turner,11,16,68.75
Matthew Ortiz,11,16,68.75
Donald Evans,11,16,68.75
Anthony Diaz,11,16,68.75
Anne Jones,11,16,68.75
Zachary Phillips,11,16,68.75
Robert Fuller,11,16,68.75
Ashley Garza,11,16,68.75
Elizabeth Foster,11,16,68.75
John Daniel,11,16,68.75
Donald Nelson,11,16,68.75
Melissa Powell,11,16,68.75
Robert Kelly,22,32,68.75
Andrew Reyes,11,16,68.75
Denise Moore,11,16,68.75
Sara Robinson,11,16,68.75
Kyle Young,11,16,68.75
Mary Hamilton,11,16,68.75
Kenneth King,11,16,68.75
Ryan Perry,11,16,68.75
James Gregory,11,16,68.75
Mark Cole,11,16,68.75
Laurie Anderson,11,16,68.75
Shannon Baker,11,16,68.75
Devin Smith,11,16,68.75
James Jacobs,11,16,68.75
Scott Evans,11,16,68.75
David Lewis,55,80,68.75
Susan Garcia,22,32,68.75
William Guzman,11,16,68.75
Jason Taylor,33,48,68.75
John Thompson,46,67,68.66
John Walker,46,67,68.66
Patricia Williams,35,51,68.63
Daniel Moore,35,51,68.63
Melissa Anderson,35,51,68.63
Ashley Davis,59,86,68.6
Jeffrey Garcia,24,35,68.57
Jessica Hill,24,35,68.57
Paul Wilson,24,35,68.57
Paul White,24,35,68.57
Scott Wilson,24,35,68.57
Nicholas Jones,48,70,68.57
Jennifer Russell,24,35,68.57
Jennifer Rivera,24,35,68.57
James Ortiz,24,35,68.57
Michael Castro,24,35,68.57
Alyssa Smith,24,35,68.57
Katherine Martinez,24,35,68.57
Mark Nelson,24,35,68.57
Laura Harris,24,35,68.57
Michael Snyder,24,35,68.57
Jessica Smith,133,194,68.56
Patricia Smith,61,89,68.54
Mary Williams,61,89,68.54
Timothy Garcia,37,54,68.52
Brandon Johnson,37,54,68.52
Ashley Anderson,37,54,68.52
Nicole Williams,50,73,68.49
Joshua Smith,115,168,68.45
John Stevens,13,19,68.42
Terri Brown,13,19,68.42
Keith Miller,13,19,68.42
Angela Cook,13,19,68.42
Robert Black,13,19,68.42
Michael Keller,13,19,68.42
Christina Wright,13,19,68.42
Michael Spencer,13,19,68.42
John Arnold,13,19,68.42
Christopher Chavez,13,19,68.42
William Perez,26,38,68.42
Lawrence Brown,13,19,68.42
Richard Reed,13,19,68.42
Sarah Fisher,13,19,68.42
Todd Williams,13,19,68.42
Amy Mcdonald,13,19,68.42
Raymond Davis,13,19,68.42
Nicole Gray,13,19,68.42
Thomas Hughes,13,19,68.42
Michael Newton,13,19,68.42
John Schmidt,13,19,68.42
Michael Payne,13,19,68.42
Michael Hicks,26,38,68.42
Sandra King,13,19,68.42
Megan Moore,13,19,68.42
Stacey Williams,13,19,68.42
Jamie Robinson,13,19,68.42
Edward Martin,13,19,68.42
David Jackson,65,95,68.42
James Hammond,13,19,68.42
Sarah Perry,13,19,68.42
Denise Jones,13,19,68.42
Randall Smith,13,19,68.42
Jennifer Mcdaniel,13,19,68.42
Jacob Phillips,13,19,68.42
Kelly Thomas,26,38,68.42
Anna Rodriguez,13,19,68.42
Patricia White,13,19,68.42
David Lawrence,13,19,68.42
Christopher Lawrence,13,19,68.42
Rebecca Miller,39,57,68.42
Matthew Marshall,13,19,68.42
Anthony Lopez,26,38,68.42
Jason Allen,26,38,68.42
Stephanie Carter,13,19,68.42
Brandon Phillips,13,19,68.42
Jason Bell,13,19,68.42
Andrea Hernandez,13,19,68.42
Michael Glover,13,19,68.42
Joe Smith,13,19,68.42
Cynthia Cruz,13,19,68.42
Christine Lee,13,19,68.42
Debra Hernandez,13,19,68.42
Jamie Lee,13,19,68.42
Kelly Roberts,13,19,68.42
Deborah Martinez,13,19,68.42
Cynthia Walker,13,19,68.42
Jeffrey Morgan,13,19,68.42
Anthony Thomas,26,38,68.42
Michael Bruce,13,19,68.42
Lisa Rivera,13,19,68.42
Laura Robinson,13,19,68.42
Christian Williams,13,19,68.42
Michael Campbell,39,57,68.42
Laura Torres,13,19,68.42
Christopher Gonzales,13,19,68.42
Matthew Woods,13,19,68.42
Ryan Davis,39,57,68.42
Jennifer Larson,13,19,68.42
William Nguyen,13,19,68.42
Heather Cook,13,19,68.42
Jacqueline Garcia,13,19,68.42
Andrea Perez,13,19,68.42
Heather Wright,13,19,68.42
Maria Jackson,13,19,68.42
Kristin Clark,13,19,68.42
Michele Miller,13,19,68.42
Christopher Harrison,13,19,68.42
Lori Anderson,13,19,68.42
Ronald Brown,26,38,68.42
Taylor Lopez,13,19,68.42
Christopher Contreras,13,19,68.42
Tanya Smith,13,19,68.42
Thomas Cook,13,19,68.42
Christine Ramirez,13,19,68.42
Michael Clarke,13,19,68.42
John Long,13,19,68.42
Christopher Sims,13,19,68.42
John Vasquez,13,19,68.42
Lisa Harrison,13,19,68.42
Nicole Cruz,13,19,68.42
Elizabeth Bennett,13,19,68.42
James Simpson,13,19,68.42
Justin Garcia,26,38,68.42
Danielle Jackson,13,19,68.42
April Thomas,13,19,68.42
Lisa Porter,13,19,68.42
Robert Barnes,13,19,68.42
Michael Carter,52,76,68.42
John Smith,197,288,68.4
Angela Davis,41,60,68.33
Jacob Johnson,41,60,68.33
Brandon Jones,41,60,68.33
Robert King,41,60,68.33
Kevin Lopez,28,41,68.29
Ashley Thompson,28,41,68.29
Nicholas Wilson,28,41,68.29
Michael Russell,28,41,68.29
Patrick Brown,28,41,68.29
Patricia Davis,28,41,68.29
Michelle Harris,28,41,68.29
Kimberly Thomas,28,41,68.29
Samantha Brown,28,41,68.29
Matthew Nelson,28,41,68.29
Nancy Johnson,28,41,68.29
Kevin Wilson,28,41,68.29
Mark Lopez,28,41,68.29
Michael Harrison,28,41,68.29
Donald Smith,43,63,68.25
Christine Johnson,45,66,68.18
Andrew Wright,15,22,68.18
Elizabeth Myers,15,22,68.18
Gary Davis,15,22,68.18
Victoria Martinez,15,22,68.18
Ryan Edwards,15,22,68.18
Laura Young,15,22,68.18
Jennifer Cooper,15,22,68.18
Jennifer Patterson,15,22,68.18
Gregory Lopez,15,22,68.18
Lisa Kelly,15,22,68.18
Alan Smith,15,22,68.18
Elizabeth Powell,15,22,68.18
Barbara Davis,15,22,68.18
John Price,15,22,68.18
Cassandra Brown,15,22,68.18
Eric Nelson,15,22,68.18
Jacob Thompson,15,22,68.18
Justin Walker,15,22,68.18
Melissa Flores,15,22,68.18
Eric Walker,15,22,68.18
Daniel Young,30,44,68.18
David Elliott,15,22,68.18
Kathleen Garcia,15,22,68.18
Lisa Sanders,15,22,68.18
Robert Harris,45,66,68.18
Robert Evans,30,44,68.18
Juan Jones,15,22,68.18
Andrew Nelson,15,22,68.18
Amanda Nelson,15,22,68.18
Susan King,15,22,68.18
Christopher Coleman,15,22,68.18
Jacob Robinson,15,22,68.18
Andrea Moore,15,22,68.18
James Munoz,15,22,68.18
Alexander Anderson,15,22,68.18
Mark Carter,15,22,68.18
James Woods,15,22,68.18
David King,45,66,68.18
Gregory Brown,30,44,68.18
Jessica Reynolds,15,22,68.18
Susan Sanchez,15,22,68.18
Christopher Bennett,15,22,68.18
James Nelson,30,44,68.18
Mark Morgan,15,22,68.18
Anthony Wallace,15,22,68.18
Amanda Stewart,15,22,68.18
Michael Walsh,15,22,68.18
Lori Rodriguez,15,22,68.18
Angela Phillips,15,22,68.18
Ryan Jones,45,66,68.18
Douglas Williams,15,22,68.18
Joseph Ross,15,22,68.18
Jeffrey Flores,15,22,68.18
Andrea White,15,22,68.18
Jennifer Gonzales,15,22,68.18
Richard Campbell,15,22,68.18
Daniel Ryan,15,22,68.18
David Lowe,15,22,68.18
Monica Williams,15,22,68.18
Kim Johnson,15,22,68.18
Matthew Evans,15,22,68.18
Daniel Morgan,15,22,68.18
Michael Ramos,30,44,68.18
Austin Smith,30,44,68.18
Mary Ward,15,22,68.18
Jessica Hughes,15,22,68.18
Jennifer Simpson,15,22,68.18
Christopher Tran,15,22,68.18
Mark Sanders,15,22,68.18
Debbie Smith,15,22,68.18
Hannah Davis,15,22,68.18
Jason Edwards,15,22,68.18
James Harris,60,88,68.18
Lisa Johnson,107,157,68.15
Nicholas Johnson,62,91,68.13
James Johnson,171,251,68.13
Robert Thomas,62,91,68.13
William Anderson,47,69,68.12
Daniel Martin,47,69,68.12
Michael Torres,47,69,68.12
Jonathan Smith,79,116,68.1
Stephanie Martinez,32,47,68.09
Michelle Lee,32,47,68.09
Steven Thomas,32,47,68.09
Richard Thompson,32,47,68.09
Brandon Miller,32,47,68.09
David Parker,32,47,68.09
David Johnson,177,260,68.08
Michael Jones,194,285,68.07
Richard Davis,49,72,68.06
Mary Reed,17,25,68.0
Michael Nichols,17,25,68.0
Robert Peterson,17,25,68.0
Douglas Jones,17,25,68.0
Eric Allen,17,25,68.0
Paul Thompson,17,25,68.0
Robert Price,17,25,68.0
Marcus Johnson,17,25,68.0
Paul Green,17,25,68.0
William Stevens,17,25,68.0
Dana Jones,17,25,68.0
James Bailey,17,25,68.0
Steven Young,17,25,68.0
Amanda Baker,17,25,68.0
Jennifer Washington,17,25,68.0
Aaron Anderson,17,25,68.0
Melissa Nguyen,17,25,68.0
Daniel Woods,17,25,68.0
William Lewis,34,50,68.0
Benjamin Moore,17,25,68.0
Daniel Phillips,17,25,68.0
Daniel Long,17,25,68.0
Amy Ramirez,17,25,68.0
Eric Scott,17,25,68.0
Alexander Williams,17,25,68.0
Lauren Martinez,17,25,68.0
Amanda Diaz,17,25,68.0
Gregory Wilson,17,25,68.0
Hannah Miller,17,25,68.0
Jeremy Jackson,17,25,68.0
Paul Martinez,17,25,68.0
Natalie Smith,34,50,68.0
Nicholas Roberts,17,25,68.0
Matthew Ryan,17,25,68.0
Amy Scott,17,25,68.0
Eric Young,17,25,68.0
Shawn Brown,17,25,68.0
Megan Thompson,17,25,68.0
Jordan Smith,34,50,68.0
Danielle Taylor,17,25,68.0
Michael Munoz,17,25,68.0
Timothy Ramirez,17,25,68.0
Elizabeth Mitchell,17,25,68.0
Mary Phillips,17,25,68.0
Todd Jones,17,25,68.0
Edward Davis,17,25,68.0
Stephanie Scott,17,25,68.0
Nicholas Ramirez,17,25,68.0
Michael Parker,53,78,67.95
Jeffrey Johnson,72,106,67.92
Michael Ward,36,53,67.92
Jonathan Jones,36,53,67.92
Joshua Thomas,36,53,67.92
Jessica Clark,36,53,67.92
Angela Johnson,55,81,67.9
Matthew Williams,93,137,67.88
Timothy Walker,19,28,67.86
Patricia Garcia,19,28,67.86
John Cook,19,28,67.86
Aaron Davis,19,28,67.86
Christopher Ward,19,28,67.86
Donna Miller,19,28,67.86
Heather Lopez,19,28,67.86
Michele Johnson,19,28,67.86
Anthony Phillips,19,28,67.86
William Coleman,19,28,67.86
Jennifer Powell,19,28,67.86
Rebecca Walker,19,28,67.86
Stephanie Thomas,38,56,67.86
Jennifer Stevens,19,28,67.86
Stephanie Sanchez,19,28,67.86
Elizabeth Baker,19,28,67.86
David Kennedy,19,28,67.86
Catherine Jones,19,28,67.86
Brian Carter,19,28,67.86
Patricia Anderson,19,28,67.86
Samuel Brown,19,28,67.86
Karen Williams,38,56,67.86
Elizabeth Ward,19,28,67.86
Karen Lee,19,28,67.86
Lori Jones,19,28,67.86
Thomas Scott,19,28,67.86
Samuel Garcia,19,28,67.86
Crystal Wilson,19,28,67.86
Keith Williams,19,28,67.86
Joseph Cook,19,28,67.86
Alexander Brown,19,28,67.86
Matthew Collins,19,28,67.86
Emily White,19,28,67.86
Robert Anderson,57,84,67.86
Vanessa Brown,19,28,67.86
Elizabeth Edwards,19,28,67.86
Rachel Gonzalez,19,28,67.86
Robert Reyes,19,28,67.86
Mary Rodriguez,40,59,67.8
David Williams,141,208,67.79
Melissa Jones,61,90,67.78
Michael Williams,206,304,67.76
John Howard,21,31,67.74
Kristen Johnson,21,31,67.74
Joseph Allen,21,31,67.74
Kelly Lopez,21,31,67.74
Austin Williams,21,31,67.74
Jonathan Robinson,21,31,67.74
Shannon Wilson,21,31,67.74
Michelle Baker,21,31,67.74
Robert Cook,21,31,67.74
Susan Moore,21,31,67.74
Michael Stewart,42,62,67.74
Robert Lee,63,93,67.74
Jessica Johnson,105,155,67.74
Jason Smith,107,158,67.72
Daniel Wilson,44,65,67.69
Jessica Wilson,44,65,67.69
Lisa Brown,88,130,67.69
Michael Scott,67,99,67.68
Michael Harris,90,133,67.67
Jessica Robinson,23,34,67.65
Julie Rodriguez,23,34,67.65
Aaron Smith,46,68,67.65
Heather Jackson,23,34,67.65
Andrew Harris,23,34,67.65
Mark Gonzalez,23,34,67.65
David Gutierrez,23,34,67.65
Brian Young,23,34,67.65
Michael Bryant,23,34,67.65
Jennifer Morris,23,34,67.65
Chad Williams,23,34,67.65
John Wood,23,34,67.65
Daniel Parker,23,34,67.65
Stephanie Robinson,23,34,67.65
Jessica Roberts,23,34,67.65
Emily Taylor,23,34,67.65
Robert Parker,23,34,67.65
Nicholas Hernandez,23,34,67.65
Michael Hayes,23,34,67.65
David Wilson,71,105,67.62
Christopher Johnson,173,256,67.58
Julie Davis,25,37,67.57
Victoria Williams,25,37,67.57
Michael Porter,25,37,67.57
Richard Jones,50,74,67.57
Jeremy Miller,25,37,67.57
Michael Lane,25,37,67.57
Jennifer Ross,25,37,67.57
Anna Jones,25,37,67.57
Timothy Taylor,25,37,67.57
Emily Anderson,25,37,67.57
Aaron Brown,25,37,67.57
Thomas Robinson,25,37,67.57
Lisa Young,25,37,67.57
Michael Richards,25,37,67.57
James Parker,25,37,67.57
Jeffrey Brown,50,74,67.57
Stephen Smith,52,77,67.53
Stephanie Miller,52,77,67.53
Julie Smith,52,77,67.53
Daniel Jones,79,117,67.52
James Torres,27,40,67.5
Mark Jackson,27,40,67.5
Samantha Anderson,27,40,67.5
Stephanie Wilson,27,40,67.5
Karen Martinez,27,40,67.5
Heather Anderson,27,40,67.5
Deborah Williams,27,40,67.5
Joshua Harris,27,40,67.5
Andrew Moore,27,40,67.5
Christopher Thompson,56,83,67.47
Michael Johnson,230,341,67.45
Michael Dunn,29,43,67.44
Eric Anderson,29,43,67.44
William Jackson,29,43,67.44
Danielle Johnson,29,43,67.44
Lisa Williams,89,132,67.42
Steven Brown,60,89,67.42
James Edwards,31,46,67.39
Ashley Brown,62,92,67.39
Michael Gray,31,46,67.39
Kimberly Thompson,31,46,67.39
Samuel Smith,31,46,67.39
Matthew Hernandez,31,46,67.39
Nicholas Davis,33,49,67.35
Matthew Harris,33,49,67.35
John Torres,33,49,67.35
David Ramirez,33,49,67.35
Jonathan Davis,33,49,67.35
John Martin,66,98,67.35
Sarah Hernandez,33,49,67.35
Sara Brown,33,49,67.35
Jeffrey Martinez,33,49,67.35
David Morris,33,49,67.35
Jennifer Williams,136,202,67.33
Michelle Brown,68,101,67.33
Robert Hall,35,52,67.31
Joseph Walker,35,52,67.31
Anthony Rodriguez,35,52,67.31
Robert Allen,35,52,67.31
Kevin Jones,70,104,67.31
Christopher Ramirez,35,52,67.31
Stephen Williams,35,52,67.31
Jennifer Adams,37,55,67.27
Matthew Lopez,37,55,67.27
Robert Perez,37,55,67.27
Jennifer Sanchez,37,55,67.27
Eric Smith,74,110,67.27
Lisa Rodriguez,37,55,67.27
Julie Jones,37,55,67.27
Jeremy Johnson,37,55,67.27
Robert Young,37,55,67.27
Kevin Garcia,37,55,67.27
Brian Smith,113,168,67.26
Michael Davis,150,223,67.26
David Green,39,58,67.24
Matthew Rodriguez,39,58,67.24
Michelle Davis,41,61,67.21
David Young,41,61,67.21
Daniel Taylor,41,61,67.21
Michael Peterson,41,61,67.21
Amanda Thomas,43,64,67.19
Scott Jones,43,64,67.19
David Campbell,45,67,67.16
Melissa Miller,45,67,67.16
Amanda Anderson,47,70,67.14
Jennifer Gonzalez,47,70,67.14
Susan Johnson,51,76,67.11
Jacob Smith,53,79,67.09
Emily Johnson,55,82,67.07
John Martinez,59,88,67.05
Amanda Davis,59,88,67.05
Christopher Gonzalez,59,88,67.05
Angela Jones,59,88,67.05
John Wilson,61,91,67.03
Paul Smith,63,94,67.02
Brian Jones,65,97,67.01
Laura Smith,71,106,66.98
Sarah Williams,71,106,66.98
Jennifer Hernandez,71,106,66.98
Robert Johnson,150,224,66.96
Justin Smith,75,112,66.96
Jennifer Davis,87,130,66.92
Robert Miller,91,136,66.91
Anthony Smith,101,151,66.89
Kimberly Smith,105,157,66.88
Jennifer Jones,135,202,66.83
Michael Crane,8,12,66.67
Julie White,14,21,66.67
Donald Baldwin,6,9,66.67
Sharon Perez,10,15,66.67
Michael Pineda,8,12,66.67
Matthew Wallace,8,12,66.67
Taylor Ramirez,12,18,66.67
Mark Armstrong,8,12,66.67
Sarah Ortiz,6,9,66.67
Brian George,6,9,66.67
Elizabeth Warren,6,9,66.67
Jason Washington,10,15,66.67
Karen Bryant,8,12,66.67
Amanda Herrera,6,9,66.67
Renee Thomas,6,9,66.67
Julie Ward,6,9,66.67
Alyssa Hernandez,8,12,66.67
Holly Lewis,6,9,66.67
Laura Wright,12,18,66.67
Robert Fry,6,9,66.67
Michael Carrillo,6,9,66.67
Anthony Kelly,8,12,66.67
Michael Jensen,12,18,66.67
Chelsea Sanchez,6,9,66.67
Robert Espinoza,6,9,66.67
Amber Stewart,6,9,66.67
Sarah Bradley,6,9,66.67
David Lawson,16,24,66.67
Sharon Williams,18,27,66.67
Elizabeth Holland,6,9,66.67
Catherine Johnson,28,42,66.67
Robert Mills,14,21,66.67
Pamela Martinez,12,18,66.67
Andrew Bishop,6,9,66.67
Michelle Torres,16,24,66.67
Laura Hill,8,12,66.67
Jennifer Greene,12,18,66.67
John Contreras,10,15,66.67
Erica White,8,12,66.67
Thomas Holland,6,9,66.67
Joseph Davis,40,60,66.67
Christopher Sutton,6,9,66.67
William Lynch,6,9,66.67
Michael Reyes,36,54,66.67
Natalie Lee,10,15,66.67
Emma Jones,6,9,66.67
Kevin Gonzales,8,12,66.67
Richard Oliver,8,12,66.67
Samuel Clark,8,12,66.67
Nicholas Sullivan,6,9,66.67
Jonathan Sanders,6,9,66.67
Eric Gomez,6,9,66.67
Nancy Green,6,9,66.67
Joseph Fields,6,9,66.67
James Brown,114,171,66.67
Robert Harvey,8,12,66.67
Amy Guerrero,6,9,66.67
Tiffany Chavez,6,9,66.67
Steven Reyes,10,15,66.67
Kevin Watts,6,9,66.67
Sara Wright,6,9,66.67
Jessica Pierce,10,15,66.67
Kimberly Carr,8,12,66.67
Nicole Brooks,8,12,66.67
Brandon Adams,14,21,66.67
Bruce Harris,6,9,66.67
Leslie Wilson,6,9,66.67
David Adkins,6,9,66.67
Mark Alexander,8,12,66.67
Cindy Murphy,6,9,66.67
Gina Lee,6,9,66.67
Joseph Medina,8,12,66.67
Wendy Ellis,6,9,66.67
Kathleen Perez,8,12,66.67
Brian Franklin,6,9,66.67
Ashley Sanders,12,18,66.67
Ashley Sullivan,6,9,66.67
Troy Johnson,16,24,66.67
Anthony Young,14,21,66.67
Amanda Obrien,6,9,66.67
Samantha Garcia,22,33,66.67
Deanna Miller,6,9,66.67
Stephen Adams,10,15,66.67
Richard Soto,6,9,66.67
Elizabeth Peters,8,12,66.67
Kimberly Lane,8,12,66.67
Julie Morales,6,9,66.67
Courtney Evans,6,9,66.67
Kathryn Miller,16,24,66.67
Chris Smith,14,21,66.67
Daniel Anderson,46,69,66.67
James Lyons,6,9,66.67
Laura Pierce,8,12,66.67
Krista Jones,8,12,66.67
Kenneth Miller,30,45,66.67
Amanda Chapman,6,9,66.67
Timothy Griffin,6,9,66.67
Cindy Martinez,12,18,66.67
Jessica Cruz,18,27,66.67
Nicholas Nelson,12,18,66.67
John Terry,10,15,66.67
Jodi Williams,8,12,66.67
Peter Robinson,6,9,66.67
Caleb Smith,10,15,66.67
Brandon Ramos,6,9,66.67
Leslie Brown,12,18,66.67
Morgan Rodriguez,6,9,66.67
Joshua Guerrero,6,9,66.67
Gina Nelson,6,9,66.67
Samantha Morgan,6,9,66.67
Rachel Young,16,24,66.67
Julie Green,8,12,66.67
Anna Wilson,10,15,66.67
John Flores,24,36,66.67
Kelsey Smith,24,36,66.67
Sarah Scott,22,33,66.67
Kathryn Nguyen,6,9,66.67
Steven Tran,8,12,66.67
Michelle Montgomery,8,12,66.67
Jonathan Williams,42,63,66.67
Kevin Green,18,27,66.67
Brian Haynes,8,12,66.67
Laura Larson,6,9,66.67
Matthew Nicholson,6,9,66.67
Deborah Campbell,6,9,66.67
George Hernandez,14,21,66.67
Amanda Munoz,6,9,66.67
Aaron Nguyen,6,9,66.67
Christopher Foley,8,12,66.67
Alexander Martinez,10,15,66.67
Michelle Mckinney,8,12,66.67
Bradley Hall,6,9,66.67
Cindy Jones,14,21,66.67
Michael Stein,6,9,66.67
Raymond Taylor,6,9,66.67
April Martin,10,15,66.67
Tracy Davis,14,21,66.67
Natalie Wilson,6,9,66.67
Daniel Bailey,12,18,66.67
Jared Thomas,6,9,66.67
Phillip Wilson,6,9,66.67
Erica Gonzalez,12,18,66.67
Lisa Morales,14,21,66.67
Jeffrey Elliott,8,12,66.67
Cheyenne Johnson,6,9,66.67
Stephanie Fox,6,9,66.67
David Good,6,9,66.67
Amanda Mills,8,12,66.67
Kelly Flores,14,21,66.67
Robert Gutierrez,18,27,66.67
Edward Lopez,8,12,66.67
Michael Petersen,8,12,66.67
Michael Medina,20,30,66.67
Michael Wiggins,8,12,66.67
Elizabeth Bishop,6,9,66.67
Matthew Owens,12,18,66.67
Sandra Williams,22,33,66.67
Erin Bryant,8,12,66.67
David Bowman,8,12,66.67
Lisa Owens,10,15,66.67
Cynthia Jones,26,39,66.67
Monica Scott,6,9,66.67
Pamela Bell,6,9,66.67
Jennifer Pearson,10,15,66.67
Robin Taylor,6,9,66.67
Heidi Williams,8,12,66.67
Theresa Thomas,10,15,66.67
Scott Burton,6,9,66.67
James Le,6,9,66.67
Henry King,6,9,66.67
Kimberly Hogan,6,9,66.67
Justin Dixon,8,12,66.67
Michael Hobbs,8,12,66.67
Rebecca Robinson,20,30,66.67
David George,6,9,66.67
Benjamin Schmidt,6,9,66.67
Patricia Taylor,20,30,66.67
Allison Mitchell,6,9,66.67
Thomas Alexander,6,9,66.67
Gabriel Brown,8,12,66.67
Matthew Robertson,8,12,66.67
David Vasquez,12,18,66.67
Austin Martinez,10,15,66.67
Julie Price,6,9,66.67
Jacob James,6,9,66.67
Lauren Butler,6,9,66.67
Robert Nguyen,26,39,66.67
Anita Johnson,8,12,66.67
Jesse Young,6,9,66.67
Alicia Scott,6,9,66.67
Megan Nguyen,8,12,66.67
Michael Silva,18,27,66.67
Todd Moore,6,9,66.67
Elizabeth Coleman,8,12,66.67
Heather Ortiz,10,15,66.67
Amanda Bates,6,9,66.67
Taylor Wright,6,9,66.67
Melissa Hutchinson,6,9,66.67
Christopher Mccormick,6,9,66.67
Anthony Lucas,6,9,66.67
Jessica Pearson,8,12,66.67
Kelly Kelly,10,15,66.67
Kenneth Foster,6,9,66.67
Roger Thompson,8,12,66.67
Steven Rogers,12,18,66.67
Laura Caldwell,6,9,66.67
Robin Stewart,6,9,66.67
Jeremy Morgan,10,15,66.67
Daniel Jenkins,12,18,66.67
Brian Cox,14,21,66.67
Elizabeth Evans,18,27,66.67
Ryan Hamilton,10,15,66.67
Joshua Burke,6,9,66.67
Stephanie Campbell,14,21,66.67
Julie Sanchez,8,12,66.67
Shannon Roberts,8,12,66.67
Brenda Wood,6,9,66.67
John Ramos,18,27,66.67
Sandra Hall,10,15,66.67
Tonya Clark,6,9,66.67
Ashley Obrien,6,9,66.67
Kevin Ward,6,9,66.67
Kristina Lewis,6,9,66.67
Tammy Collins,8,12,66.67
Joshua Graham,8,12,66.67
Jason Silva,6,9,66.67
James Hampton,8,12,66.67
Jeremy Williams,26,39,66.67
Julie Ellis,6,9,66.67
Michael Alexander,24,36,66.67
Lauren Ross,6,9,66.67
Joseph Oliver,6,9,66.67
Kevin Garrett,6,9,66.67
Ashley Gentry,6,9,66.67
Lisa Bowers,6,9,66.67
Jeffrey Kim,8,12,66.67
Cynthia Garcia,18,27,66.67
Crystal Smith,46,69,66.67
Nicole Thomas,26,39,66.67
David Atkins,6,9,66.67
Kimberly Welch,6,9,66.67
Jennifer Finley,6,9,66.67
Lauren Hunter,6,9,66.67
Scott Gray,8,12,66.67
Benjamin Mitchell,8,12,66.67
Rachel Black,6,9,66.67
Robert Berg,6,9,66.67
Brian Harvey,6,9,66.67
Jennifer Paul,6,9,66.67
Kyle Richardson,8,12,66.67
Jennifer Ray,8,12,66.67
Megan Parker,10,15,66.67
Vanessa Jackson,8,12,66.67
Melissa Carroll,8,12,66.67
Mary Owens,8,12,66.67
Eric Simmons,6,9,66.67
Christopher Blackburn,6,9,66.67
Stephanie Tyler,6,9,66.67
Alexis Anderson,6,9,66.67
Melissa Zimmerman,6,9,66.67
Cindy Harris,6,9,66.67
Tammy James,6,9,66.67
Diana Young,6,9,66.67
James Prince,6,9,66.67
Daniel Contreras,6,9,66.67
David Gibbs,6,9,66.67
Kristin Adams,6,9,66.67
Jeffrey Curtis,6,9,66.67
Joshua Jackson,24,36,66.67
Tracy Hughes,6,9,66.67
Natalie Miller,12,18,66.67
Joseph Cox,14,21,66.67
Virginia Davis,6,9,66.67
Ashley Espinoza,6,9,66.67
Harry Smith,6,9,66.67
Brittany Payne,6,9,66.67
Robert Fisher,14,21,66.67
Jerry Clark,6,9,66.67
Julie Harris,8,12,66.67
Alexis Smith,30,45,66.67
Mark Dunn,8,12,66.67
Brandon Garza,6,9,66.67
Kimberly Lopez,30,45,66.67
Amanda Stone,8,12,66.67
Stephanie Munoz,6,9,66.67
Linda Moore,8,12,66.67
Daniel Ponce,6,9,66.67
Nancy Hall,6,9,66.67
Richard Robbins,6,9,66.67
Lisa Lawrence,6,9,66.67
Mark Hayes,8,12,66.67
Karen Nelson,10,15,66.67
Joseph Greene,10,15,66.67
Matthew Palmer,6,9,66.67
Jason Richards,8,12,66.67
Courtney Boyd,6,9,66.67
Anthony Moreno,10,15,66.67
Cheryl Miller,12,18,66.67
Jeremy Taylor,6,9,66.67
Elizabeth Hunter,10,15,66.67
Michael Davenport,6,9,66.67
Michael Jimenez,20,30,66.67
Jennifer Cobb,6,9,66.67
Jennifer Hunter,8,12,66.67
Amy Long,6,9,66.67
David Bryant,20,30,66.67
Lisa Henry,10,15,66.67
James Glover,6,9,66.67
Melissa Bryant,8,12,66.67
Jennifer Maldonado,8,12,66.67
Amy Perry,6,9,66.67
Natalie Anderson,10,15,66.67
Joshua Watts,6,9,66.67
Tracy Perez,10,15,66.67
Benjamin Rogers,8,12,66.67
Kathryn Lee,6,9,66.67
Amanda Jenkins,6,9,66.67
Andrew Guerrero,6,9,66.67
Ryan Wallace,8,12,66.67
David Brady,6,9,66.67
Patricia Reynolds,8,12,66.67
Jessica Burton,6,9,66.67
Robert Johnston,8,12,66.67
David Robles,6,9,66.67
Justin Mcdonald,8,12,66.67
Amy Ortiz,6,9,66.67
Mark Hart,6,9,66.67
Joseph Barber,6,9,66.67
Karen Taylor,18,27,66.67
Thomas Gibbs,6,9,66.67
Tony Lopez,6,9,66.67
Brandon Alvarez,6,9,66.67
Tiffany Young,10,15,66.67
Michelle Hughes,8,12,66.67
Samuel Morris,6,9,66.67
Michael Beard,6,9,66.67
Yvonne Smith,6,9,66.67
Derek Williams,16,24,66.67
Angela Andrews,6,9,66.67
Julie Henry,6,9,66.67
Alicia Hernandez,8,12,66.67
Joseph Cooper,14,21,66.67
Jennifer Dillon,6,9,66.67
Scott Gibson,8,12,66.67
William Jacobs,6,9,66.67
Cody Hill,6,9,66.67
Michelle Gordon,8,12,66.67
Christopher Kaufman,6,9,66.67
Michael Kent,8,12,66.67
Crystal Coleman,6,9,66.67
Matthew Dawson,6,9,66.67
Thomas Nichols,10,15,66.67
Michael Franco,6,9,66.67
David Abbott,10,15,66.67
Joseph Moody,6,9,66.67
Austin Miller,10,15,66.67
Benjamin Garcia,12,18,66.67
Andrew Powell,6,9,66.67
Michael Morrow,6,9,66.67
Madison Jackson,6,9,66.67
Jessica Simmons,12,18,66.67
Juan Thomas,6,9,66.67
Robert Davidson,6,9,66.67
Ashley Guzman,8,12,66.67
Christina Smith,58,87,66.67
Patricia Castillo,6,9,66.67
Brian Herrera,10,15,66.67
Lisa Powell,14,21,66.67
Jeffrey Coleman,8,12,66.67
Andrew Robinson,20,30,66.67
Mark Wells,8,12,66.67
Ashley Snyder,6,9,66.67
Mark Richardson,10,15,66.67
Bradley Gonzalez,8,12,66.67
Dawn Moore,14,21,66.67
Katie Taylor,8,12,66.67
Jennifer Saunders,6,9,66.67
Pamela Anderson,10,15,66.67
Angela Russell,12,18,66.67
Heather Morgan,8,12,66.67
Joseph Chavez,10,15,66.67
Jon Jones,6,9,66.67
Mary Garcia,36,54,66.67
Erica Harris,8,12,66.67
Dawn Bennett,6,9,66.67
Pamela Gonzalez,8,12,66.67
Patrick Webb,6,9,66.67
Barbara Scott,8,12,66.67
Jon Thompson,6,9,66.67
Jordan Garcia,16,24,66.67
Ashley Jenkins,10,15,66.67
Paul Rogers,10,15,66.67
Jeffrey Porter,8,12,66.67
Jennifer Hodges,6,9,66.67
Joanna Brown,6,9,66.67
John Nunez,8,12,66.67
Andrea Ramirez,10,15,66.67
Gerald Anderson,8,12,66.67
Erica Martin,8,12,66.67
Christopher Spencer,8,12,66.67
Jerry Thomas,6,9,66.67
Jessica Douglas,6,9,66.67
John Watson,18,27,66.67
Shawn Simmons,6,9,66.67
Michael Mcdaniel,8,12,66.67
Heather Kim,6,9,66.67
Kevin Sullivan,8,12,66.67
Ronald Stewart,6,9,66.67
Whitney Miller,6,9,66.67
Jessica Nichols,8,12,66.67
Anthony Rice,6,9,66.67
Anthony Morrison,6,9,66.67
John Jacobs,14,21,66.67
Maria Ward,8,12,66.67
April Taylor,10,15,66.67
Christopher Maldonado,6,9,66.67
Christopher House,6,9,66.67
Molly Brown,6,9,66.67
Jennifer Oliver,10,15,66.67
Lisa Swanson,6,9,66.67
Robert Grant,12,18,66.67
Rebecca Russell,6,9,66.67
Kelly Gonzalez,20,30,66.67
Steven Patel,8,12,66.67
Paula Williams,14,21,66.67
Christina Shaw,6,9,66.67
Ronald Young,12,18,66.67
Anthony Chapman,6,9,66.67
Maria Hernandez,16,24,66.67
Sarah Morgan,10,15,66.67
Cheryl Anderson,6,9,66.67
Elizabeth Hines,6,9,66.67
Christian Hernandez,10,15,66.67
Beth Johnson,10,15,66.67
Luis Garcia,6,9,66.67
Scott Sullivan,6,9,66.67
Valerie Thomas,8,12,66.67
Patrick Phillips,6,9,66.67
Adam Wagner,6,9,66.67
Brian Rice,12,18,66.67
Mitchell Johnson,12,18,66.67
Robert Pierce,8,12,66.67
Anthony Stephens,6,9,66.67
Joshua Little,6,9,66.67
Robert Silva,14,21,66.67
Melissa Ortiz,12,18,66.67
Kristina King,6,9,66.67
Christine Butler,6,9,66.67
Deanna Johnson,12,18,66.67
Kelly Evans,8,12,66.67
Jason Rice,6,9,66.67
Nathan Robinson,6,9,66.67
Brenda Martin,14,21,66.67
Julie Hall,12,18,66.67
Daniel Robbins,6,9,66.67
Tyler Holmes,6,9,66.67
Natasha Smith,12,18,66.67
Amy Powers,8,12,66.67
Stephanie Patterson,10,15,66.67
Mary Santiago,6,9,66.67
Luis Williams,12,18,66.67
Nicholas Sanchez,12,18,66.67
John Hogan,8,12,66.67
Sheila Johnson,12,18,66.67
Christian Brown,8,12,66.67
David Stokes,6,9,66.67
Jenna Rodriguez,6,9,66.67
Michelle Chen,6,9,66.67
Jonathan Peterson,8,12,66.67
Donald Cox,8,12,66.67
Debra Scott,6,9,66.67
Jason Ramos,10,15,66.67
Adam Edwards,8,12,66.67
Eric Alexander,10,15,66.67
Mario Martinez,6,9,66.67
Joseph Hall,24,36,66.67
Amy Russell,8,12,66.67
William Howell,6,9,66.67
Rachel Moore,18,27,66.67
Andrew Evans,12,18,66.67
Tyler Thompson,6,9,66.67
Carol Walker,6,9,66.67
Ashley Burton,6,9,66.67
Jennifer Keller,8,12,66.67
Angela Garrett,8,12,66.67
Michelle Austin,8,12,66.67
Alyssa Jones,18,27,66.67
Jordan Wilson,16,24,66.67
Mario Johnson,6,9,66.67
Edward White,6,9,66.67
Edward Washington,6,9,66.67
Brandon Torres,8,12,66.67
Susan Flores,12,18,66.67
David Webster,12,18,66.67
Angela Pierce,6,9,66.67
Susan Stanley,6,9,66.67
Theresa Gonzalez,8,12,66.67
Linda King,8,12,66.67
Vanessa Scott,6,9,66.67
Michael Prince,8,12,66.67
Valerie Bennett,6,9,66.67
Jacqueline Parker,6,9,66.67
Brian Stevens,6,9,66.67
John Lowe,12,18,66.67
Melinda Jones,6,9,66.67
Jose Green,8,12,66.67
Kimberly Valdez,6,9,66.67
Benjamin Hill,6,9,66.67
Randy White,6,9,66.67
Timothy Wallace,8,12,66.67
Tracy Thompson,12,18,66.67
Danielle Parker,6,9,66.67
Arthur Miller,6,9,66.67
Danielle Morgan,8,12,66.67
Lisa Ferguson,10,15,66.67
Steven Henry,6,9,66.67
Steven Brewer,6,9,66.67
Juan Lopez,6,9,66.67
Angela Cunningham,8,12,66.67
Joseph Ramos,10,15,66.67
Laura Morgan,6,9,66.67
Shannon Cooper,6,9,66.67
John Patel,12,18,66.67
Sean Nelson,8,12,66.67
Amber Martinez,14,21,66.67
Sandra Tran,6,9,66.67
Lauren Smith,58,87,66.67
Joseph Castro,8,12,66.67
Ashley Harris,32,48,66.67
Christopher Cuevas,6,9,66.67
Jeremy Campbell,6,9,66.67
Christopher Lindsey,6,9,66.67
Amber Fisher,6,9,66.67
Andrew Cruz,8,12,66.67
William Gilbert,6,9,66.67
April Lee,12,18,66.67
Matthew Yang,6,9,66.67
Jeffrey Hill,12,18,66.67
Ronald Coleman,6,9,66.67
Juan Johnson,20,30,66.67
Charles James,8,12,66.67
Brian Price,14,21,66.67
Jeffrey Reyes,10,15,66.67
Timothy Olson,6,9,66.67
Laura Bradley,6,9,66.67
Elizabeth Castillo,6,9,66.67
Sandra Gray,6,9,66.67
Ashley Wheeler,6,9,66.67
Shannon Jones,26,39,66.67
Tracy Brown,26,39,66.67
Justin Wilson,20,30,66.67
Robert Hansen,8,12,66.67
Tammy Baker,8,12,66.67
Emily Edwards,8,12,66.67
Angela Snyder,6,9,66.67
Wendy Morris,6,9,66.67
Angel Jones,8,12,66.67
Robert Glover,6,9,66.67
Alicia Rodriguez,10,15,66.67
Daniel Cole,12,18,66.67
Tracy Scott,6,9,66.67
Maria Murphy,6,9,66.67
Wendy Lee,10,15,66.67
Robert Byrd,6,9,66.67
Stephen Flores,8,12,66.67
Ryan Alvarez,6,9,66.67
Joshua Andrews,6,9,66.67
Mark Hess,6,9,66.67
Richard Peterson,10,15,66.67
Stephanie Morgan,12,18,66.67
Nathan Lewis,6,9,66.67
Christina Young,16,24,66.67
Kevin Diaz,10,15,66.67
Kimberly Gregory,8,12,66.67
Carol Johnson,16,24,66.67
Andrea Garcia,20,30,66.67
Kelly Patterson,6,9,66.67
Brian Black,10,15,66.67
Jeremy Anderson,16,24,66.67
Brandon Wood,6,9,66.67
Justin Howard,6,9,66.67
Jordan Parker,8,12,66.67
Amy Hernandez,26,39,66.67
Andrew Wheeler,6,9,66.67
Amy Lopez,26,39,66.67
Jennifer Jackson,64,96,66.67
Sara Baker,6,9,66.67
Cheryl White,8,12,66.67
Lisa Boyd,6,9,66.67
Denise Perez,6,9,66.67
Christopher Strickland,8,12,66.67
Brian Simmons,6,9,66.67
Stephanie Price,6,9,66.67
Jason Salazar,6,9,66.67
Diane Miller,8,12,66.67
Carmen Brown,6,9,66.67
Heidi Edwards,6,9,66.67
Eric Hughes,8,12,66.67
James Freeman,12,18,66.67
Erik Jones,6,9,66.67
Tammy Torres,6,9,66.67
Justin Bell,8,12,66.67
Jeffrey Taylor,26,39,66.67
Brittany Butler,6,9,66.67
Robert Schneider,8,12,66.67
Anna Torres,6,9,66.67
Christopher Harris,48,72,66.67
Kevin Byrd,6,9,66.67
Alexander Wilson,14,21,66.67
Jeffrey Gray,12,18,66.67
Kimberly Perkins,6,9,66.67
Daniel Carroll,6,9,66.67
John Hart,10,15,66.67
Jeffrey Armstrong,6,9,66.67
Jasmine Thomas,6,9,66.67
Mark Andrade,6,9,66.67
Joshua Cross,6,9,66.67
Jill Jones,10,15,66.67
Sharon Wilson,8,12,66.67
Daniel Bates,8,12,66.67
Tara Campbell,6,9,66.67
Lisa Mckinney,6,9,66.67
Anthony Garrett,6,9,66.67
Sarah Ford,6,9,66.67
Jennifer Peters,12,18,66.67
Catherine Ramirez,8,12,66.67
Steven Perry,8,12,66.67
Charles Gonzales,8,12,66.67
Richard Murray,10,15,66.67
Jacob Gordon,6,9,66.67
Danielle Green,10,15,66.67
Anna Henry,6,9,66.67
Charles Russell,8,12,66.67
Alexis Moore,8,12,66.67
Ashley Rivera,14,21,66.67
Charles Green,14,21,66.67
Teresa Wood,8,12,66.67
William Weber,8,12,66.67
Steven Sandoval,6,9,66.67
Dawn Anderson,12,18,66.67
Jacob Combs,6,9,66.67
Stephen Nelson,6,9,66.67
Bruce Smith,14,21,66.67
Scott Walker,18,27,66.67
Kelly Simpson,6,9,66.67
Christopher Carpenter,6,9,66.67
Debra Robinson,8,12,66.67
Laura Reyes,6,9,66.67
Kathryn Jones,22,33,66.67
Christopher Griffith,6,9,66.67
Kimberly Greene,6,9,66.67
Andrew Moran,6,9,66.67
Ian Wilson,8,12,66.67
Jonathan West,6,9,66.67
Sandra Edwards,6,9,66.67
Barbara Campbell,10,15,66.67
Nicole Hill,12,18,66.67
Michael Carson,10,15,66.67
Nathan Collins,6,9,66.67
Gabriel Johnson,10,15,66.67
Patricia Chavez,6,9,66.67
Robert Diaz,18,27,66.67
Lindsey Miller,10,15,66.67
Daniel Patel,8,12,66.67
Michael Keith,10,15,66.67
Charles Torres,10,15,66.67
Jeremy Walker,6,9,66.67
Christopher Petersen,8,12,66.67
Nicole Moore,20,30,66.67
Paul Reyes,6,9,66.67
Christopher Stout,8,12,66.67
Stephanie Ross,6,9,66.67
Chelsea Thomas,6,9,66.67
Denise Williams,18,27,66.67
Monica Evans,6,9,66.67
Tara Sanchez,6,9,66.67
David Tran,10,15,66.67
Timothy Carlson,6,9,66.67
Kenneth Cole,10,15,66.67
Paul Estrada,6,9,66.67
Brian Hughes,10,15,66.67
Joseph West,12,18,66.67
Amanda Pierce,6,9,66.67
Taylor Johnson,34,51,66.67
Stephanie Reynolds,10,15,66.67
John Mason,8,12,66.67
Timothy Bishop,8,12,66.67
Timothy Fowler,6,9,66.67
Martin Allen,6,9,66.67
Kenneth Williams,38,57,66.67
Kimberly Black,6,9,66.67
Tara Rodriguez,8,12,66.67
Jeffrey Jenkins,10,15,66.67
Melissa Armstrong,6,9,66.67
Kaitlyn Lewis,6,9,66.67
Joshua Greene,6,9,66.67
Jonathan Foster,8,12,66.67
David Gibson,24,36,66.67
David Colon,6,9,66.67
Lisa Vasquez,6,9,66.67
John Wright,34,51,66.67
Kelly Sanders,8,12,66.67
Christopher Lozano,6,9,66.67
Tiffany Price,6,9,66.67
Veronica Clark,6,9,66.67
Erica Reed,6,9,66.67
Joseph Jordan,8,12,66.67
Joshua Santos,8,12,66.67
Alexis Jones,22,33,66.67
Michael Moody,6,9,66.67
Amanda Washington,6,9,66.67
John Beard,8,12,66.67
Kelly Sanchez,14,21,66.67
Stephanie Gomez,10,15,66.67
Alyssa Henderson,6,9,66.67
Mark Hudson,10,15,66.67
Christina Schmidt,6,9,66.67
Alexander Rodriguez,12,18,66.67
Daniel Vazquez,6,9,66.67
Michael Benson,10,15,66.67
Daniel Kim,10,15,66.67
David Roman,8,12,66.67
Catherine Thomas,8,12,66.67
Kelly Rodriguez,18,27,66.67
Justin Brooks,6,9,66.67
Jessica Soto,6,9,66.67
Nicole Medina,6,9,66.67
Rebecca Henry,6,9,66.67
Stephanie Mitchell,10,15,66.67
Richard White,30,45,66.67
Mary Bryant,6,9,66.67
Kevin Long,8,12,66.67
John Kelley,16,24,66.67
Steven Lewis,24,36,66.67
Lisa Payne,6,9,66.67
Kevin Hamilton,6,9,66.67
John Pitts,6,9,66.67
Lauren Cook,6,9,66.67
Jacob Knight,6,9,66.67
Jennifer Hutchinson,8,12,66.67
Kelsey Gonzalez,6,9,66.67
Kyle Freeman,6,9,66.67
Samantha Richardson,14,21,66.67
Craig Lee,6,9,66.67
Jessica Saunders,6,9,66.67
Edward Webb,6,9,66.67
Rachel Carlson,6,9,66.67
Samantha Crawford,6,9,66.67
Melissa Diaz,12,18,66.67
Steven Morales,8,12,66.67
Alexis Wright,8,12,66.67
Charles Rivera,8,12,66.67
Devin Davis,6,9,66.67
Jessica Mejia,6,9,66.67
Kimberly Tucker,10,15,66.67
Kathleen Green,6,9,66.67
Catherine Evans,8,12,66.67
Julie Morgan,8,12,66.67
Rachel Williams,38,57,66.67
Jeffrey Adams,18,27,66.67
Sean Harris,8,12,66.67
Ashley Cox,10,15,66.67
Courtney Torres,6,9,66.67
Anthony Duncan,6,9,66.67
Danny Robinson,6,9,66.67
Joshua Chen,6,9,66.67
Donna Russell,6,9,66.67
Michael Underwood,8,12,66.67
Michael Atkinson,8,12,66.67
Joel Brown,10,15,66.67
Kristen Lopez,12,18,66.67
Leslie Garcia,12,18,66.67
Jennifer Hammond,6,9,66.67
Joseph Howell,6,9,66.67
Douglas Rogers,8,12,66.67
Tiffany Holmes,6,9,66.67
Brandon Richardson,6,9,66.67
Jason Stokes,6,9,66.67
Carl Smith,14,21,66.67
Anthony Fernandez,6,9,66.67
Gregory Brooks,6,9,66.67
Eric Hamilton,6,9,66.67
Erica Lee,8,12,66.67
Christy Johnson,8,12,66.67
Ronald Baker,6,9,66.67
David Yang,8,12,66.67
Amanda Elliott,6,9,66.67
Pamela Murphy,6,9,66.67
Joseph Dean,8,12,66.67
Stephen Cruz,6,9,66.67
John Schneider,8,12,66.67
Brandon Herrera,6,9,66.67
Christopher Page,6,9,66.67
Karen West,6,9,66.67
Scott Hunter,6,9,66.67
Matthew Drake,8,12,66.67
William Lee,30,45,66.67
Robert Lester,6,9,66.67
Scott Tucker,6,9,66.67
Jamie Alexander,6,9,66.67
Eric Jordan,12,18,66.67
Jennifer Wilkinson,6,9,66.67
Hunter Williams,8,12,66.67
Robert Tate,8,12,66.67
Anthony Jones,44,66,66.67
Angela Mccoy,6,9,66.67
Jessica Shaw,8,12,66.67
Heather Rodriguez,18,27,66.67
Anthony Campbell,12,18,66.67
George Phillips,6,9,66.67
Jonathan Armstrong,6,9,66.67
Rebecca Johnston,6,9,66.67
Kevin Fletcher,6,9,66.67
Anthony Tucker,6,9,66.67
Meghan Smith,8,12,66.67
Annette Williams,8,12,66.67
Robert Bowers,8,12,66.67
Susan Robertson,6,9,66.67
Tyler Davis,20,30,66.67
Steven Jones,48,72,66.67
Margaret Hall,8,12,66.67
Joshua Russell,8,12,66.67
Amanda Garner,6,9,66.67
Michael Wood,34,51,66.67
Matthew Rogers,18,27,66.67
Alexis Hill,6,9,66.67
Kimberly Morgan,14,21,66.67
Diana Garcia,12,18,66.67
Andrea King,8,12,66.67
Lisa Park,6,9,66.67
Christina King,10,15,66.67
Stephanie Romero,8,12,66.67
Donna Stephens,6,9,66.67
Laura Murphy,6,9,66.67
Kristy Smith,6,9,66.67
Thomas Gutierrez,8,12,66.67
Paul Diaz,6,9,66.67
John Warren,12,18,66.67
Lauren Graham,6,9,66.67
Matthew Hart,12,18,66.67
Robert Shaw,10,15,66.67
Stephanie Morrison,6,9,66.67
Amy Patel,8,12,66.67
Amanda Austin,6,9,66.67
Julie Williams,44,66,66.67
April Miller,22,33,66.67
Christopher Hawkins,12,18,66.67
James Mclaughlin,8,12,66.67
Alexander Davis,24,36,66.67
Alicia King,6,9,66.67
Douglas Lewis,10,15,66.67
Ashley Washington,6,9,66.67
Lisa Montgomery,8,12,66.67
Laura Simmons,8,12,66.67
Travis Perez,6,9,66.67
Susan Alexander,6,9,66.67
Barbara Harris,8,12,66.67
Tammy Cook,6,9,66.67
Dennis Harris,6,9,66.67
Amber King,8,12,66.67
Brandon Carpenter,8,12,66.67
Daniel Sutton,6,9,66.67
Ryan Carr,6,9,66.67
Amber Johnson,42,63,66.67
Mary Dennis,6,9,66.67
Pamela Martin,6,9,66.67
Timothy Warren,6,9,66.67
Kim Williams,10,15,66.67
Daniel Ellis,12,18,66.67
Bryan Hernandez,10,15,66.67
Courtney Stewart,6,9,66.67
Mark Rivera,10,15,66.67
Elizabeth Chavez,8,12,66.67
Stacy Clark,6,9,66.67
Joshua Chavez,8,12,66.67
Misty Johnson,8,12,66.67
Jonathan Ortiz,6,9,66.67
Amy Matthews,6,9,66.67
Eric Porter,6,9,66.67
Jeffrey Sanchez,14,21,66.67
Ashley Ramirez,12,18,66.67
James Wolf,6,9,66.67
Kenneth Morales,6,9,66.67
Richard Taylor,24,36,66.67
Emily Richardson,6,9,66.67
Scott Garcia,22,33,66.67
Laura Moss,6,9,66.67
Ricardo Davis,6,9,66.67
Amanda Clark,20,30,66.67
Rebecca Bennett,6,9,66.67
Megan Howard,8,12,66.67
Matthew Cruz,12,18,66.67
Tiffany Martin,14,21,66.67
Nicole Santiago,6,9,66.67
Andrew Lawson,6,9,66.67
Richard Anderson,38,57,66.67
Erica Anderson,10,15,66.67
Kristen Davis,14,21,66.67
Nathan King,6,9,66.67
Angela Clark,22,33,66.67
Gregory King,10,15,66.67
Rachel Morris,6,9,66.67
Nicholas Taylor,20,30,66.67
Jorge Miller,6,9,66.67
Destiny Smith,6,9,66.67
Samantha Bailey,8,12,66.67
James Cunningham,10,15,66.67
Christian Jones,10,15,66.67
Donald King,10,15,66.67
Amanda Hernandez,42,63,66.67
Laura Williams,48,72,66.67
Nicholas Rogers,8,12,66.67
Jennifer Coleman,16,24,66.67
Rebecca Cox,6,9,66.67
William Griffin,8,12,66.67
Angelica Williams,6,9,66.67
Jeffrey Alvarez,10,15,66.67
Christy Williams,6,9,66.67
Grace Jones,6,9,66.67
Carlos Jones,12,18,66.67
Rodney Torres,6,9,66.67
Jennifer Mcgee,6,9,66.67
Stephanie Fields,6,9,66.67
Sean Turner,6,9,66.67
Danielle Clark,6,9,66.67
Thomas Garner,6,9,66.67
Emily Butler,6,9,66.67
David Bass,6,9,66.67
Amber Kelly,6,9,66.67
Amanda Lambert,6,9,66.67
Nicholas Hughes,10,15,66.67
Mary Guerrero,6,9,66.67
Andrea Howard,6,9,66.67
Lisa Horton,6,9,66.67
Anthony Dixon,6,9,66.67
Susan Gonzalez,16,24,66.67
Jessica Barrett,10,15,66.67
Raymond Allen,8,12,66.67
Jeffrey Cruz,6,9,66.67
Dustin Green,8,12,66.67
Matthew Bean,6,9,66.67
Brittany Washington,6,9,66.67
Jennifer Ball,6,9,66.67
Linda Jones,28,42,66.67
David Fischer,6,9,66.67
Brittany Rogers,6,9,66.67
Angela Tucker,8,12,66.67
Angela Ford,8,12,66.67
Cynthia Jenkins,6,9,66.67
Patrick Hoffman,6,9,66.67
Daniel Navarro,6,9,66.67
James Farrell,6,9,66.67
Paul Hansen,6,9,66.67
Matthew Moreno,12,18,66.67
Jamie Murphy,8,12,66.67
David Patel,14,21,66.67
Jonathan Thompson,20,30,66.67
Steven Miller,48,72,66.67
Stephanie Walker,22,33,66.67
Michael Sloan,6,9,66.67
Kenneth Simmons,8,12,66.67
Tyler Rodriguez,14,21,66.67
Kimberly Warren,8,12,66.67
Anthony Day,6,9,66.67
Derrick Hernandez,6,9,66.67
Daniel Harrison,12,18,66.67
Jose Hill,6,9,66.67
Matthew Armstrong,12,18,66.67
Larry Moore,8,12,66.67
Kurt Jones,6,9,66.67
Paul Cooper,6,9,66.67
James Hubbard,8,12,66.67
Steven George,8,12,66.67
Brian Harrison,10,15,66.67
David Austin,10,15,66.67
Julie King,14,21,66.67
Michelle Mack,6,9,66.67
Lori Jacobs,6,9,66.67
Aaron Adams,8,12,66.67
Steven Alvarez,6,9,66.67
Susan Wilson,20,30,66.67
Melissa Parker,12,18,66.67
Carrie Jones,8,12,66.67
Johnny Williams,14,21,66.67
Amanda Jacobs,6,9,66.67
Juan Davis,14,21,66.67
Abigail Davis,8,12,66.67
Alex King,6,9,66.67
Terry Thompson,6,9,66.67
Debbie Miller,6,9,66.67
Lisa Moore,36,54,66.67
Daniel Alvarez,10,15,66.67
Michele Jones,16,24,66.67
Paul Hayes,6,9,66.67
Crystal Foster,6,9,66.67
Paul Carter,12,18,66.67
Stephanie Chapman,6,9,66.67
Luis Brown,8,12,66.67
Lisa Long,10,15,66.67
Timothy Moreno,6,9,66.67
Susan Ramos,8,12,66.67
Michael Barnes,28,42,66.67
Jamie Diaz,6,9,66.67
Jaime Williams,6,9,66.67
William Cohen,6,9,66.67
Jennifer Terry,6,9,66.67
Rebecca Morgan,12,18,66.67
Phillip Smith,22,33,66.67
Joseph Ryan,8,12,66.67
Angela Morales,6,9,66.67
Michael Hodge,8,12,66.67
Ashley Franco,6,9,66.67
Alexander Pena,6,9,66.67
Jennifer Lopez,54,81,66.67
Joshua Gardner,6,9,66.67
Nicholas Moreno,8,12,66.67
Jeremy Mitchell,6,9,66.67
Sabrina Lee,6,9,66.67
Stephen Hill,10,15,66.67
Michael Mcguire,10,15,66.67
Richard Alvarado,6,9,66.67
Ryan Cunningham,6,9,66.67
Daniel Carter,16,24,66.67
Charles Mason,6,9,66.67
Denise Kelly,6,9,66.67
Russell Harris,6,9,66.67
Sara Nelson,12,18,66.67
Christian Gonzalez,6,9,66.67
James Kane,6,9,66.67
Tiffany Allen,8,12,66.67
Kevin Dawson,8,12,66.67
Phillip Moore,6,9,66.67
Valerie Roberts,6,9,66.67
Lisa Barnett,6,9,66.67
Raymond Turner,6,9,66.67
Daniel Stephens,8,12,66.67
Deborah Phillips,6,9,66.67
Nicole Bennett,12,18,66.67
John Day,6,9,66.67
Francisco Johnson,10,15,66.67
Tiffany Cook,6,9,66.67
Christopher Chen,10,15,66.67
James Simmons,14,21,66.67
Paul Howard,6,9,66.67
Kevin Palmer,8,12,66.67
Mark Phillips,16,24,66.67
Sarah Jones,64,96,66.67
Charles Long,8,12,66.67
Jamie Garcia,20,30,66.67
Christopher Rivera,22,33,66.67
Michelle Watson,10,15,66.67
Jason Alvarez,6,9,66.67
Richard Gonzalez,26,39,66.67
Bruce Miller,6,9,66.67
Stephen Olson,6,9,66.67
Ryan Wilson,20,30,66.67
Joshua Turner,14,21,66.67
Amy Hardy,6,9,66.67
Vanessa Perez,6,9,66.67
Samantha Cooper,8,12,66.67
William Farmer,6,9,66.67
Alexander Lewis,6,9,66.67
Robert Elliott,10,15,66.67
Christopher Silva,12,18,66.67
Jennifer Olson,6,9,66.67
Lisa Romero,6,9,66.67
Scott Mills,6,9,66.67
Kevin Warren,8,12,66.67
Robert Coleman,14,21,66.67
William Mcdaniel,6,9,66.67
Kimberly Stephens,6,9,66.67
Danielle Edwards,8,12,66.67
Joseph Perry,6,9,66.67
Aaron Martinez,12,18,66.67
Christopher Berger,6,9,66.67
Sarah Hill,22,33,66.67
Sharon Young,8,12,66.67
Frank Taylor,8,12,66.67
Ashley Fox,6,9,66.67
Michael Gentry,8,12,66.67
Rebecca Jensen,6,9,66.67
Tonya Williams,12,18,66.67
Laura Blake,6,9,66.67
Susan Smith,64,96,66.67
Dawn Jones,18,27,66.67
John Stout,6,9,66.67
Ricky Smith,10,15,66.67
Brian Little,6,9,66.67
Kevin Brewer,8,12,66.67
Lynn Brown,6,9,66.67
Mark Ortiz,10,15,66.67
Alex Wilson,6,9,66.67
Jamie Hicks,6,9,66.67
Joel Garcia,6,9,66.67
Brenda Carter,6,9,66.67
Melissa Hernandez,28,42,66.67
Jennifer Richards,10,15,66.67
Anthony Ross,12,18,66.67
Ashley Hart,6,9,66.67
Matthew Gutierrez,16,24,66.67
Patricia Gutierrez,8,12,66.67
Jonathan Ford,6,9,66.67
Jason Chambers,6,9,66.67
Nancy Wilson,8,12,66.67
Joshua Gordon,6,9,66.67
Brooke Smith,10,15,66.67
Matthew Morales,14,21,66.67
Anthony Santiago,6,9,66.67
Laura Rodriguez,24,36,66.67
David Mcdaniel,8,12,66.67
Ashley Klein,6,9,66.67
Derek Gonzalez,8,12,66.67
Madison Johnson,12,18,66.67
Kevin Daniel,6,9,66.67
Mark Robertson,8,12,66.67
Jason Henry,6,9,66.67
Nancy Clark,10,15,66.67
Peter Jones,16,24,66.67
Heather Stephens,6,9,66.67
April Harris,6,9,66.67
David Woods,16,24,66.67
Patricia Thomas,14,21,66.67
Brenda Walker,6,9,66.67
Matthew Gray,10,15,66.67
Austin Gonzalez,8,12,66.67
Cassandra Walker,6,9,66.67
Daniel Greene,8,12,66.67
Trevor Johnson,6,9,66.67
Ryan Mendoza,6,9,66.67
Nathaniel Rodriguez,6,9,66.67
Brian Kelley,10,15,66.67
Kathleen Brown,20,30,66.67
Shannon Stewart,10,15,66.67
Mary Hunter,6,9,66.67
Julie Hunt,6,9,66.67
Laura Hawkins,8,12,66.67
Amanda Chavez,10,15,66.67
Pamela Young,10,15,66.67
Jennifer Hays,6,9,66.67
David Love,10,15,66.67
Stephanie Greene,6,9,66.67
Nicholas Kelly,10,15,66.67
Sean Stewart,6,9,66.67
Matthew Morrow,6,9,66.67
Joseph Keller,6,9,66.67
Robert Clarke,6,9,66.67
William Fischer,6,9,66.67
Hannah Clark,6,9,66.67
John Olson,12,18,66.67
James Thornton,8,12,66.67
Jennifer Perry,16,24,66.67
Ryan Daniels,6,9,66.67
Richard Perkins,8,12,66.67
Nicole Sanders,8,12,66.67
Kenneth Hall,14,21,66.67
Michelle Cunningham,6,9,66.67
Barbara Sanchez,8,12,66.67
Leah Miller,10,15,66.67
Matthew Morrison,6,9,66.67
Toni Smith,8,12,66.67
Kelly Gray,8,12,66.67
Barbara Adams,6,9,66.67
Steven Richardson,10,15,66.67
Michael Park,10,15,66.67
Kevin Barr,6,9,66.67
Raymond Lee,6,9,66.67
Linda Wright,6,9,66.67
Sarah Ruiz,8,12,66.67
Mark Diaz,14,21,66.67
Diana Sanchez,10,15,66.67
Hannah Jordan,6,9,66.67
Anthony Crawford,6,9,66.67
Kimberly Molina,6,9,66.67
Mark Brewer,6,9,66.67
Anthony Harrison,6,9,66.67
Kimberly Griffin,12,18,66.67
Eric Johnson,60,90,66.67
Jason Chapman,6,9,66.67
Michael Foley,8,12,66.67
Erin Griffith,6,9,66.67
Michael Velasquez,8,12,66.67
John Valencia,6,9,66.67
Anne Johnson,10,15,66.67
Robert Ibarra,6,9,66.67
Amy Turner,10,15,66.67
Jessica Schroeder,6,9,66.67
Holly Johnson,18,27,66.67
Daniel Coleman,14,21,66.67
Seth Jackson,6,9,66.67
Sarah Mills,6,9,66.67
Eric Armstrong,6,9,66.67
Jennifer Williamson,12,18,66.67
Daniel Mccoy,6,9,66.67
Lori Edwards,6,9,66.67
Michael Stephenson,6,9,66.67
Kyle Hall,6,9,66.67
Erica Garcia,12,18,66.67
Jennifer Schultz,8,12,66.67
Meghan Williams,8,12,66.67
Susan Stewart,8,12,66.67
Matthew George,6,9,66.67
Kevin Larson,6,9,66.67
Cathy Williams,6,9,66.67
Amanda Sanders,8,12,66.67
Taylor Taylor,10,15,66.67
Monica Lee,8,12,66.67
Peter Allen,10,15,66.67
Anthony Wood,6,9,66.67
Douglas Howard,6,9,66.67
Christopher Greene,10,15,66.67
Ronald Allen,6,9,66.67
David Mcdowell,6,9,66.67
Tim Williams,6,9,66.67
Amy Welch,6,9,66.67
Andrew Manning,6,9,66.67
Ryan Thompson,16,24,66.67
Kelly Edwards,12,18,66.67
Karen Duncan,6,9,66.67
Cody Harris,6,9,66.67
Sarah Simmons,10,15,66.67
Patricia Thompson,24,36,66.67
Stacey Wilson,6,9,66.67
Aaron Thomas,14,21,66.67
Jessica Carroll,12,18,66.67
Daniel Santos,6,9,66.67
Kimberly Mcdonald,8,12,66.67
Ryan George,6,9,66.67
Joshua Henry,12,18,66.67
Brooke Nguyen,6,9,66.67
Craig Lewis,6,9,66.67
William Jordan,6,9,66.67
Ronnie Jones,6,9,66.67
Michael Deleon,6,9,66.67
Jeffrey Lucas,6,9,66.67
Matthew Harrington,6,9,66.67
Jose Rodriguez,10,15,66.67
William Ryan,8,12,66.67
Daniel Nguyen,22,33,66.67
Deborah Ramirez,6,9,66.67
Joseph Wade,10,15,66.67
Kenneth Thomas,20,30,66.67
Dylan Johnson,14,21,66.67
Michelle George,8,12,66.67
Michelle Gardner,8,12,66.67
Kimberly Valenzuela,6,9,66.67
Danielle Scott,6,9,66.67
Timothy Ferguson,6,9,66.67
Michael Morgan,30,45,66.67
David Hansen,10,15,66.67
Matthew Jefferson,6,9,66.67
Elizabeth Jordan,6,9,66.67
Scott Jordan,8,12,66.67
Michelle Rivera,10,15,66.67
Lisa Bell,14,21,66.67
Danielle Mitchell,8,12,66.67
James Erickson,10,15,66.67
Angela Watkins,6,9,66.67
Scott Collins,10,15,66.67
Sarah Hawkins,8,12,66.67
Jason Bailey,12,18,66.67
Sean Wright,6,9,66.67
Christopher Frazier,8,12,66.67
Heather Cruz,10,15,66.67
Katherine Nelson,6,9,66.67
Jason Lawrence,6,9,66.67
David Wang,6,9,66.67
Heather Morales,6,9,66.67
Jonathan King,8,12,66.67
Andrew Elliott,8,12,66.67
Laura Johnston,6,9,66.67
Ashley Burke,6,9,66.67
Thomas Perez,14,21,66.67
Angela Coleman,6,9,66.67
Christopher York,6,9,66.67
James Mack,8,12,66.67
Jacqueline Johnson,26,39,66.67
Melissa Wilson,34,51,66.67
Matthew French,6,9,66.67
Emily Cox,10,15,66.67
Tiffany Martinez,12,18,66.67
Mark Oliver,6,9,66.67
Cheryl Simmons,6,9,66.67
Michael Morton,12,18,66.67
Jennifer Welch,10,15,66.67
Jennifer Munoz,10,15,66.67
Bradley Cox,6,9,66.67
Jamie Rodriguez,8,12,66.67
Kristen Anderson,12,18,66.67
Alicia Wilson,10,15,66.67
Pamela Harris,16,24,66.67
Lauren Rivera,6,9,66.67
Brandon Carter,6,9,66.67
Jonathan Allen,8,12,66.67
Austin Wright,6,9,66.67
Brandon Gonzales,8,12,66.67
Jessica Sanders,10,15,66.67
Adrienne Smith,6,9,66.67
Jill Gonzalez,6,9,66.67
Andrea Webb,6,9,66.67
Courtney Fisher,6,9,66.67
Stephanie Newman,6,9,66.67
Amy Cunningham,6,9,66.67
Maria Hill,8,12,66.67
Charles Henderson,8,12,66.67
Jessica Mullins,6,9,66.67
Jason Brown,62,93,66.67
Matthew Contreras,6,9,66.67
Julie Lee,12,18,66.67
Craig Robinson,6,9,66.67
Sean Carter,6,9,66.67
Christopher Freeman,10,15,66.67
Christine Martinez,16,24,66.67
Tyler Evans,6,9,66.67
Lisa Mcdonald,10,15,66.67
Richard Molina,6,9,66.67
James Singleton,6,9,66.67
Tyler Lopez,12,18,66.67
Scott Sanders,6,9,66.67
Elizabeth Wagner,8,12,66.67
Theresa Green,8,12,66.67
Brian Evans,20,30,66.67
Patricia Clark,8,12,66.67
Debra Stewart,6,9,66.67
Dawn Lee,8,12,66.67
David Silva,10,15,66.67
Joshua Jimenez,8,12,66.67
Steven Peterson,8,12,66.67
Paul Evans,8,12,66.67
John House,6,9,66.67
David Collier,6,9,66.67
Angela Keller,8,12,66.67
Victoria Stewart,8,12,66.67
Jason Alexander,6,9,66.67
Christopher Bush,8,12,66.67
John Fuller,10,15,66.67
Anthony Mitchell,18,27,66.67
Joshua Lawrence,8,12,66.67
Lisa Elliott,12,18,66.67
Carla Jones,8,12,66.67
April Hill,8,12,66.67
Rachel Ellis,10,15,66.67
Shannon Rodriguez,10,15,66.67
Melissa Long,10,15,66.67
Heather Butler,8,12,66.67
Teresa Green,6,9,66.67
Mark Poole,6,9,66.67
Lauren Reyes,6,9,66.67
Robert Hunt,8,12,66.67
Jennifer Mercado,6,9,66.67
Melissa Larson,6,9,66.67
Jamie Gomez,6,9,66.67
Jordan Miller,22,33,66.67
Rhonda Martin,8,12,66.67
Angela Baker,10,15,66.67
Sarah Tucker,8,12,66.67
Michael Burton,14,21,66.67
Jessica Fisher,8,12,66.67
Susan Mccoy,6,9,66.67
Denise Stewart,6,9,66.67
Crystal Murphy,8,12,66.67
Tammy Roberts,8,12,66.67
Christopher Richardson,20,30,66.67
Samantha Phillips,10,15,66.67
Timothy Simmons,8,12,66.67
Michelle Hunter,8,12,66.67
Alexis Long,6,9,66.67
Tina Edwards,8,12,66.67
Mary Thompson,20,30,66.67
Janet Adams,6,9,66.67
John Edwards,22,33,66.67
Chad Wilson,6,9,66.67
Robert Gregory,6,9,66.67
James Villarreal,6,9,66.67
Eric Watson,8,12,66.67
Matthew Castro,12,18,66.67
Meghan Jones,6,9,66.67
James Boyd,12,18,66.67
Stephen Rogers,8,12,66.67
Chad Walker,6,9,66.67
Charles Scott,16,24,66.67
Sarah Hamilton,6,9,66.67
Suzanne Anderson,6,9,66.67
Cindy Sanchez,8,12,66.67
Michael Moon,6,9,66.67
Ronald Diaz,6,9,66.67
Pamela Patterson,6,9,66.67
Robert Murphy,24,36,66.67
Walter Jones,6,9,66.67
Paul Hudson,6,9,66.67
Judy Smith,10,15,66.67
Richard Hernandez,36,54,66.67
Hannah Martin,6,9,66.67
Timothy Carroll,6,9,66.67
Anna Brown,12,18,66.67
Mary Kim,10,15,66.67
Steven Hunt,12,18,66.67
Tyler Green,6,9,66.67
Amy Vargas,6,9,66.67
Brent Jones,8,12,66.67
Traci Smith,6,9,66.67
Mary Simon,6,9,66.67
David Berry,10,15,66.67
Charles Brooks,12,18,66.67
Karen Hill,8,12,66.67
William Warren,6,9,66.67
Jessica Jackson,46,69,66.67
John Medina,16,24,66.67
Sarah Dixon,6,9,66.67
Nicole Nelson,16,24,66.67
Jonathan Rivera,10,15,66.67
William Meyers,6,9,66.67
Alexis Lewis,6,9,66.67
Matthew Schultz,10,15,66.67
Bonnie Garcia,6,9,66.67
Robert Estrada,8,12,66.67
William Hill,26,39,66.67
John Hancock,6,9,66.67
Shannon Allen,8,12,66.67
Emily Chapman,6,9,66.67
Kimberly Matthews,8,12,66.67
Brittany Walker,12,18,66.67
Brian Mccarthy,6,9,66.67
Christopher Meyer,12,18,66.67
John Parsons,8,12,66.67
Jonathan Watson,6,9,66.67
Melissa Santiago,6,9,66.67
Ashley Gonzales,12,18,66.67
Elizabeth Sanders,8,12,66.67
Cynthia Peterson,6,9,66.67
Jennifer Mejia,6,9,66.67
Robin Morgan,6,9,66.67
Crystal Gonzalez,10,15,66.67
Angela Myers,8,12,66.67
Kevin Reynolds,8,12,66.67
Phillip Gonzalez,8,12,66.67
Joshua Foster,14,21,66.67
Douglas Garcia,8,12,66.67
Jessica Deleon,6,9,66.67
Jeremy Bell,6,9,66.67
Jennifer Chavez,18,27,66.67
Shane Johnson,8,12,66.67
Frank Garcia,8,12,66.67
Steven Morris,12,18,66.67
Joseph Murphy,10,15,66.67
Andrew Sutton,6,9,66.67
David Hoover,6,9,66.67
Alyssa Young,6,9,66.67
Jonathan Jackson,20,30,66.67
David Shaffer,6,9,66.67
James Patterson,16,24,66.67
Teresa Baker,6,9,66.67
Billy Davis,6,9,66.67
Lindsay Brown,8,12,66.67
Michael Monroe,12,18,66.67
Nicholas Alexander,6,9,66.67
Christopher Adkins,6,9,66.67
Lauren Cole,6,9,66.67
Richard Wolfe,6,9,66.67
Susan Ferguson,6,9,66.67
Cory Hernandez,6,9,66.67
Christopher James,10,15,66.67
Michelle Bryant,6,9,66.67
Kevin Fox,8,12,66.67
Brian Ward,12,18,66.67
Erin Simmons,6,9,66.67
Nicole Torres,16,24,66.67
Miguel Thomas,6,9,66.67
Nancy Hill,8,12,66.67
Lindsay Martin,6,9,66.67
Andrea Flores,8,12,66.67
Zachary Hall,8,12,66.67
Monica Campbell,6,9,66.67
Stephanie Ward,10,15,66.67
Elizabeth Schneider,6,9,66.67
Darrell Smith,10,15,66.67
David Carson,10,15,66.67
Angela Moreno,6,9,66.67
Timothy James,6,9,66.67
Aaron Young,8,12,66.67
Crystal Rogers,6,9,66.67
Michael Humphrey,8,12,66.67
Robert Lawrence,16,24,66.67
Katherine Allen,8,12,66.67
Eric Alvarez,6,9,66.67
Eric Jones,48,72,66.67
Thomas Reed,14,21,66.67
Jodi Johnson,6,9,66.67
Eric Richardson,10,15,66.67
Dennis Baker,8,12,66.67
Autumn Anderson,6,9,66.67
Charles Jacobs,6,9,66.67
Patrick Lee,14,21,66.67
Michele Ortiz,6,9,66.67
Christopher Stephens,12,18,66.67
Victor Anderson,8,12,66.67
Pamela Ward,6,9,66.67
Cassandra Hernandez,6,9,66.67
Victoria Adams,6,9,66.67
Charles Simmons,6,9,66.67
Brian Jackson,32,48,66.67
Patricia Kelley,6,9,66.67
Benjamin Sullivan,6,9,66.67
Cindy Thomas,6,9,66.67
Michael Orr,8,12,66.67
Allison Taylor,8,12,66.67
David Rodgers,12,18,66.67
Jonathan Reyes,8,12,66.67
Jason Fox,8,12,66.67
Colleen Martin,6,9,66.67
Raymond Gutierrez,6,9,66.67
Christopher Patel,10,15,66.67
Michael Harrington,6,9,66.67
Jennifer Stone,12,18,66.67
Andrew Ward,8,12,66.67
William Collins,16,24,66.67
James Morgan,20,30,66.67
Deborah Sanchez,10,15,66.67
Benjamin Perez,10,15,66.67
Tiffany Phillips,6,9,66.67
Barbara Baker,8,12,66.67
Garrett Smith,6,9,66.67
Jenny Smith,12,18,66.67
Brittany Jackson,18,27,66.67
Nicole Bishop,6,9,66.67
Elizabeth Carlson,6,9,66.67
Dawn Gonzalez,8,12,66.67
Kathryn Baker,6,9,66.67
Alex Harris,6,9,66.67
David Lyons,6,9,66.67
Kenneth Reed,6,9,66.67
Amber Green,10,15,66.67
James Green,38,57,66.67
Andrew Lopez,20,30,66.67
Mark Meyer,6,9,66.67
Crystal Campbell,6,9,66.67
David Stevens,22,33,66.67
Keith Martin,12,18,66.67
Jennifer Holt,10,15,66.67
Gregory Richardson,8,12,66.67
Lisa Schultz,10,15,66.67
Tyler Wilson,16,24,66.67
Elizabeth Gordon,6,9,66.67
Sarah Hicks,8,12,66.67
Deborah Bailey,6,9,66.67
Christopher Yoder,6,9,66.67
Sabrina Williams,8,12,66.67
Michelle Lopez,26,39,66.67
Leslie White,10,15,66.67
Nicholas Lee,22,33,66.67
Sharon Collins,6,9,66.67
Dana Lee,8,12,66.67
Sarah Elliott,6,9,66.67
Katherine Turner,6,9,66.67
Melissa Wright,28,42,66.67
Robin Jones,18,27,66.67
Rachel Hayes,8,12,66.67
Jason Scott,16,24,66.67
Jennifer Santos,12,18,66.67
Christopher Andrews,12,18,66.67
Amber Schmidt,6,9,66.67
Sarah Powell,10,15,66.67
April Evans,6,9,66.67
John Chen,8,12,66.67
Kimberly Castro,6,9,66.67
Thomas Wang,6,9,66.67
Angel Williams,12,18,66.67
Patricia Kelly,6,9,66.67
David Gilbert,6,9,66.67
Christopher Berry,10,15,66.67
Kevin Rice,6,9,66.67
Emily Bradley,6,9,66.67
Mark Mcgee,6,9,66.67
David Santos,8,12,66.67
Joseph Brewer,6,9,66.67
Stephanie Simpson,8,12,66.67
Corey Johnson,20,30,66.67
Chelsea Lee,8,12,66.67
Tina Miller,14,21,66.67
Katherine Ortiz,6,9,66.67
Robin Rogers,6,9,66.67
Christopher Byrd,6,9,66.67
Kenneth Wright,14,21,66.67
Leslie Taylor,8,12,66.67
Alexandra Jones,10,15,66.67
Christopher Thornton,6,9,66.67
Andrea Lowe,6,9,66.67
Mark Marshall,8,12,66.67
Michael Daniel,10,15,66.67
Nicole Harvey,6,9,66.67
Timothy Morgan,8,12,66.67
Laura Henderson,6,9,66.67
Brandon Campbell,12,18,66.67
Erin Thomas,14,21,66.67
Michael Gallegos,8,12,66.67
Steven Chavez,6,9,66.67
Christopher Davis,96,144,66.67
Jennifer Osborne,8,12,66.67
Laurie Brown,8,12,66.67
David Davis,90,135,66.67
James Bowen,8,12,66.67
James Willis,6,9,66.67
Heather Fisher,8,12,66.67
James Bush,6,9,66.67
Joshua Sanders,10,15,66.67
Allison Robinson,6,9,66.67
James Summers,6,9,66.67
Allen Williams,8,12,66.67
Kristin Perez,6,9,66.67
Travis Roberts,8,12,66.67
Angela Robinson,26,39,66.67
Victoria Lee,10,15,66.67
Stephanie Green,16,24,66.67
Linda Jenkins,6,9,66.67
Lisa Carroll,8,12,66.67
William Lambert,6,9,66.67
Katherine Adams,8,12,66.67
Emily Hernandez,18,27,66.67
Kevin Martinez,30,45,66.67
Amy Nelson,8,12,66.67
Angela Murray,6,9,66.67
Courtney Martin,8,12,66.67
Andrew Jenkins,8,12,66.67
Michael Vincent,8,12,66.67
Nicole Edwards,6,9,66.67
Debra Gonzalez,6,9,66.67
Joshua Delgado,6,9,66.67
Jennifer Hoover,6,9,66.67
Jessica Ford,6,9,66.67
Joshua Kim,10,15,66.67
Jacob Rogers,6,9,66.67
Cynthia Young,6,9,66.67
Angela Gordon,8,12,66.67
Dana Lopez,6,9,66.67
James Ward,26,39,66.67
Susan Sanders,6,9,66.67
Linda Gomez,8,12,66.67
Natalie Hall,6,9,66.67
Bradley Rodriguez,8,12,66.67
Jennifer Wagner,12,18,66.67
Jason Duncan,6,9,66.67
Adam Adams,6,9,66.67
James Campos,6,9,66.67
Melissa Watkins,6,9,66.67
Shirley Smith,8,12,66.67
David Hamilton,10,15,66.67
Amy Castillo,8,12,66.67
Richard Roberts,18,27,66.67
Steven Sanders,10,15,66.67
Jessica Black,10,15,66.67
Mary Ball,6,9,66.67
Stacey Baker,6,9,66.67
John Nelson,38,57,66.67
Rebecca Lewis,18,27,66.67
James Mathews,6,9,66.67
Justin Campbell,12,18,66.67
Brian Schmidt,6,9,66.67
Robin Hernandez,10,15,66.67
Gary Clark,8,12,66.67
George Clark,10,15,66.67
Eric Beck,8,12,66.67
Richard West,8,12,66.67
Kristen Allen,6,9,66.67
Barbara Thomas,8,12,66.67
Melanie Adams,6,9,66.67
Tina Morgan,8,12,66.67
Justin Coleman,6,9,66.67
Nicole Park,6,9,66.67
Jasmine Clark,6,9,66.67
Elizabeth Young,18,27,66.67
Brian Collins,18,27,66.67
Jonathan Mcguire,6,9,66.67
Lisa Gordon,10,15,66.67
Jonathan Murphy,12,18,66.67
William Rojas,6,9,66.67
Frederick Johnson,6,9,66.67
Mark Gray,12,18,66.67
Lisa Carr,10,15,66.67
Jeremy Green,6,9,66.67
Jordan Lopez,8,12,66.67
Donna Patterson,6,9,66.67
Kenneth Hughes,6,9,66.67
Amber Wood,6,9,66.67
Cody Clark,8,12,66.67
Eric Jimenez,8,12,66.67
Deanna Lee,8,12,66.67
Jose Carter,6,9,66.67
Patricia Larson,6,9,66.67
Alexander Coleman,6,9,66.67
Christina Roberts,8,12,66.67
Christopher Daniel,6,9,66.67
Gerald Williams,6,9,66.67
Stephen Owens,6,9,66.67
Jeff Smith,10,15,66.67
Andrew Phillips,12,18,66.67
Melissa Webb,6,9,66.67
Kathleen Bailey,6,9,66.67
Susan Ruiz,6,9,66.67
Zachary Stewart,6,9,66.67
Gary Rodriguez,10,15,66.67
Michele Wilson,10,15,66.67
Brittany Kennedy,6,9,66.67
Patrick Rose,6,9,66.67
Sarah Swanson,6,9,66.67
Kenneth Howard,8,12,66.67
Christopher Ibarra,6,9,66.67
Michael Barnett,10,15,66.67
Julie Mendoza,6,9,66.67
Stephanie Fowler,6,9,66.67
Steven Cummings,6,9,66.67
Justin Robertson,6,9,66.67
Angela Thomas,18,27,66.67
Donna Wagner,6,9,66.67
Danielle Stewart,6,9,66.67
Kevin Russell,10,15,66.67
Melanie Anderson,6,9,66.67
Kevin Shepherd,6,9,66.67
Matthew Murray,10,15,66.67
Sarah Patterson,8,12,66.67
Sean Gonzalez,12,18,66.67
Matthew Burgess,6,9,66.67
David Russo,8,12,66.67
Anthony Williamson,8,12,66.67
Michael Schneider,6,9,66.67
Christopher Williamson,6,9,66.67
Caitlin Lopez,6,9,66.67
Kenneth Long,6,9,66.67
Michael Koch,6,9,66.67
Robert Schmidt,10,15,66.67
Thomas Jackson,16,24,66.67
John Webb,12,18,66.67
Jeremy Garcia,10,15,66.67
Kevin Wong,6,9,66.67
Becky Johnson,6,9,66.67
Aaron Gonzalez,10,15,66.67
Matthew Dixon,8,12,66.67
Mary Sandoval,6,9,66.67
Christopher Pugh,6,9,66.67
Christopher Stark,8,12,66.67
Jennifer Roberts,32,48,66.67
Daniel Ford,8,12,66.67
Ryan Brown,40,60,66.67
Karen Simmons,6,9,66.67
Jacqueline Moore,10,15,66.67
Eric Green,14,21,66.67
Amanda Howell,8,12,66.67
William Smith,136,204,66.67
Jessica Foster,8,12,66.67
William James,6,9,66.67
Margaret King,6,9,66.67
Ashley Mullins,6,9,66.67
Angela Wagner,6,9,66.67
Jacob Walker,8,12,66.67
Jennifer Chan,8,12,66.67
Margaret Jones,20,30,66.67
Matthew Gardner,14,21,66.67
Scott Lopez,22,33,66.67
Kevin Ruiz,10,15,66.67
Michael Stone,16,24,66.67
Travis Parker,6,9,66.67
David Rollins,6,9,66.67
Jennifer Alexander,14,21,66.67
Emily Hamilton,6,9,66.67
John Simpson,10,15,66.67
Joshua Pierce,6,9,66.67
Joshua Warren,10,15,66.67
Steven Navarro,6,9,66.67
Andrew Hall,22,33,66.67
Jeffrey Cohen,6,9,66.67
Mary Barnes,8,12,66.67
Keith Murphy,8,12,66.67
David Richardson,24,36,66.67
Amanda Barnett,6,9,66.67
Alexandra Brown,8,12,66.67
Joseph Chapman,6,9,66.67
Robert Moran,6,9,66.67
Matthew Kim,8,12,66.67
Nancy Phillips,8,12,66.67
Rebecca Santos,6,9,66.67
Cody Taylor,6,9,66.67
Richard Wells,6,9,66.67
Jesse Taylor,10,15,66.67
Michael Taylor,93,140,66.43
Jennifer Garcia,79,119,66.39
William Davis,69,104,66.35
Scott Smith,69,104,66.35
Jennifer Rodriguez,63,95,66.32
Michael Young,59,89,66.29
Michael Nelson,57,86,66.28
Scott Brown,57,86,66.28
Robert Jones,112,169,66.27
John Johnson,157,237,66.24
Christopher Brown,100,151,66.23
Jessica Garcia,47,71,66.2
Robert Jackson,47,71,66.2
Patrick Johnson,47,71,66.2
Robert Thompson,45,68,66.18
Nicholas Williams,43,65,66.15
Daniel Williams,84,127,66.14
James Adams,41,62,66.13
William Moore,41,62,66.13
Matthew Thompson,41,62,66.13
Angela Smith,82,124,66.13
Thomas Hernandez,41,62,66.13
Laura Jones,41,62,66.13
Joseph Wilson,41,62,66.13
William Thomas,39,59,66.1
Heather Jones,39,59,66.1
Joseph Jones,76,115,66.09
Michael Reed,37,56,66.07
Sean Smith,37,56,66.07
Kevin Johnson,72,109,66.06
Patrick Jones,35,53,66.04
Todd Smith,35,53,66.04
Kenneth Jones,35,53,66.04
Amanda Moore,33,50,66.0
Michelle Moore,33,50,66.0
Elizabeth Garcia,33,50,66.0
Thomas Taylor,33,50,66.0
Joseph Rodriguez,33,50,66.0
James Campbell,33,50,66.0
Ryan Johnson,64,97,65.98
Amy Moore,31,47,65.96
Paul Davis,31,47,65.96
Angela Miller,31,47,65.96
Heather Johnson,62,94,65.96
Amanda Jones,60,91,65.93
John Anderson,60,91,65.93
Michael Perry,29,44,65.91
Robert Wright,29,44,65.91
Jacqueline Smith,29,44,65.91
Jennifer Phillips,29,44,65.91
Thomas Jones,58,88,65.91
Anthony Anderson,29,44,65.91
Robert Roberts,29,44,65.91
Gregory Miller,29,44,65.91
Melissa Johnson,83,126,65.87
Michelle Johnson,83,126,65.87
Kimberly Clark,27,41,65.85
John Adams,27,41,65.85
Jacob Miller,27,41,65.85
Amanda Lopez,27,41,65.85
Kevin Gonzalez,27,41,65.85
Andrew Martinez,27,41,65.85
Ryan Rodriguez,27,41,65.85
Lisa Cook,27,41,65.85
Thomas Rodriguez,27,41,65.85
Robert Williams,133,202,65.84
Michael Anderson,104,158,65.82
Timothy Rodriguez,25,38,65.79
Sandra Miller,25,38,65.79
Lisa Scott,25,38,65.79
Steven Wilson,25,38,65.79
Donald Jones,25,38,65.79
Christopher Myers,25,38,65.79
Christopher Howard,25,38,65.79
Timothy Anderson,25,38,65.79
Charles Martinez,25,38,65.79
Leslie Smith,25,38,65.79
Charles Smith,73,111,65.77
Brittany Rodriguez,23,35,65.71
Thomas Wright,23,35,65.71
Catherine Williams,23,35,65.71
Crystal Davis,23,35,65.71
Amanda Brown,69,105,65.71
Jasmine Smith,23,35,65.71
James Jones,115,175,65.71
Kimberly Young,23,35,65.71
Jessica Parker,23,35,65.71
Christopher Kelly,23,35,65.71
Frank Johnson,23,35,65.71
Natalie Johnson,23,35,65.71
James Martin,67,102,65.69
Sarah Davis,44,67,65.67
James Lee,44,67,65.67
Jacob Williams,44,67,65.67
James Anderson,65,99,65.66
Michael Green,65,99,65.66
Joshua Williams,65,99,65.66
Jeffrey Lee,21,32,65.62
Charles Rodriguez,21,32,65.62
Courtney Jones,21,32,65.62
Nicholas Harris,21,32,65.62
Eric Lee,21,32,65.62
Travis Williams,21,32,65.62
Michael Rice,21,32,65.62
Brian Campbell,21,32,65.62
Justin Thompson,21,32,65.62
Daniel Collins,21,32,65.62
Rebecca Gonzalez,21,32,65.62
John White,61,93,65.59
Jason Martinez,40,61,65.57
Joshua Moore,40,61,65.57
Mary Davis,40,61,65.57
Scott Martin,19,29,65.52
Margaret Johnson,19,29,65.52
Brandon Taylor,19,29,65.52
Steven King,19,29,65.52
Stephanie Allen,19,29,65.52
Anthony Adams,19,29,65.52
Michael Ryan,19,29,65.52
David Howard,19,29,65.52
Ann Smith,19,29,65.52
Amber Lopez,19,29,65.52
Mary Campbell,19,29,65.52
James Watson,19,29,65.52
Jessica Torres,19,29,65.52
Christopher Murphy,19,29,65.52
Kimberly Nelson,19,29,65.52
Carolyn Smith,19,29,65.52
Steven Robinson,19,29,65.52
Rachel Jones,38,58,65.52
Justin Taylor,19,29,65.52
David Barnes,19,29,65.52
James Warren,19,29,65.52
Barbara Brown,19,29,65.52
Jessica Evans,19,29,65.52
George Jones,19,29,65.52
Jennifer Gutierrez,19,29,65.52
Mark Green,19,29,65.52
Cody Smith,19,29,65.52
Kenneth Rodriguez,19,29,65.52
Brian Stewart,19,29,65.52
Jason Williams,74,113,65.49
Michael Robinson,55,84,65.48
Mark Williams,72,110,65.45
John Perez,36,55,65.45
Christopher Smith,197,301,65.45
Joshua Miller,53,81,65.43
Christopher Miller,87,133,65.41
John Bailey,17,26,65.38
James Chavez,17,26,65.38
Rachel Wilson,17,26,65.38
Tiffany Taylor,17,26,65.38
David Henry,17,26,65.38
Ashley Green,17,26,65.38
Steven Wright,17,26,65.38
Rebecca Johnson,51,78,65.38
John King,34,52,65.38
Shane Smith,17,26,65.38
William Rogers,17,26,65.38
Michael Wilson,102,156,65.38
Christopher Jackson,51,78,65.38
Mary Peterson,17,26,65.38
Michael Carlson,17,26,65.38
Charles Harris,17,26,65.38
Elizabeth Lee,17,26,65.38
Stephen Rodriguez,17,26,65.38
Amber Davis,17,26,65.38
Mark Anderson,34,52,65.38
Matthew Cox,17,26,65.38
David Carr,17,26,65.38
Tammy Ramirez,17,26,65.38
Brandon Clark,17,26,65.38
Kimberly Cook,17,26,65.38
Michelle Mitchell,17,26,65.38
Aaron Garcia,17,26,65.38
Jason Campbell,17,26,65.38
Robert Owens,17,26,65.38
Zachary Thompson,17,26,65.38
Thomas Hall,17,26,65.38
Tina Smith,34,52,65.38
Jennifer Long,17,26,65.38
Matthew Scott,34,52,65.38
Lisa Flores,17,26,65.38
Andrew Stewart,17,26,65.38
Michael Andrews,17,26,65.38
Lisa Howard,17,26,65.38
James Myers,17,26,65.38
Mary Thomas,34,52,65.38
Douglas Davis,17,26,65.38
Mary Walker,17,26,65.38
James Graham,17,26,65.38
Michelle Roberts,17,26,65.38
Michele Anderson,17,26,65.38
Maria Williams,34,52,65.38
Kimberly Collins,17,26,65.38
James Garcia,66,101,65.35
Robert Lopez,49,75,65.33
Kevin Harris,32,49,65.31
Dawn Smith,32,49,65.31
Angela Garcia,32,49,65.31
Donald Johnson,32,49,65.31
Angela Jackson,32,49,65.31
Mark Martinez,32,49,65.31
Kevin Taylor,32,49,65.31
Sarah White,32,49,65.31
Jason Davis,47,72,65.28
Paula Johnson,15,23,65.22
Michael Ortega,15,23,65.22
Jason Flores,15,23,65.22
Kevin Campbell,15,23,65.22
Kenneth Lee,15,23,65.22
Emily Jones,30,46,65.22
Kenneth Baker,15,23,65.22
Christopher Graham,15,23,65.22
Alyssa Davis,15,23,65.22
Joshua Morris,15,23,65.22
Jeffrey Robinson,15,23,65.22
Stephen Martinez,15,23,65.22
Christopher Olson,15,23,65.22
David Price,15,23,65.22
Christopher Marshall,15,23,65.22
Michael Franklin,15,23,65.22
David Martin,60,92,65.22
Katherine Jackson,15,23,65.22
Timothy Turner,15,23,65.22
Maria Harris,15,23,65.22
Brian Harris,30,46,65.22
Jennifer Reynolds,15,23,65.22
Eric Baker,15,23,65.22
William Richardson,15,23,65.22
Jennifer Owens,15,23,65.22
Emily Lee,15,23,65.22
Christine Thomas,15,23,65.22
Denise Rodriguez,15,23,65.22
Heather Nelson,15,23,65.22
Jennifer Meyer,15,23,65.22
Sarah Rodriguez,30,46,65.22
Jennifer Lawrence,15,23,65.22
Elizabeth Stewart,15,23,65.22
Steven Murphy,15,23,65.22
John Bryant,15,23,65.22
Samantha Scott,15,23,65.22
Laura Richardson,15,23,65.22
Eric Wright,15,23,65.22
Christina Taylor,15,23,65.22
James Hansen,15,23,65.22
Brian Diaz,15,23,65.22
Andrew Miller,43,66,65.15
Jessica Thomas,43,66,65.15
Richard Miller,43,66,65.15
James Hall,43,66,65.15
Justin Johnson,43,66,65.15
James Davis,86,132,65.15
Joseph Miller,71,109,65.14
Lisa Jones,71,109,65.14
Alexander Johnson,28,43,65.12
Nathan Johnson,28,43,65.12
Emily Miller,28,43,65.12
Mark Brown,56,86,65.12
Nicole Rodriguez,28,43,65.12
Benjamin Davis,28,43,65.12
Anna Miller,13,20,65.0
Melissa Cole,13,20,65.0
Timothy Hall,13,20,65.0
Sean Williams,26,40,65.0
Jeffrey Lewis,13,20,65.0
Richard Mitchell,13,20,65.0
Teresa Hernandez,13,20,65.0
Patrick Robinson,13,20,65.0
Heather Campbell,13,20,65.0
Jason Barnes,13,20,65.0
Amy Jackson,26,40,65.0
Michelle Flores,13,20,65.0
David Diaz,26,40,65.0
Jeremy Moore,13,20,65.0
Amanda Perry,13,20,65.0
James Payne,13,20,65.0
Shane Williams,13,20,65.0
Jessica Andrews,13,20,65.0
Mary Turner,13,20,65.0
Mitchell Smith,13,20,65.0
Kelsey Jones,13,20,65.0
Derrick Johnson,13,20,65.0
Michael Palmer,13,20,65.0
Robert Vasquez,13,20,65.0
Timothy Flores,13,20,65.0
Brittany Robinson,13,20,65.0
Michael Stephens,13,20,65.0
Christina Flores,13,20,65.0
Andrea Thompson,13,20,65.0
Thomas Anderson,26,40,65.0
William Peterson,13,20,65.0
Michael Ruiz,26,40,65.0
Melissa Gibson,13,20,65.0
Mary Stewart,13,20,65.0
David Rose,13,20,65.0
Thomas King,13,20,65.0
Jamie Harris,13,20,65.0
Kimberly West,13,20,65.0
Nancy Thomas,13,20,65.0
Joshua Collins,13,20,65.0
Amanda Murphy,13,20,65.0
Joseph James,13,20,65.0
Heather Miller,39,60,65.0
James Allen,39,60,65.0
Felicia Johnson,13,20,65.0
Michael Wolfe,13,20,65.0
Samuel Hernandez,13,20,65.0
Andrew Torres,13,20,65.0
Brittany Harris,13,20,65.0
Christopher Powell,13,20,65.0
Kyle Anderson,13,20,65.0
Nancy Davis,13,20,65.0
Michelle Parker,13,20,65.0
William Reed,13,20,65.0
Shannon Thompson,13,20,65.0
Justin Turner,13,20,65.0
Steven Bell,13,20,65.0
Victoria Hernandez,13,20,65.0
Terry Williams,13,20,65.0
John Hansen,13,20,65.0
Jessica Richardson,13,20,65.0
Paul Scott,13,20,65.0
Justin Lee,26,40,65.0
Joseph Russell,13,20,65.0
Laurie Jones,13,20,65.0
Joshua Watson,13,20,65.0
Jeffery Brown,13,20,65.0
Rhonda Brown,13,20,65.0
Donald Moore,13,20,65.0
Joshua Perry,13,20,65.0
James Smith,219,337,64.99
Richard Smith,102,157,64.97
Michael Brown,178,274,64.96
Christopher Martinez,63,97,64.95
David Thomas,63,97,64.95
Tammy Smith,50,77,64.94
Karen Johnson,50,77,64.94
Joseph Williams,74,114,64.91
James Hernandez,74,114,64.91
John Garcia,61,94,64.89
Christopher Wood,24,37,64.86
Nicholas Moore,24,37,64.86
Angela Gonzalez,24,37,64.86
Hannah Johnson,24,37,64.86
Nicole Clark,24,37,64.86
Edward Brown,24,37,64.86
Justin Thomas,24,37,64.86
Heather Thomas,24,37,64.86
Mark White,24,37,64.86
Matthew Wright,24,37,64.86
Stacy Smith,24,37,64.86
Ryan Anderson,24,37,64.86
Michael Baker,59,91,64.84
Brian Davis,59,91,64.84
Ashley Rodriguez,35,54,64.81
Jennifer Baker,35,54,64.81
Joshua Lee,35,54,64.81
William Garcia,46,71,64.79
Amanda Miller,57,88,64.77
Amy Smith,90,139,64.75
Daniel Johnson,112,173,64.74
Michael Schultz,11,17,64.71
Andrew James,11,17,64.71
Katie Miller,11,17,64.71
Rebecca Myers,11,17,64.71
Alexis Davis,11,17,64.71
James Walsh,11,17,64.71
Janice Smith,11,17,64.71
Jennifer Steele,11,17,64.71
Amber Rodriguez,11,17,64.71
Ann Brown,11,17,64.71
Amy Carter,11,17,64.71
Bryan Gonzalez,11,17,64.71
Jason Peterson,11,17,64.71
William Evans,22,34,64.71
Amy Cox,11,17,64.71
Robert Watkins,11,17,64.71
Keith Moore,11,17,64.71
Thomas Rivera,11,17,64.71
Sarah Flores,11,17,64.71
Todd Martinez,11,17,64.71
Matthew Rios,11,17,64.71
Erin Williams,22,34,64.71
Eric Morgan,11,17,64.71
Jennifer Armstrong,11,17,64.71
Amy Stewart,11,17,64.71
Christina Johnson,44,68,64.71
Alexandra Johnson,11,17,64.71
Jennifer Grant,11,17,64.71
Leslie Davis,11,17,64.71
David Bates,11,17,64.71
Kathleen Lee,11,17,64.71
David Stephens,11,17,64.71
James Bradley,11,17,64.71
Heather Baker,11,17,64.71
Elizabeth Meyer,11,17,64.71
Michael Simon,11,17,64.71
Patricia Perez,11,17,64.71
Megan Turner,11,17,64.71
John Bowman,11,17,64.71
Jessica Wells,11,17,64.71
Richard Morgan,11,17,64.71
Jennifer Rose,11,17,64.71
Maria Sanchez,11,17,64.71
Michelle Fisher,11,17,64.71
Lisa Ross,11,17,64.71
Alexander Thomas,11,17,64.71
Michelle Cook,11,17,64.71
Patricia Rodriguez,22,34,64.71
Sandra Turner,11,17,64.71
Eric Thompson,22,34,64.71
Tyler Robinson,11,17,64.71
Stephanie Griffin,11,17,64.71
Samuel Martin,11,17,64.71
Christopher Carr,11,17,64.71
Kathleen Hernandez,11,17,64.71
Matthew Jackson,44,68,64.71
Kevin Phillips,22,34,64.71
Jessica Kim,11,17,64.71
Cynthia Robinson,11,17,64.71
Amy Davis,33,51,64.71
Sarah Martinez,33,51,64.71
Mary Alexander,11,17,64.71
James James,22,34,64.71
Brian Reyes,11,17,64.71
Jonathan Lopez,22,34,64.71
Sarah Gutierrez,11,17,64.71
James Walters,11,17,64.71
Michael Dixon,22,34,64.71
Ronald Roberts,11,17,64.71
Elizabeth Duncan,11,17,64.71
Teresa Wilson,11,17,64.71
Katherine Johnson,33,51,64.71
Brandon Robinson,22,34,64.71
Mark Murray,11,17,64.71
Nicole Gonzalez,22,34,64.71
Victoria Harris,11,17,64.71
Joseph Edwards,11,17,64.71
Brandon Peterson,11,17,64.71
Jason Ross,11,17,64.71
Stephanie Mcdonald,11,17,64.71
Lisa Warren,11,17,64.71
James Dixon,11,17,64.71
Jessica Barnes,11,17,64.71
Heather Jenkins,11,17,64.71
Nathan Hernandez,11,17,64.71
Daniel Snyder,11,17,64.71
Eric Ramos,11,17,64.71
Emily Diaz,11,17,64.71
Jerry Miller,11,17,64.71
James Jimenez,11,17,64.71
Christopher Mitchell,33,51,64.71
Shawn Martin,11,17,64.71
Lisa Hunter,11,17,64.71
Eric Brown,44,68,64.71
Angela Hernandez,22,34,64.71
Heidi Miller,11,17,64.71
Michael Swanson,11,17,64.71
Jessica Wood,11,17,64.71
Brian Bell,11,17,64.71
Shannon Martin,11,17,64.71
Richard Moreno,11,17,64.71
Nicholas Gomez,11,17,64.71
Wendy Thomas,11,17,64.71
Brittany Martin,11,17,64.71
David Valdez,11,17,64.71
Mark Hall,22,34,64.71
Brittany Sanchez,11,17,64.71
Michael Graves,11,17,64.71
Lisa Munoz,11,17,64.71
Jennifer Anderson,66,102,64.71
William Kim,11,17,64.71
James Blair,11,17,64.71
Glenn Smith,11,17,64.71
John Hunt,11,17,64.71
Tyler Lewis,11,17,64.71
Jordan White,11,17,64.71
Victoria Robinson,11,17,64.71
Christopher Gibson,11,17,64.71
Andrew Wood,11,17,64.71
Lori Lewis,11,17,64.71
Thomas Thomas,33,51,64.71
Victor Johnson,11,17,64.71
Mark Turner,11,17,64.71
Linda Lopez,11,17,64.71
David Herrera,11,17,64.71
Ronald Gonzalez,11,17,64.71
Robert Henry,11,17,64.71
Courtney Moore,11,17,64.71
Tyler Adams,11,17,64.71
Michael Pierce,11,17,64.71
Michael White,77,119,64.71
Todd Anderson,11,17,64.71
Mary Collins,11,17,64.71
Emily Flores,11,17,64.71
Erin Martin,11,17,64.71
Sandra Hill,11,17,64.71
Jessica Nguyen,22,34,64.71
Robert Schwartz,11,17,64.71
Michelle Allen,22,34,64.71
James Gibson,11,17,64.71
Kimberly Davis,44,68,64.71
Eric Torres,11,17,64.71
Michael Klein,11,17,64.71
Robert Daniels,11,17,64.71
Shannon Walker,11,17,64.71
Lauren Wright,11,17,64.71
Veronica Martinez,11,17,64.71
Amy Johnson,86,133,64.66
Kimberly Jones,64,99,64.65
Michael Wright,64,99,64.65
Anthony Davis,42,65,64.62
Scott Davis,31,48,64.58
Paul Miller,31,48,64.58
Samuel Johnson,31,48,64.58
Elizabeth Smith,102,158,64.56
Michael Smith,293,454,64.54
Jennifer Johnson,151,234,64.53
James Murphy,20,31,64.52
Karen Gonzalez,20,31,64.52
John Bennett,20,31,64.52
Joseph Roberts,20,31,64.52
Amanda Roberts,20,31,64.52
Jennifer Myers,20,31,64.52
Raymond Smith,20,31,64.52
Michael Mendoza,20,31,64.52
David Perry,20,31,64.52
Keith Garcia,20,31,64.52
Karen Anderson,20,31,64.52
Thomas Young,20,31,64.52
Kayla Williams,20,31,64.52
Sharon Jones,20,31,64.52
Tonya Smith,20,31,64.52
Melissa Sanchez,20,31,64.52
George Johnson,20,31,64.52
David Butler,20,31,64.52
Denise Brown,20,31,64.52
Ryan Nelson,20,31,64.52
Kevin Brown,58,90,64.44
Karen Miller,29,45,64.44
Andrew Thomas,29,45,64.44
Matthew Sanchez,29,45,64.44
Jason Jackson,29,45,64.44
Jason Harris,29,45,64.44
Amy Anderson,29,45,64.44
Justin Davis,29,45,64.44
Thomas Smith,96,149,64.43
John Hall,38,59,64.41
David Garcia,76,118,64.41
David Clark,47,73,64.38
Christopher Lee,47,73,64.38
Samantha Johnson,47,73,64.38
Kevin Davis,47,73,64.38
Robert Smith,177,275,64.36
Paula Brown,9,14,64.29
John Herrera,9,14,64.29
Robert Snyder,18,28,64.29
Krystal Brown,9,14,64.29
Eric Sanders,9,14,64.29
Lisa Herrera,9,14,64.29
Steven Ross,9,14,64.29
Larry White,9,14,64.29
Kimberly Woods,9,14,64.29
James Reid,9,14,64.29
Stephanie Taylor,27,42,64.29
James Jennings,9,14,64.29
Michael Guerrero,9,14,64.29
Angela Kelly,9,14,64.29
William Hicks,9,14,64.29
Melanie Lopez,9,14,64.29
Patrick Scott,9,14,64.29
Mary Russell,9,14,64.29
Ashley Freeman,9,14,64.29
John Pena,9,14,64.29
Andrew Carter,18,28,64.29
Christina Lopez,18,28,64.29
Brandon Morales,9,14,64.29
Emily Watson,9,14,64.29
Elizabeth Cruz,9,14,64.29
Robert Larson,9,14,64.29
Brian Morales,9,14,64.29
Justin Cox,9,14,64.29
Scott Williams,45,70,64.29
Michael Garcia,117,182,64.29
Joseph Kelley,9,14,64.29
Nicole Peterson,9,14,64.29
Mark Russell,9,14,64.29
William Jimenez,9,14,64.29
Michael Robles,9,14,64.29
Hannah Smith,27,42,64.29
Alyssa Garcia,9,14,64.29
Michael Adkins,9,14,64.29
Jessica Silva,9,14,64.29
Melissa Perry,9,14,64.29
Lauren Jones,27,42,64.29
Jennifer Reed,27,42,64.29
Elizabeth Jimenez,9,14,64.29
Eric Wilson,27,42,64.29
William Adams,18,28,64.29
Nicholas Lopez,18,28,64.29
Amanda Andrews,9,14,64.29
Allison Martin,9,14,64.29
Cody Gonzalez,9,14,64.29
Michelle Webb,9,14,64.29
Joshua Nichols,9,14,64.29
Scott Fisher,9,14,64.29
Richard Hawkins,9,14,64.29
Melissa Baker,18,28,64.29
Jill Brown,18,28,64.29
Roger Jones,9,14,64.29
Jason Stevens,9,14,64.29
Gregory Bell,9,14,64.29
Tara Clark,9,14,64.29
John Franklin,9,14,64.29
Kathleen Lopez,9,14,64.29
James Franklin,9,14,64.29
Kim Wilson,9,14,64.29
Alyssa Wilson,9,14,64.29
Dawn Rodriguez,9,14,64.29
Wendy Clark,9,14,64.29
Amy Sullivan,9,14,64.29
Ashley West,9,14,64.29
Mary Morgan,9,14,64.29
William Medina,9,14,64.29
Andrew Fisher,9,14,64.29
Kimberly Ferguson,9,14,64.29
Timothy Wood,9,14,64.29
Kelly Cooper,9,14,64.29
Michael Daniels,18,28,64.29
Karen Peterson,9,14,64.29
Andrew Webb,9,14,64.29
Kyle Coleman,9,14,64.29
Brittany Young,9,14,64.29
James Mills,18,28,64.29
Brian Shaw,9,14,64.29
Timothy Murphy,9,14,64.29
Jessica Santiago,9,14,64.29
Sarah Meyer,9,14,64.29
Brandon Flores,9,14,64.29
Daniel Dunn,9,14,64.29
Charles Patterson,9,14,64.29
Randy Wilson,9,14,64.29
Donna Lopez,9,14,64.29
Brandon Morris,9,14,64.29
Deanna Smith,9,14,64.29
Sabrina Rodriguez,9,14,64.29
Anthony Arnold,9,14,64.29
James Mccoy,9,14,64.29
David Tanner,9,14,64.29
Karen Bennett,9,14,64.29
Peter Brown,18,28,64.29
Angela Parker,9,14,64.29
Brent Miller,9,14,64.29
John Carroll,9,14,64.29
Jeffrey Perkins,9,14,64.29
Lisa Castro,9,14,64.29
Catherine Clark,9,14,64.29
Susan Parker,9,14,64.29
Janice Anderson,9,14,64.29
Laura Cox,9,14,64.29
Brian Newman,9,14,64.29
Ian Williams,9,14,64.29
Patrick Walker,9,14,64.29
Jacqueline Anderson,9,14,64.29
Diana Hernandez,9,14,64.29
Jonathan Gonzalez,18,28,64.29
Sharon Moore,9,14,64.29
Ashley Allen,18,28,64.29
Michael Gill,9,14,64.29
Michael Bush,9,14,64.29
Bradley Moore,9,14,64.29
Travis Davis,9,14,64.29
Charles Cook,9,14,64.29
Brandon Lee,9,14,64.29
Kevin Thompson,27,42,64.29
Ronald Green,9,14,64.29
Phillip Davis,9,14,64.29
Jeffrey Howard,9,14,64.29
Andrew Gomez,9,14,64.29
David Miles,9,14,64.29
Justin Moore,18,28,64.29
Jessica Romero,9,14,64.29
Kenneth Jackson,18,28,64.29
Jason Fernandez,9,14,64.29
James Schneider,9,14,64.29
Michael Joseph,9,14,64.29
Matthew Carr,9,14,64.29
Charles Reyes,9,14,64.29
Matthew Young,27,42,64.29
Curtis Johnson,9,14,64.29
Christopher Knight,9,14,64.29
Matthew Peters,9,14,64.29
Emily Collins,9,14,64.29
Andrew King,18,28,64.29
Mary Nichols,9,14,64.29
Christine Lewis,9,14,64.29
Veronica Davis,9,14,64.29
Tiffany Sanchez,9,14,64.29
Matthew Burns,9,14,64.29
Taylor Thompson,9,14,64.29
John Berry,9,14,64.29
Mark Sanchez,18,28,64.29
Jennifer Boone,9,14,64.29
John Lucas,9,14,64.29
Brenda Hernandez,9,14,64.29
David Hopkins,9,14,64.29
Peter Clark,9,14,64.29
Eric Thomas,18,28,64.29
Michael Ramirez,45,70,64.29
Brenda Brown,18,28,64.29
Sharon Thomas,9,14,64.29
Larry Anderson,9,14,64.29
Jeffrey Ford,9,14,64.29
Amanda Brooks,18,28,64.29
Michael Fischer,9,14,64.29
Jason Sanchez,18,28,64.29
Richard Chavez,9,14,64.29
Jessica Chambers,9,14,64.29
Michael Conley,9,14,64.29
Brittney Brown,9,14,64.29
Daniel Schmidt,9,14,64.29
Debra Miller,18,28,64.29
Annette Smith,9,14,64.29
Timothy Rivera,9,14,64.29
Joseph Woods,9,14,64.29
James Sanders,18,28,64.29
Elizabeth Walker,18,28,64.29
Steven Nguyen,9,14,64.29
Brittany Lopez,18,28,64.29
Steven Cruz,9,14,64.29
Monica Anderson,9,14,64.29
Michelle Sanders,9,14,64.29
Lori Mitchell,9,14,64.29
Catherine Hernandez,9,14,64.29
Melissa Cooper,9,14,64.29
Jason Hawkins,9,14,64.29
Michael Hale,9,14,64.29
Michelle Robertson,9,14,64.29
Laura Collins,9,14,64.29
Jamie Moore,9,14,64.29
Aaron Cole,9,14,64.29
Ryan Brooks,9,14,64.29
Andrew Stevens,9,14,64.29
Scott Gonzales,9,14,64.29
John Becker,9,14,64.29
Victoria Wright,9,14,64.29
Daniel Butler,9,14,64.29
Mary Alvarez,9,14,64.29
William Cole,18,28,64.29
Mary Johnston,9,14,64.29
Kathleen Baker,9,14,64.29
Robin Thompson,9,14,64.29
Joshua Perez,18,28,64.29
Luis Wilson,9,14,64.29
Nicole Carter,9,14,64.29
Jonathan Mitchell,9,14,64.29
Michelle Reynolds,9,14,64.29
Frank Martinez,9,14,64.29
Karen Reyes,9,14,64.29
Stephen Ramirez,9,14,64.29
David Baker,36,56,64.29
Michael Pope,9,14,64.29
Nicholas Mitchell,9,14,64.29
Ashley Wilson,36,56,64.29
Michael Dean,9,14,64.29
Michael Dyer,9,14,64.29
Robin Wilson,9,14,64.29
Andrea Turner,9,14,64.29
Stephanie Ferguson,9,14,64.29
Maria Nelson,9,14,64.29
Samantha Martin,9,14,64.29
Thomas Campbell,18,28,64.29
Adam Smith,45,70,64.29
Matthew Jones,90,140,64.29
Andrea Robinson,9,14,64.29
Donna Lewis,9,14,64.29
Courtney Parker,9,14,64.29
Denise Clark,9,14,64.29
Jason Crawford,9,14,64.29
Deanna Jones,9,14,64.29
Taylor Clark,9,14,64.29
James Fields,9,14,64.29
Larry Rodriguez,9,14,64.29
Wendy Perez,9,14,64.29
Michael Dawson,9,14,64.29
Thomas Gray,9,14,64.29
Jennifer Mccarthy,9,14,64.29
David Ross,18,28,64.29
Sandra Lee,9,14,64.29
Sarah Tran,9,14,64.29
Jasmine Hernandez,9,14,64.29
John Cooper,18,28,64.29
Melanie Garcia,9,14,64.29
Tammy Perez,9,14,64.29
Bobby Davis,9,14,64.29
Andrew Gibson,9,14,64.29
Henry Jones,9,14,64.29
Sara Powell,9,14,64.29
Lisa Gomez,9,14,64.29
Melissa Reed,9,14,64.29
Linda Thomas,9,14,64.29
William Miller,61,95,64.21
Katherine Smith,52,81,64.2
Linda Smith,43,67,64.18
Erin Smith,43,67,64.18
Michael Henderson,34,53,64.15
Megan Jones,34,53,64.15
Joseph Clark,34,53,64.15
James Baker,34,53,64.15
David Nelson,34,53,64.15
Sarah Anderson,34,53,64.15
Joshua Clark,25,39,64.1
Jeffrey Moore,25,39,64.1
Robin Smith,25,39,64.1
Christopher Reed,25,39,64.1
Brian Johnson,75,117,64.1
Danielle Brown,25,39,64.1
Amy Lewis,25,39,64.1
David Miller,100,156,64.1
Michael Martin,91,142,64.08
Richard Wilson,41,64,64.06
Christopher Stewart,41,64,64.06
Amy Allen,16,25,64.0
Kevin Baker,16,25,64.0
John Ellis,16,25,64.0
Shannon Johnson,32,50,64.0
Michael Hunt,16,25,64.0
James Mcdonald,16,25,64.0
Michael Carpenter,16,25,64.0
Jacob Jones,32,50,64.0
Melissa Green,16,25,64.0
Gregory Jackson,16,25,64.0
David Sullivan,16,25,64.0
Angela Hill,16,25,64.0
David Thompson,48,75,64.0
Teresa Jones,16,25,64.0
Katherine Anderson,16,25,64.0
James Walker,32,50,64.0
John Mills,16,25,64.0
Mark Flores,16,25,64.0
Katherine Martin,16,25,64.0
Anthony Stewart,16,25,64.0
Christopher Simmons,16,25,64.0
Timothy Torres,16,25,64.0
David Hayes,16,25,64.0
Danielle Martinez,16,25,64.0
Michael Obrien,16,25,64.0
Juan Williams,16,25,64.0
James Jensen,16,25,64.0
Joshua Brown,48,75,64.0
Bradley Jones,16,25,64.0
Amber Jones,32,50,64.0
David Tucker,16,25,64.0
Stephanie King,16,25,64.0
Kathleen Miller,16,25,64.0
Daniel White,32,50,64.0
Cody Williams,16,25,64.0
Morgan Smith,16,25,64.0
Chelsea Smith,16,25,64.0
Jamie Taylor,16,25,64.0
James Harrison,16,25,64.0
Michael Salazar,16,25,64.0
William Johnson,103,161,63.98
John Davis,71,111,63.96
James Moore,55,86,63.95
Robert Martinez,55,86,63.95
Lisa Garcia,55,86,63.95
Christopher Torres,23,36,63.89
Zachary Jones,23,36,63.89
Andrew Hernandez,23,36,63.89
Matthew Peterson,23,36,63.89
Christopher Flores,23,36,63.89
John Harris,46,72,63.89
Michael Murray,23,36,63.89
Nathan Brown,23,36,63.89
Mary Clark,23,36,63.89
Rebecca White,23,36,63.89
Emily Gonzalez,23,36,63.89
Jessica Green,23,36,63.89
Steven Gonzalez,23,36,63.89
Daniel Hall,23,36,63.89
Michelle Clark,23,36,63.89
Karen Wilson,23,36,63.89
Jacob Martinez,30,47,63.83
Michelle Thompson,30,47,63.83
Mary Martinez,30,47,63.83
James Phillips,30,47,63.83
Jennifer Ramirez,30,47,63.83
Justin Brown,30,47,63.83
Jennifer Turner,30,47,63.83
Thomas Garcia,30,47,63.83
Christine Jones,30,47,63.83
William White,37,58,63.79
James Hill,37,58,63.79
John Lewis,37,58,63.79
David Carter,37,58,63.79
Daniel Garcia,51,80,63.75
Sarah Brown,58,91,63.74
Patrick Smith,65,102,63.73
Kimberly Stevens,7,11,63.64
Timothy Reyes,7,11,63.64
Amy Cruz,7,11,63.64
Justin Watson,7,11,63.64
Anthony Vasquez,7,11,63.64
Hannah Thompson,7,11,63.64
Anthony Ray,7,11,63.64
Olivia Jones,7,11,63.64
Joe Johnson,7,11,63.64
Alyssa Walker,7,11,63.64
Meghan Johnson,7,11,63.64
Steven Powell,7,11,63.64
Joseph Cole,14,22,63.64
Margaret Gonzalez,7,11,63.64
Stacy Martinez,7,11,63.64
Elizabeth Harris,21,33,63.64
Robert Blake,7,11,63.64
Andrew Payne,7,11,63.64
Jennifer Wise,7,11,63.64
Wendy Lopez,7,11,63.64
James Contreras,7,11,63.64
Donald Green,7,11,63.64
Cheryl Walker,7,11,63.64
Lisa Fisher,7,11,63.64
Scott Cooper,7,11,63.64
Katie Martin,7,11,63.64
Tara Lee,7,11,63.64
Matthew Le,7,11,63.64
Christopher Grant,14,22,63.64
Curtis Jones,7,11,63.64
Brandon Lewis,14,22,63.64
Roy Moore,7,11,63.64
Karen Richardson,7,11,63.64
Justin Torres,7,11,63.64
John Foster,21,33,63.64
James Curry,7,11,63.64
Jessica Herrera,7,11,63.64
Clayton Smith,7,11,63.64
Jennifer Joseph,7,11,63.64
Christina White,14,22,63.64
Donald Bailey,7,11,63.64
Steven Crawford,7,11,63.64
Regina Lopez,7,11,63.64
Kenneth Cooper,7,11,63.64
Vanessa Sanchez,7,11,63.64
Nancy Patterson,7,11,63.64
Jeffrey Ryan,7,11,63.64
Ashley Hawkins,7,11,63.64
Lisa Riley,7,11,63.64
Kristen Harris,7,11,63.64
Anthony Larson,7,11,63.64
Dawn Green,7,11,63.64
Richard Neal,7,11,63.64
Jessica Burke,7,11,63.64
Jordan Harris,7,11,63.64
Jacqueline Lopez,7,11,63.64
Angela Cruz,7,11,63.64
Brooke Miller,7,11,63.64
Shawn Thompson,7,11,63.64
Johnny Brown,7,11,63.64
Edward Walker,7,11,63.64
Virginia Smith,14,22,63.64
Sharon Flores,7,11,63.64
Edward Moore,7,11,63.64
Mary Robertson,7,11,63.64
Teresa Butler,7,11,63.64
Kristen Gibson,7,11,63.64
Elizabeth Wells,7,11,63.64
Anthony Elliott,7,11,63.64
Brianna Martinez,7,11,63.64
Jason Romero,7,11,63.64
Danielle Bryant,7,11,63.64
Jessica Pena,7,11,63.64
Nicholas Sims,7,11,63.64
Christina Cook,7,11,63.64
Amanda Hale,7,11,63.64
John Mckenzie,7,11,63.64
Teresa Collins,7,11,63.64
Erin Bell,7,11,63.64
Douglas Wright,7,11,63.64
Rebecca Henderson,7,11,63.64
Brandon Wilson,21,33,63.64
Andrea Bell,7,11,63.64
Brenda Morris,7,11,63.64
Pamela Evans,7,11,63.64
Diane Hernandez,7,11,63.64
Michael Ellison,7,11,63.64
Dana Garcia,7,11,63.64
James Patel,14,22,63.64
Michael Santiago,7,11,63.64
Nathan Hall,7,11,63.64
Daniel Banks,7,11,63.64
Nicholas Griffin,7,11,63.64
Sean Hill,7,11,63.64
Alicia Carter,7,11,63.64
Brenda Rivera,7,11,63.64
Stephen Young,7,11,63.64
Brandon Burns,7,11,63.64
Kimberly Larson,7,11,63.64
Michael Huffman,7,11,63.64
Alexandra Garcia,7,11,63.64
Jennifer Dawson,7,11,63.64
Jennifer Padilla,7,11,63.64
Mary Howard,7,11,63.64
Kelly Hernandez,21,33,63.64
Amanda Porter,7,11,63.64
Alexander Wright,7,11,63.64
Mary Hall,21,33,63.64
Tiffany Gray,7,11,63.64
Scott Larson,7,11,63.64
Andrew Nguyen,7,11,63.64
Stephanie Murphy,7,11,63.64
Amber Bailey,7,11,63.64
Michael Oliver,14,22,63.64
Kimberly Leonard,7,11,63.64
Rebecca Green,7,11,63.64
Brian Johnston,7,11,63.64
Jessica Barnett,7,11,63.64
Jonathan Schmidt,7,11,63.64
Rachel Sanchez,14,22,63.64
Erik Smith,14,22,63.64
Stephanie Hicks,7,11,63.64
Dana Lewis,7,11,63.64
Austin Garcia,7,11,63.64
Jason Tran,7,11,63.64
Tracy Sanchez,7,11,63.64
Emily Hughes,7,11,63.64
Andrew Schultz,7,11,63.64
Bryan Anderson,7,11,63.64
Nicole Nguyen,7,11,63.64
James Arnold,7,11,63.64
Michael Pacheco,7,11,63.64
Charles Graham,7,11,63.64
Joshua Jordan,7,11,63.64
Tina Carter,7,11,63.64
Matthew Liu,7,11,63.64
Tiffany Carter,7,11,63.64
Jerry Hill,7,11,63.64
Martin Brown,7,11,63.64
Jennifer Vargas,14,22,63.64
Ashley Harvey,7,11,63.64
Robert Miles,7,11,63.64
Deborah White,7,11,63.64
Jacob Chavez,7,11,63.64
Rebecca Fisher,7,11,63.64
Richard Edwards,7,11,63.64
Adam Ortiz,7,11,63.64
Shannon Clark,7,11,63.64
Jeffrey Collins,7,11,63.64
Christopher Turner,21,33,63.64
Carrie Clark,7,11,63.64
Billy Rodriguez,7,11,63.64
Kari Brown,7,11,63.64
Justin Russell,7,11,63.64
Thomas Henderson,7,11,63.64
Mark George,7,11,63.64
Laura Nguyen,14,22,63.64
Mark Hunt,7,11,63.64
Timothy Vazquez,7,11,63.64
Donna Gonzalez,7,11,63.64
Eric Cox,7,11,63.64
Nicholas Carter,7,11,63.64
Tracy Cruz,7,11,63.64
Tyler Gonzalez,7,11,63.64
Heather Spencer,7,11,63.64
Melissa Simmons,7,11,63.64
Sarah Burke,7,11,63.64
John Wade,7,11,63.64
Joseph Sandoval,7,11,63.64
Alan Moore,7,11,63.64
William Mcguire,7,11,63.64
Bradley Taylor,7,11,63.64
Paul Hunt,7,11,63.64
Shawn Sanchez,7,11,63.64
Sandra Young,7,11,63.64
Daniel Pope,7,11,63.64
Curtis Wilson,7,11,63.64
Tiffany Wright,7,11,63.64
John Murray,14,22,63.64
Scott Nguyen,7,11,63.64
Edward Foster,7,11,63.64
Morgan Martin,7,11,63.64
Steven Arnold,7,11,63.64
Brenda Mitchell,7,11,63.64
Patrick Stewart,7,11,63.64
Jeremy Parker,7,11,63.64
Cynthia Sanders,7,11,63.64
Rachel Walker,14,22,63.64
Susan Lee,14,22,63.64
Laurie Davis,7,11,63.64
Michelle Graham,7,11,63.64
Lauren Young,14,22,63.64
Christopher Moreno,7,11,63.64
Edwin Smith,7,11,63.64
Jessica Goodwin,7,11,63.64
Stephen Thomas,14,22,63.64
Anthony Mason,7,11,63.64
Christopher Stone,14,22,63.64
Denise Torres,7,11,63.64
Kevin Snyder,7,11,63.64
Linda Parker,7,11,63.64
Melissa Kennedy,7,11,63.64
Deborah King,7,11,63.64
Mary Davidson,7,11,63.64
Aaron Price,7,11,63.64
Kevin Weaver,7,11,63.64
Matthew Banks,7,11,63.64
Amy Sparks,7,11,63.64
Patrick Anderson,14,22,63.64
Jessica Rogers,14,22,63.64
Steven Ford,7,11,63.64
William Dixon,7,11,63.64
Elizabeth Cole,7,11,63.64
Christina Jackson,14,22,63.64
Jessica Martin,42,66,63.64
William Duncan,7,11,63.64
Kimberly Hudson,7,11,63.64
Angela Herrera,7,11,63.64
Susan Simmons,7,11,63.64
Laura Hunt,7,11,63.64
Kim Anderson,7,11,63.64
Jason Gardner,7,11,63.64
Martha Johnson,7,11,63.64
Brenda Baker,7,11,63.64
Christina Watson,7,11,63.64
Robin Gonzalez,7,11,63.64
Michael Dougherty,7,11,63.64
Kimberly Torres,14,22,63.64
Cynthia Sullivan,7,11,63.64
Jeffery Lopez,7,11,63.64
Eric Kennedy,7,11,63.64
David Hunt,14,22,63.64
Robert Morrison,7,11,63.64
Robert Bush,7,11,63.64
Debra Lewis,7,11,63.64
Kyle Warren,7,11,63.64
Craig Gonzalez,7,11,63.64
Gary Jackson,14,22,63.64
Susan Palmer,7,11,63.64
Yolanda Smith,7,11,63.64
David Maldonado,7,11,63.64
Cheyenne Smith,7,11,63.64
Michael Mcbride,7,11,63.64
Pamela Rivera,7,11,63.64
William Taylor,49,77,63.64
Raymond Harris,7,11,63.64
Eric Martinez,28,44,63.64
Michael Mcclure,7,11,63.64
Brian Wagner,7,11,63.64
Rebecca Snyder,7,11,63.64
Kristin Lopez,7,11,63.64
Katherine Diaz,7,11,63.64
Christina Howard,7,11,63.64
Brandon Kelly,7,11,63.64
Shannon Ramirez,7,11,63.64
Melissa Paul,7,11,63.64
James Brady,7,11,63.64
Lindsey Hernandez,7,11,63.64
Sharon Diaz,7,11,63.64
John Barber,7,11,63.64
Sara Jackson,7,11,63.64
Michael Travis,7,11,63.64
Heather Hayes,7,11,63.64
Stephanie Snyder,7,11,63.64
Adrian Johnson,7,11,63.64
Lisa Clark,28,44,63.64
Cynthia Flores,7,11,63.64
Stephen Marshall,7,11,63.64
Teresa Mitchell,7,11,63.64
Annette Jones,7,11,63.64
Kimberly Kelly,7,11,63.64
Michelle Little,7,11,63.64
Frank Rodriguez,7,11,63.64
Courtney Turner,7,11,63.64
Sandra Clark,7,11,63.64
Andrew Rivera,7,11,63.64
Richard Carpenter,7,11,63.64
Adrian Brown,7,11,63.64
Zachary Wallace,7,11,63.64
Kathy Davis,7,11,63.64
Terri Miller,7,11,63.64
Elizabeth Rios,7,11,63.64
James Cochran,7,11,63.64
Steven Hughes,7,11,63.64
Walter Martinez,7,11,63.64
Margaret Thomas,7,11,63.64
Samantha Reed,7,11,63.64
Robert Collins,28,44,63.64
Kaitlyn Williams,7,11,63.64
Mark Mckinney,7,11,63.64
Laura Jordan,7,11,63.64
Joshua Gilbert,7,11,63.64
Stephanie Howell,7,11,63.64
Veronica Gonzalez,7,11,63.64
Andrew Palmer,7,11,63.64
Andre Williams,7,11,63.64
Anthony Miller,35,55,63.64
Mark Bradley,7,11,63.64
Amanda Powell,14,22,63.64
Michelle Richards,7,11,63.64
Brandon Chavez,7,11,63.64
Robert Bates,7,11,63.64
Stephanie Arnold,7,11,63.64
Mark Mccarthy,7,11,63.64
Kimberly Ruiz,7,11,63.64
Nichole Johnson,7,11,63.64
Jason Reynolds,7,11,63.64
Michael Barton,7,11,63.64
Jill Thompson,7,11,63.64
Jill Moore,7,11,63.64
Jonathan Freeman,7,11,63.64
Sandra Robinson,7,11,63.64
Michael Camacho,7,11,63.64
Jennifer Price,14,22,63.64
Wendy Nguyen,7,11,63.64
Brian Lewis,14,22,63.64
Kenneth Nelson,7,11,63.64
Danielle Cooper,7,11,63.64
Steven Price,7,11,63.64
Jeremy Martin,14,22,63.64
Kayla Wilson,7,11,63.64
Kenneth Ross,7,11,63.64
Daniel Stewart,14,22,63.64
Brian Carroll,7,11,63.64
Amanda Klein,7,11,63.64
Kathleen Gonzalez,14,22,63.64
Wendy White,7,11,63.64
Melissa Woods,7,11,63.64
Brian Mendoza,7,11,63.64
Michelle Acosta,7,11,63.64
Mark Lynch,7,11,63.64
Margaret Phillips,7,11,63.64
Carrie King,7,11,63.64
Alan Rodriguez,7,11,63.64
Pamela Jenkins,7,11,63.64
Sarah Walker,21,33,63.64
Angela Brown,49,77,63.64
Erica Scott,7,11,63.64
Sarah Chan,7,11,63.64
Jacob Hall,14,22,63.64
Christine Russell,7,11,63.64
Tina Young,7,11,63.64
Brian Rogers,7,11,63.64
Kimberly Grant,7,11,63.64
John Chandler,7,11,63.64
Ashley Parker,14,22,63.64
Michael Hammond,7,11,63.64
Thomas Greene,7,11,63.64
Andrea Martinez,14,22,63.64
Kenneth Flores,7,11,63.64
David Ali,7,11,63.64
Julie Wright,7,11,63.64
John Cole,14,22,63.64
Jeremy James,7,11,63.64
Bradley Lee,7,11,63.64
Patricia Gomez,7,11,63.64
Samuel Walker,7,11,63.64
Andrew Chavez,7,11,63.64
Wayne Williams,7,11,63.64
Darrell Miller,7,11,63.64
Edward Green,7,11,63.64
Raymond Rodriguez,7,11,63.64
Scott Moore,21,33,63.64
Lisa Davidson,7,11,63.64
Nicholas Bailey,7,11,63.64
Desiree Brown,7,11,63.64
Tyler Young,7,11,63.64
Todd Allen,7,11,63.64
Brian Hart,7,11,63.64
Susan Murphy,7,11,63.64
Stephen Crawford,7,11,63.64
James Townsend,7,11,63.64
John Mathews,7,11,63.64
Cindy Taylor,7,11,63.64
Danielle King,7,11,63.64
April Hall,7,11,63.64
Lisa Mendoza,7,11,63.64
Tamara Williams,7,11,63.64
Gregory Robinson,14,22,63.64
Sean Green,7,11,63.64
Lisa Garza,7,11,63.64
Wanda Brown,7,11,63.64
Mary James,7,11,63.64
Stephanie Lewis,14,22,63.64
Alexandria Williams,7,11,63.64
Jessica Alvarez,7,11,63.64
Katherine Walker,7,11,63.64
Sandra Bell,7,11,63.64
Daniel Ray,7,11,63.64
Thomas Perry,7,11,63.64
Catherine Thompson,7,11,63.64
Derek Anderson,7,11,63.64
David Gomez,21,33,63.64
Renee Garcia,7,11,63.64
Tyler Gonzales,7,11,63.64
Justin Hansen,7,11,63.64
Joseph Ramirez,21,33,63.64
Stephanie Powell,7,11,63.64
Jose Flores,7,11,63.64
Raymond Lopez,7,11,63.64
Crystal Flores,7,11,63.64
Susan Mendoza,7,11,63.64
Julie Cook,7,11,63.64
Jessica Valdez,7,11,63.64
Nathan Bell,7,11,63.64
Gary Hill,7,11,63.64
Stephanie Dixon,7,11,63.64
Harold Johnson,7,11,63.64
Cynthia Rivera,7,11,63.64
Michael Briggs,7,11,63.64
Joshua Walters,7,11,63.64
Kathleen Adams,7,11,63.64
Donald Rodriguez,14,22,63.64
Lisa Cooper,14,22,63.64
Ashley Mason,7,11,63.64
Alexandra Davis,7,11,63.64
Daniel Fleming,7,11,63.64
Sean Rodriguez,14,22,63.64
Allison Wilson,7,11,63.64
Amy Rivera,7,11,63.64
Christopher Pearson,7,11,63.64
Amanda Holmes,7,11,63.64
Anthony Cruz,14,22,63.64
Anthony Mann,7,11,63.64
Richard Reynolds,7,11,63.64
Janet Rodriguez,7,11,63.64
John Cochran,7,11,63.64
Richard Nelson,14,22,63.64
Amy Jordan,7,11,63.64
Micheal Williams,7,11,63.64
Anna Murphy,7,11,63.64
Daniel Douglas,7,11,63.64
Natalie Martin,7,11,63.64
Richard Young,21,33,63.64
Ricardo Smith,7,11,63.64
Michael Hendricks,7,11,63.64
David Molina,7,11,63.64
Timothy Cooper,7,11,63.64
Kayla Lewis,7,11,63.64
Rebecca Wood,7,11,63.64
Darren Miller,7,11,63.64
Eric Rhodes,7,11,63.64
Mariah Jones,7,11,63.64
Johnny Gonzalez,7,11,63.64
Daniel Frazier,7,11,63.64
Chelsea Martinez,7,11,63.64
Mark Howard,14,22,63.64
Stephanie Patel,7,11,63.64
Lori Murphy,7,11,63.64
Kevin Dixon,7,11,63.64
Madison Davis,7,11,63.64
Shannon Phillips,7,11,63.64
Anthony Alexander,7,11,63.64
Mario Smith,7,11,63.64
Stephanie Holland,7,11,63.64
David Fuller,7,11,63.64
Angela Bryant,7,11,63.64
Mark Scott,14,22,63.64
Katie Rodriguez,7,11,63.64
Amanda Carroll,7,11,63.64
Scott Pierce,7,11,63.64
Christopher Diaz,21,33,63.64
Emily Powell,7,11,63.64
Brooke Garcia,7,11,63.64
Christopher Alvarado,7,11,63.64
Corey Hernandez,7,11,63.64
Jennifer Griffith,7,11,63.64
Brandon Gardner,7,11,63.64
Daniel Price,14,22,63.64
Brian Ford,7,11,63.64
Tracy Martin,7,11,63.64
Christopher Sullivan,14,22,63.64
Robert Alvarado,7,11,63.64
Jennifer Mullins,7,11,63.64
Marcus Brown,7,11,63.64
David Osborne,7,11,63.64
Jeremy Adams,7,11,63.64
David Munoz,7,11,63.64
John Wilkins,7,11,63.64
Tara Martinez,7,11,63.64
Jennifer Kim,14,22,63.64
Kevin Edwards,14,22,63.64
Micheal Johnson,7,11,63.64
William Greene,7,11,63.64
Lauren Nguyen,7,11,63.64
Pamela Davis,21,33,63.64
Elizabeth Bell,14,22,63.64
Jennifer Carpenter,14,22,63.64
Samantha Jackson,14,22,63.64
Nicole Robinson,21,33,63.64
Jesse Ward,7,11,63.64
Emily Henderson,7,11,63.64
Thomas Castro,7,11,63.64
David Juarez,7,11,63.64
James Knight,14,22,63.64
Joseph Olson,7,11,63.64
Jonathan Perez,14,22,63.64
Michael Luna,7,11,63.64
Bradley Perez,7,11,63.64
Lisa Johnston,7,11,63.64
Billy Williams,7,11,63.64
Margaret Martin,7,11,63.64
Christine Baker,7,11,63.64
Aaron Sanchez,7,11,63.64
Christopher Townsend,7,11,63.64
David Keller,7,11,63.64
Eric Jacobs,7,11,63.64
Carlos Anderson,7,11,63.64
Kayla Robinson,7,11,63.64
Ryan Olson,7,11,63.64
Robert Barrett,14,22,63.64
William Hunt,7,11,63.64
Matthew Santos,7,11,63.64
Melissa Smith,98,154,63.64
Elizabeth Bradley,7,11,63.64
Richard Stone,7,11,63.64
Paul Richardson,7,11,63.64
Eric Jenkins,7,11,63.64
Christopher Peterson,14,22,63.64
Charles Griffin,7,11,63.64
Brian Dennis,7,11,63.64
Anna Allen,7,11,63.64
Kevin Mason,7,11,63.64
Caitlin Brown,7,11,63.64
Stacey Scott,7,11,63.64
Gary Flores,7,11,63.64
Sylvia Smith,7,11,63.64
Jose Thomas,7,11,63.64
Jennifer Lang,7,11,63.64
Steven Ellis,7,11,63.64
Gregory Carter,7,11,63.64
Samantha Cox,7,11,63.64
Jessica Washington,14,22,63.64
Jason Mccoy,7,11,63.64
Brian Howell,7,11,63.64
Daniel Cummings,7,11,63.64
Catherine Anderson,7,11,63.64
Anthony Ramirez,21,33,63.64
Carolyn Garcia,7,11,63.64
Rachel Brown,35,55,63.64
Anthony Palmer,7,11,63.64
Julia Lopez,7,11,63.64
Robert Hunter,7,11,63.64
Matthew Schmidt,7,11,63.64
Christopher Parrish,7,11,63.64
Daniel Tucker,7,11,63.64
Timothy Fields,7,11,63.64
Michael Lam,7,11,63.64
Robert Greene,7,11,63.64
David Steele,7,11,63.64
Joshua Hunt,7,11,63.64
Holly Taylor,7,11,63.64
Suzanne Davis,7,11,63.64
Jason Cole,7,11,63.64
Ryan Coleman,7,11,63.64
Brian Nichols,7,11,63.64
Tyler Perez,7,11,63.64
Susan Bell,7,11,63.64
Jordan Walker,7,11,63.64
Steven Alexander,7,11,63.64
Kayla Hall,7,11,63.64
Holly Perez,7,11,63.64
Eric Campbell,14,22,63.64
Amy Nichols,7,11,63.64
Andrew Brown,61,96,63.54
Mary Brown,61,96,63.54
Brandon Williams,40,63,63.49
Michael Lopez,80,126,63.49
Sandra Smith,40,63,63.49
Lisa Lopez,33,52,63.46
Kimberly Anderson,33,52,63.46
Kevin Rodriguez,33,52,63.46
James King,33,52,63.46
Robert Hill,33,52,63.46
Daniel Hernandez,33,52,63.46
Edward Johnson,33,52,63.46
Linda Johnson,33,52,63.46
Anthony Williams,59,93,63.44
Ashley Taylor,26,41,63.41
Laura Anderson,26,41,63.41
Timothy Thomas,26,41,63.41
Mary Taylor,26,41,63.41
Emily Davis,26,41,63.41
Alexandra Smith,26,41,63.41
Pamela Williams,26,41,63.41
Michael Chavez,26,41,63.41
Jason Johnson,71,112,63.39
Heather Brown,45,71,63.38
Scott Gonzalez,19,30,63.33
Brandon Rodriguez,19,30,63.33
Jennifer Bailey,19,30,63.33
Jose Davis,19,30,63.33
Christine Moore,19,30,63.33
Lisa Martin,38,60,63.33
Timothy Harris,19,30,63.33
Daniel Jackson,38,60,63.33
Jennifer Cruz,19,30,63.33
Sarah Robinson,19,30,63.33
Sean Davis,19,30,63.33
Shawn Miller,19,30,63.33
Christopher Alexander,19,30,63.33
Maria Garcia,19,30,63.33
Michael Flores,38,60,63.33
Brian Perez,19,30,63.33
Zachary Miller,19,30,63.33
Amber Hernandez,19,30,63.33
Joseph Hill,19,30,63.33
Jessica Baker,19,30,63.33
David Rodriguez,76,120,63.33
Andrew Rodriguez,31,49,63.27
Michael Jenkins,31,49,63.27
David Edwards,31,49,63.27
Jennifer Perez,43,68,63.24
Robert Brown,115,182,63.19
Amanda Ortiz,12,19,63.16
Derrick Williams,12,19,63.16
Adam Thomas,12,19,63.16
Dustin Brown,12,19,63.16
Katherine Moore,12,19,63.16
Susan Taylor,12,19,63.16
Megan Hernandez,12,19,63.16
Joshua Howard,12,19,63.16
Joshua Gutierrez,12,19,63.16
Andrea Harris,12,19,63.16
Jasmine Miller,12,19,63.16
Craig Brown,12,19,63.16
Stephen Brown,24,38,63.16
Raymond Johnson,12,19,63.16
Linda Hernandez,12,19,63.16
Dana Williams,12,19,63.16
Laura Edwards,12,19,63.16
Brooke Johnson,12,19,63.16
David Sandoval,12,19,63.16
Brittany Lee,12,19,63.16
Elizabeth Gomez,12,19,63.16
Lisa Olson,12,19,63.16
Christina Baker,12,19,63.16
Jesse Jones,12,19,63.16
Aaron Johnson,36,57,63.16
Jennifer Black,12,19,63.16
Craig Davis,12,19,63.16
Matthew Myers,12,19,63.16
Nicholas Scott,12,19,63.16
Jason Clark,24,38,63.16
Jennifer Pierce,12,19,63.16
James Barrett,12,19,63.16
Susan Martin,12,19,63.16
Robert Ellis,12,19,63.16
Michael West,24,38,63.16
Michelle Cooper,12,19,63.16
Kristina Lopez,12,19,63.16
Lauren Clark,12,19,63.16
Michael Acosta,12,19,63.16
Melissa Lopez,24,38,63.16
Michelle Stewart,12,19,63.16
Mark Cooper,12,19,63.16
Brenda Lee,12,19,63.16
Elizabeth Morris,12,19,63.16
Kevin Ramos,12,19,63.16
Jennifer Banks,12,19,63.16
Jessica Dunn,12,19,63.16
Rebecca Carter,12,19,63.16
Robert Howard,24,38,63.16
Christopher Vasquez,12,19,63.16
Sandra Perez,12,19,63.16
Sara Lopez,12,19,63.16
Scott Phillips,12,19,63.16
Kyle Wilson,12,19,63.16
Donald Jackson,12,19,63.16
Lisa James,12,19,63.16
Patrick Thompson,12,19,63.16
Jonathan Edwards,12,19,63.16
Michael Walker,48,76,63.16
Jennifer Warren,12,19,63.16
David Robertson,12,19,63.16
Tammy Anderson,12,19,63.16
Jeffrey Henderson,12,19,63.16
Elizabeth Nguyen,12,19,63.16
Ryan Sanchez,12,19,63.16
Nancy Martinez,12,19,63.16
David Weber,12,19,63.16
Angelica Smith,12,19,63.16
Cynthia Taylor,12,19,63.16
Jessica Porter,12,19,63.16
Brittany Wilson,12,19,63.16
Amanda Long,12,19,63.16
Heather Adams,12,19,63.16
David Schmidt,12,19,63.16
Jonathan Clark,12,19,63.16
Erin Hernandez,12,19,63.16
Zachary Rodriguez,12,19,63.16
Renee Brown,12,19,63.16
Edward Garcia,12,19,63.16
James Curtis,12,19,63.16
Sarah Reed,12,19,63.16
Lisa Jordan,12,19,63.16
Jordan Williams,24,38,63.16
Jordan Moore,12,19,63.16
Christopher Burns,12,19,63.16
Laura Adams,12,19,63.16
Danielle Allen,12,19,63.16
Jerry Jones,12,19,63.16
Erin Harris,12,19,63.16
Kevin Coleman,12,19,63.16
Joseph Garcia,48,76,63.16
Ashley Phillips,12,19,63.16
Kim Brown,12,19,63.16
John Taylor,53,84,63.1
Thomas Thompson,29,46,63.04
Stephanie Jackson,29,46,63.04
Allison Smith,29,46,63.04
Kimberly Gonzalez,29,46,63.04
James Rogers,29,46,63.04
Christopher Edwards,29,46,63.04
Michael Morales,29,46,63.04
Kelly Smith,75,119,63.03
Stephanie Smith,92,146,63.01
David Hernandez,63,100,63.0
Karen Smith,63,100,63.0
Danielle Thomas,17,27,62.96
Jordan Jones,17,27,62.96
Lisa Rogers,17,27,62.96
Jeffery Johnson,17,27,62.96
Christopher Shaw,17,27,62.96
Jamie Wilson,17,27,62.96
Jacqueline Williams,17,27,62.96
David Daniels,17,27,62.96
Kevin Lewis,17,27,62.96
Scott Nelson,17,27,62.96
Richard Perez,17,27,62.96
Benjamin Jackson,17,27,62.96
Daniel Wood,17,27,62.96
John Sanders,17,27,62.96
Christopher Roberts,34,54,62.96
Brittany Anderson,17,27,62.96
Christine Martin,17,27,62.96
Courtney Brown,17,27,62.96
James Castillo,17,27,62.96
John Alvarez,17,27,62.96
Brianna Smith,17,27,62.96
Nicholas Jackson,17,27,62.96
Douglas Jackson,17,27,62.96
Joshua Scott,17,27,62.96
Jennifer Hamilton,17,27,62.96
Jessica Rivera,17,27,62.96
Jessica Moore,34,54,62.96
Stephanie Hill,17,27,62.96
Elizabeth Martin,34,54,62.96
Bradley Brown,17,27,62.96
Michelle Smith,95,151,62.91
Jennifer Brown,117,186,62.9
Christopher King,39,62,62.9
Jessica Williams,78,124,62.9
David Allen,39,62,62.9
Daniel Smith,127,202,62.87
Michael Sanchez,66,105,62.86
Jessica Davis,66,105,62.86
James Cook,22,35,62.86
James Martinez,66,105,62.86
Melissa White,22,35,62.86
John Patterson,22,35,62.86
Joseph Evans,22,35,62.86
Mark Davis,44,70,62.86
John Evans,22,35,62.86
Tracy Jones,22,35,62.86
Kimberly Walker,22,35,62.86
Michael Alvarez,22,35,62.86
Ryan Walker,22,35,62.86
Gary Jones,22,35,62.86
Monica Johnson,22,35,62.86
Michael Thompson,88,140,62.86
Jennifer Parker,27,43,62.79
Crystal Williams,27,43,62.79
Nicole Martinez,27,43,62.79
Mark Moore,27,43,62.79
David Nguyen,27,43,62.79
Robert Morris,27,43,62.79
Michael Ford,27,43,62.79
David Smith,194,309,62.78
Thomas Moore,32,51,62.75
Michelle Wilson,32,51,62.75
Sarah Thomas,32,51,62.75
Melissa Moore,32,51,62.75
Lauren Johnson,32,51,62.75
Amber Smith,42,67,62.69
Joseph Smith,121,193,62.69
Thomas Miller,47,75,62.67
Jennifer Taylor,72,115,62.61
Matthew Johnson,92,147,62.59
Christopher Jones,112,179,62.57
Carrie Phillips,5,8,62.5
Jenna Garcia,5,8,62.5
Julie Moss,5,8,62.5
John Acosta,5,8,62.5
Dylan Moore,5,8,62.5
Shannon Morales,5,8,62.5
Anthony Tyler,5,8,62.5
David Manning,5,8,62.5
Jennifer Brock,5,8,62.5
Amy Obrien,5,8,62.5
Aaron Rodriguez,15,24,62.5
Lisa Gates,5,8,62.5
Seth Martin,5,8,62.5
Edward Rodriguez,15,24,62.5
Amanda Bender,5,8,62.5
Jennifer Adkins,5,8,62.5
Rebecca Weber,5,8,62.5
Darlene Miller,5,8,62.5
Derrick Brown,10,16,62.5
Richard Harper,5,8,62.5
Corey Miller,10,16,62.5
Andrew Foster,5,8,62.5
Matthew Greene,10,16,62.5
James Stewart,25,40,62.5
Brandon Simmons,5,8,62.5
Larry Green,5,8,62.5
William Juarez,5,8,62.5
Debra Gomez,5,8,62.5
Kelly Tucker,5,8,62.5
Adam Silva,5,8,62.5
David Drake,5,8,62.5
Lisa Massey,5,8,62.5
Benjamin Hernandez,15,24,62.5
Tina Hughes,5,8,62.5
Kathleen Richardson,5,8,62.5
James Carey,5,8,62.5
Matthew Leon,5,8,62.5
Aaron Hamilton,5,8,62.5
Spencer Hernandez,5,8,62.5
Morgan Wilson,5,8,62.5
Michelle Novak,5,8,62.5
Charles Ruiz,5,8,62.5
David Whitehead,5,8,62.5
David Farmer,5,8,62.5
Elizabeth Berry,5,8,62.5
Lindsay Jackson,5,8,62.5
Justin Walton,5,8,62.5
Paul Hanson,5,8,62.5
Deborah Rogers,5,8,62.5
Ryan Ramos,5,8,62.5
Eric Reeves,5,8,62.5
Ashley Swanson,5,8,62.5
David Pollard,5,8,62.5
Dylan Thomas,5,8,62.5
Angela Henderson,5,8,62.5
Christopher Carroll,10,16,62.5
Jeffrey Price,5,8,62.5
John Lynch,10,16,62.5
Veronica Thompson,5,8,62.5
Ashley Kennedy,5,8,62.5
Joshua Griffin,10,16,62.5
Nicholas Mendez,5,8,62.5
Roger Miller,5,8,62.5
Laura Gregory,5,8,62.5
Brian Jacobs,5,8,62.5
Marc Jones,5,8,62.5
Christine Mccormick,5,8,62.5
Kyle Ramirez,5,8,62.5
Tiffany Alexander,5,8,62.5
Connor Garcia,5,8,62.5
John Paul,5,8,62.5
Bonnie Thomas,5,8,62.5
Samuel Collins,5,8,62.5
John Trevino,5,8,62.5
Mary Vargas,5,8,62.5
Michael Nash,5,8,62.5
Christina Pena,5,8,62.5
Jason Day,5,8,62.5
Allison Gonzalez,5,8,62.5
James Burnett,5,8,62.5
Patricia Schwartz,5,8,62.5
Kimberly Martin,40,64,62.5
Jeffery Diaz,5,8,62.5
Brittany Ramos,5,8,62.5
Timothy Price,5,8,62.5
Matthew Harvey,5,8,62.5
David Monroe,5,8,62.5
Mark Rice,5,8,62.5
Kim Phillips,5,8,62.5
Thomas Reyes,5,8,62.5
Dennis Hernandez,5,8,62.5
Jessica Joseph,5,8,62.5
Ryan Wood,10,16,62.5
Teresa Morris,5,8,62.5
Stephanie Castro,5,8,62.5
Anthony Woodard,5,8,62.5
Christopher Sexton,5,8,62.5
Tamara Martinez,5,8,62.5
Natalie Hernandez,10,16,62.5
Vincent Martinez,5,8,62.5
Julian Smith,5,8,62.5
Tiffany Reyes,5,8,62.5
Joseph Mcguire,5,8,62.5
Paul Owens,5,8,62.5
Rhonda Davis,10,16,62.5
Mary Curtis,5,8,62.5
Logan Gonzalez,5,8,62.5
George Carter,5,8,62.5
Lindsey Rogers,5,8,62.5
Emily Ford,5,8,62.5
Brian Farrell,5,8,62.5
Kristen Howard,5,8,62.5
Benjamin Myers,5,8,62.5
Jennifer Gross,5,8,62.5
Caitlin Moore,5,8,62.5
Donald Cooper,5,8,62.5
Daniel Chambers,5,8,62.5
Stephanie Lyons,5,8,62.5
David Reyes,25,40,62.5
Richard Aguilar,5,8,62.5
Kara Thompson,5,8,62.5
Daniel Lynch,5,8,62.5
Rebecca Ryan,5,8,62.5
Katherine Collins,5,8,62.5
Diana Johnson,20,32,62.5
Deanna Stewart,5,8,62.5
Joseph Sutton,5,8,62.5
Diana Baker,5,8,62.5
Thomas Wells,5,8,62.5
Aaron Cruz,5,8,62.5
William Moody,5,8,62.5
Julie Greene,5,8,62.5
Steven Carroll,5,8,62.5
Brandon Graham,5,8,62.5
Denise Russell,5,8,62.5
Timothy Brooks,10,16,62.5
Stephanie Owens,10,16,62.5
Patricia Hudson,5,8,62.5
Charles Cortez,5,8,62.5
Corey Clark,5,8,62.5
Kayla Kelly,5,8,62.5
Kevin Mendoza,10,16,62.5
Shane Walker,5,8,62.5
Erin Rogers,5,8,62.5
John Burgess,5,8,62.5
Nicholas Harrison,5,8,62.5
Shannon Adams,10,16,62.5
Joshua Lucas,5,8,62.5
Ronald Price,5,8,62.5
Angela Montgomery,5,8,62.5
Stephen Dean,5,8,62.5
Maria Johnson,35,56,62.5
Jason Allison,5,8,62.5
Matthew Cannon,5,8,62.5
Eric Burke,5,8,62.5
Maria Evans,5,8,62.5
Breanna Johnson,5,8,62.5
Alexis Stewart,5,8,62.5
Teresa Hall,5,8,62.5
James Hancock,5,8,62.5
Larry Gray,5,8,62.5
Mary Hogan,5,8,62.5
James Chaney,5,8,62.5
Melissa Gonzalez,25,40,62.5
Ronald Griffin,5,8,62.5
Mike Davis,5,8,62.5
Shelly Jones,5,8,62.5
Michelle Benson,5,8,62.5
Ralph Jones,5,8,62.5
James Phelps,5,8,62.5
William Kelley,5,8,62.5
Brian Page,5,8,62.5
Michael Baxter,5,8,62.5
Nicholas Reed,5,8,62.5
Kevin Graham,5,8,62.5
Brian Fox,5,8,62.5
Karen Kim,5,8,62.5
Joshua Curtis,5,8,62.5
Keith Perry,5,8,62.5
Lawrence Johnson,10,16,62.5
Jillian Jones,5,8,62.5
Christopher Daniels,10,16,62.5
Robert Fischer,5,8,62.5
Alexis Morris,5,8,62.5
Daniel Gallagher,5,8,62.5
Matthew Navarro,5,8,62.5
Adam Mcdonald,5,8,62.5
Scott Fox,5,8,62.5
James Orozco,5,8,62.5
Elizabeth Marquez,5,8,62.5
Jason Morris,10,16,62.5
Brett White,5,8,62.5
James Ibarra,5,8,62.5
Ryan Hansen,5,8,62.5
Mark Warren,5,8,62.5
Jennifer Hall,40,64,62.5
Jamie Schmidt,5,8,62.5
Jodi Davis,5,8,62.5
Brian Nunez,5,8,62.5
Ryan Grant,5,8,62.5
Angela Curtis,5,8,62.5
James Benitez,5,8,62.5
Scott Mendez,5,8,62.5
Justin Barker,5,8,62.5
William Lloyd,5,8,62.5
Ann Allen,5,8,62.5
James Collier,5,8,62.5
Benjamin Jordan,5,8,62.5
Karen Scott,10,16,62.5
Kendra Jackson,5,8,62.5
Kelly Hoffman,5,8,62.5
Ronald Moreno,5,8,62.5
Jennifer Giles,5,8,62.5
Jamie Hayes,5,8,62.5
Anthony Hays,5,8,62.5
Barbara Murray,5,8,62.5
Christopher Reyes,15,24,62.5
Larry Morris,5,8,62.5
Timothy Day,5,8,62.5
Jonathan Bradley,5,8,62.5
Beth Taylor,5,8,62.5
Toni Davis,5,8,62.5
Rachel Delgado,5,8,62.5
Timothy Hicks,5,8,62.5
Dennis White,5,8,62.5
David Bautista,5,8,62.5
Ryan Mason,5,8,62.5
Dennis Simmons,5,8,62.5
Curtis Moore,5,8,62.5
Daniel Powers,5,8,62.5
Ryan Owens,5,8,62.5
Katie Martinez,5,8,62.5
Brenda Jackson,10,16,62.5
Paul Vargas,5,8,62.5
Zachary Turner,5,8,62.5
Kayla Miller,15,24,62.5
Paul Murphy,10,16,62.5
Kendra Jones,5,8,62.5
Derek Johnson,20,32,62.5
John Gilmore,5,8,62.5
Eric Bennett,10,16,62.5
Taylor Lee,10,16,62.5
Steven Ferguson,5,8,62.5
Ashley Fernandez,5,8,62.5
Brian Wu,5,8,62.5
Kimberly Larsen,5,8,62.5
Jeffery Thomas,5,8,62.5
Tina Porter,5,8,62.5
Hannah Thomas,5,8,62.5
Barry Jones,5,8,62.5
Paul Perry,5,8,62.5
Karen Perez,15,24,62.5
Christina Porter,5,8,62.5
Michael Cross,10,16,62.5
Kelly Knight,5,8,62.5
Heidi Lopez,5,8,62.5
Robert Poole,5,8,62.5
John Sherman,5,8,62.5
Laura Jackson,25,40,62.5
Jacob Brooks,5,8,62.5
Amanda Webster,5,8,62.5
Jeffrey Hoffman,5,8,62.5
Nathan Richardson,5,8,62.5
Patricia Sullivan,5,8,62.5
Nathaniel Moore,5,8,62.5
Samantha Jimenez,5,8,62.5
Gina Thomas,5,8,62.5
Gregory Clark,10,16,62.5
Stephen White,15,24,62.5
Melissa Schneider,5,8,62.5
Sarah Gallegos,5,8,62.5
Amanda Rice,5,8,62.5
Kevin Bailey,10,16,62.5
Samantha Wallace,5,8,62.5
Christina Morris,10,16,62.5
Colleen Johnson,10,16,62.5
Kyle Jenkins,5,8,62.5
Jose Stewart,5,8,62.5
Paul Stevens,5,8,62.5
Jacob Shaw,5,8,62.5
Eric Gardner,5,8,62.5
Jennifer Nash,5,8,62.5
Shannon Jackson,20,32,62.5
Natalie Stewart,5,8,62.5
Joseph Barton,5,8,62.5
Jason Aguilar,5,8,62.5
Mary Luna,5,8,62.5
Tammy Martinez,15,24,62.5
Eric Russell,5,8,62.5
Melissa Willis,5,8,62.5
Austin Bennett,5,8,62.5
Susan Russell,5,8,62.5
Sandra Perry,5,8,62.5
James Pitts,5,8,62.5
Douglas Anderson,10,16,62.5
Ryan Brewer,5,8,62.5
Rebecca Duncan,5,8,62.5
Taylor Sanchez,5,8,62.5
Michael Gould,10,16,62.5
John Higgins,5,8,62.5
Elizabeth Knight,5,8,62.5
Daniel Carlson,5,8,62.5
Jimmy Hernandez,5,8,62.5
Alicia Lewis,5,8,62.5
Megan Lucas,5,8,62.5
Christopher Paul,5,8,62.5
Timothy Duncan,5,8,62.5
Denise Martinez,10,16,62.5
Jason Webb,5,8,62.5
Susan Rogers,5,8,62.5
Emily Clark,15,24,62.5
Marcus Lee,5,8,62.5
Leah Wilson,5,8,62.5
Brenda Edwards,5,8,62.5
Corey Davis,10,16,62.5
John Mccormick,5,8,62.5
Justin Weaver,5,8,62.5
Christine Foster,5,8,62.5
Kevin Vazquez,5,8,62.5
James Horn,5,8,62.5
Elizabeth Patrick,5,8,62.5
Joseph Camacho,5,8,62.5
Steven Campbell,15,24,62.5
Susan Perry,5,8,62.5
Amy Gibson,5,8,62.5
Jessica Jones,75,120,62.5
Karen Stewart,5,8,62.5
Steven Boyd,5,8,62.5
Elizabeth Barnes,5,8,62.5
Corey Thomas,5,8,62.5
Andrew Meyer,5,8,62.5
Alan Jones,10,16,62.5
Brian Vargas,5,8,62.5
Joseph Hardy,5,8,62.5
Rebecca Jenkins,5,8,62.5
Adam Carter,10,16,62.5
Ashley Kerr,5,8,62.5
Gregory Green,10,16,62.5
Paul Fleming,5,8,62.5
Marilyn Smith,5,8,62.5
Jeffrey Chen,5,8,62.5
Allen Thomas,5,8,62.5
Emma Brown,5,8,62.5
Stephen Walker,10,16,62.5
Stephen Jenkins,5,8,62.5
Benjamin Carter,5,8,62.5
Julie Beck,5,8,62.5
Linda Carroll,5,8,62.5
Michael Bass,5,8,62.5
John Waters,5,8,62.5
Martin Martinez,5,8,62.5
Tiffany Johnson,40,64,62.5
Sarah Ryan,5,8,62.5
Jesus Moore,5,8,62.5
Amy Simmons,5,8,62.5
Mary Tran,5,8,62.5
Jason Welch,5,8,62.5
Jeffery Hernandez,5,8,62.5
William Benson,5,8,62.5
Felicia Perez,5,8,62.5
Scott Boyd,5,8,62.5
Tim Smith,5,8,62.5
Elizabeth Pena,5,8,62.5
Daniel Wright,25,40,62.5
Rachel Clark,15,24,62.5
Paul Ramirez,10,16,62.5
James Estrada,15,24,62.5
Kelly Riley,5,8,62.5
Mark Chambers,5,8,62.5
Thomas Parsons,5,8,62.5
Samantha Carter,5,8,62.5
Danielle Peterson,5,8,62.5
Taylor Porter,5,8,62.5
Tiffany Cox,5,8,62.5
Courtney Collins,5,8,62.5
Amanda Mccormick,5,8,62.5
Luke Davis,5,8,62.5
Heather Castillo,5,8,62.5
Randy Baker,5,8,62.5
Ashley Bishop,5,8,62.5
Chad Chavez,5,8,62.5
James Malone,5,8,62.5
Kimberly Chandler,5,8,62.5
David Kelly,15,24,62.5
Matthew Page,5,8,62.5
Todd Mitchell,5,8,62.5
Jennifer Carey,5,8,62.5
Rachel Holmes,5,8,62.5
David Lang,5,8,62.5
Charles Kennedy,5,8,62.5
Steven Morrison,5,8,62.5
Nicole Washington,5,8,62.5
Elizabeth Willis,5,8,62.5
Brian Garner,5,8,62.5
Christina Patel,5,8,62.5
Jeremy Richardson,5,8,62.5
Charles Butler,5,8,62.5
Patricia Allen,10,16,62.5
Mark Boyd,10,16,62.5
James Krause,5,8,62.5
David Hartman,5,8,62.5
Joshua Robinson,20,32,62.5
Tyler Barnes,5,8,62.5
Christopher Ball,5,8,62.5
Rebecca Cole,5,8,62.5
Raymond Wallace,5,8,62.5
Dustin Harris,10,16,62.5
Scott Castillo,5,8,62.5
Richard Santiago,5,8,62.5
Scott Soto,5,8,62.5
Anthony Graves,5,8,62.5
Michael Shannon,5,8,62.5
John Camacho,5,8,62.5
Tonya Wilson,5,8,62.5
Michael Li,5,8,62.5
Diane Clark,5,8,62.5
Melissa Wong,5,8,62.5
Jason Miller,45,72,62.5
Dawn Ross,5,8,62.5
Michael Lewis,55,88,62.5
Michael Craig,10,16,62.5
Chad Mitchell,5,8,62.5
Brooke Harris,5,8,62.5
Christina Evans,10,16,62.5
Christine Watson,5,8,62.5
Stacey Harris,5,8,62.5
Peter Davis,10,16,62.5
Jordan Young,5,8,62.5
Bruce Lee,5,8,62.5
Stephen Larson,5,8,62.5
Ronald Mason,5,8,62.5
Emily Kim,5,8,62.5
Anne Anderson,5,8,62.5
Adam Black,5,8,62.5
Steven Vargas,5,8,62.5
Kathleen Hill,5,8,62.5
Amy Lawrence,5,8,62.5
Leslie Martin,5,8,62.5
Michael Gonzalez,85,136,62.5
Courtney Lewis,5,8,62.5
Bonnie Hernandez,5,8,62.5
Jeffrey Stone,5,8,62.5
Dylan Jackson,5,8,62.5
Paul Wong,5,8,62.5
Amanda Blake,5,8,62.5
John Carey,5,8,62.5
Julie Collins,5,8,62.5
Amanda Castro,10,16,62.5
John Juarez,5,8,62.5
Amber Price,5,8,62.5
Mary Gallegos,5,8,62.5
Erika Moore,5,8,62.5
Luis Miller,10,16,62.5
Stephanie Guzman,5,8,62.5
Monica Baker,5,8,62.5
Suzanne Hernandez,5,8,62.5
Jennifer Mack,5,8,62.5
Todd Washington,5,8,62.5
Kevin Guerrero,5,8,62.5
Karen White,15,24,62.5
Mary Silva,5,8,62.5
Alexis Gonzalez,5,8,62.5
Karen Walters,5,8,62.5
James Lamb,5,8,62.5
John Reese,5,8,62.5
Christopher Chapman,10,16,62.5
Christopher Curry,5,8,62.5
George Nichols,5,8,62.5
Michael Matthews,15,24,62.5
Lori Bennett,5,8,62.5
Gregory Davis,25,40,62.5
Bryan Allen,5,8,62.5
James Holt,5,8,62.5
Anthony Pearson,5,8,62.5
Hannah Coleman,5,8,62.5
Adam Pierce,5,8,62.5
Lisa Newman,5,8,62.5
Charles Johnston,5,8,62.5
Tiffany Wallace,5,8,62.5
Jared King,5,8,62.5
Tiffany Reed,5,8,62.5
Elizabeth Rowe,5,8,62.5
Rachel Mcdonald,5,8,62.5
Stephanie Rhodes,5,8,62.5
Sandra Richardson,5,8,62.5
Donald Castillo,5,8,62.5
Katherine Thomas,10,16,62.5
Daniel Mckinney,5,8,62.5
Vincent Martin,5,8,62.5
Thomas Russell,5,8,62.5
Shawn Edwards,5,8,62.5
Zachary Fisher,5,8,62.5
Thomas Barrett,5,8,62.5
Carrie Nelson,5,8,62.5
Kimberly Byrd,5,8,62.5
Rebecca Powell,5,8,62.5
Linda Clark,15,24,62.5
Kyle Adams,5,8,62.5
Andrew Cunningham,5,8,62.5
Brian Nelson,20,32,62.5
Frank Harris,5,8,62.5
Jonathan Lynch,5,8,62.5
Angela Shaw,5,8,62.5
Cynthia Watson,5,8,62.5
Nicole Gordon,5,8,62.5
Victoria Tucker,5,8,62.5
Luis Anderson,5,8,62.5
Mariah Johnson,5,8,62.5
Karen Garza,5,8,62.5
Brandon Reynolds,5,8,62.5
Jonathan Ruiz,5,8,62.5
Michael Farrell,5,8,62.5
Ashley Nichols,5,8,62.5
Amy Contreras,5,8,62.5
Sarah Andrews,5,8,62.5
Kevin Jenkins,10,16,62.5
Mary Burns,5,8,62.5
John Ochoa,5,8,62.5
Robert Francis,5,8,62.5
Jessica House,5,8,62.5
Lauren Hughes,5,8,62.5
Manuel Thomas,5,8,62.5
Christopher Kirby,5,8,62.5
Stephanie Moreno,5,8,62.5
Stephanie Reid,5,8,62.5
Leslie Sanchez,5,8,62.5
Mark Shaw,5,8,62.5
Debra Woods,5,8,62.5
Lisa Herman,5,8,62.5
Jason Bolton,5,8,62.5
Michael Roberts,40,64,62.5
Chelsea White,5,8,62.5
Rebecca Hart,5,8,62.5
Danielle Stevens,5,8,62.5
Richard Hill,20,32,62.5
Amy Olson,5,8,62.5
Anthony Schwartz,5,8,62.5
Ronald Rodriguez,10,16,62.5
Matthew Beasley,5,8,62.5
Jennifer Sosa,5,8,62.5
Randall Jones,5,8,62.5
James Hobbs,5,8,62.5
John Tyler,5,8,62.5
Craig Thompson,5,8,62.5
Jennifer Mcguire,5,8,62.5
Ronald Morris,10,16,62.5
Melissa Chen,5,8,62.5
David Wolf,5,8,62.5
Deborah Diaz,5,8,62.5
Joseph Peters,5,8,62.5
Thomas Mcdonald,5,8,62.5
Richard Dean,5,8,62.5
Stephanie Stevens,5,8,62.5
Jason Lee,25,40,62.5
Rebecca Warner,5,8,62.5
Joseph Mccoy,5,8,62.5
Erin Torres,5,8,62.5
Gerald Davis,5,8,62.5
Gregory Gutierrez,5,8,62.5
Danielle Long,5,8,62.5
William Merritt,5,8,62.5
John Blankenship,5,8,62.5
Patricia Richardson,5,8,62.5
Brittany Crawford,5,8,62.5
Karen Dixon,5,8,62.5
Miranda Harris,5,8,62.5
Terry Davis,10,16,62.5
Paul Brooks,5,8,62.5
Thomas Herrera,5,8,62.5
Richard Carter,5,8,62.5
Thomas Schmidt,5,8,62.5
Terri Thomas,5,8,62.5
Jacqueline Green,5,8,62.5
Charles Phillips,15,24,62.5
Jose Gomez,5,8,62.5
Lisa Campbell,20,32,62.5
Gina Jackson,5,8,62.5
Shawn Howard,5,8,62.5
Tiffany Olson,5,8,62.5
Pamela Mendoza,5,8,62.5
Martin Lopez,5,8,62.5
Lori Hawkins,5,8,62.5
Mark Moreno,5,8,62.5
Jessica Miller,45,72,62.5
Patricia Wood,5,8,62.5
Heather Arnold,5,8,62.5
David Lucas,5,8,62.5
April Roberts,5,8,62.5
Kevin Adkins,5,8,62.5
Tracy Davidson,5,8,62.5
Richard Harvey,5,8,62.5
Stephanie Chambers,5,8,62.5
Adam Holmes,5,8,62.5
Mark Park,5,8,62.5
Jason Reyes,10,16,62.5
Denise Ramirez,5,8,62.5
Sarah Torres,20,32,62.5
Elizabeth Goodman,5,8,62.5
Wendy Palmer,5,8,62.5
Nicholas Fuller,5,8,62.5
Ashley Carpenter,5,8,62.5
Laura Nichols,5,8,62.5
Caleb Nelson,5,8,62.5
Renee Hall,5,8,62.5
Molly Green,5,8,62.5
Deborah Duncan,5,8,62.5
Kimberly Rowe,5,8,62.5
James Delacruz,5,8,62.5
Logan Smith,10,16,62.5
Daniel Olsen,5,8,62.5
Pamela Kim,5,8,62.5
Jason Lynch,5,8,62.5
Christopher Gates,5,8,62.5
James Steele,5,8,62.5
Katelyn Martin,5,8,62.5
Justin Stevens,5,8,62.5
Debra Sanchez,5,8,62.5
John Cantrell,5,8,62.5
Cindy Roberts,5,8,62.5
Jesse Moore,5,8,62.5
Kenneth Watson,5,8,62.5
Jack Wilson,5,8,62.5
Danny Garcia,5,8,62.5
Sarah Stephens,5,8,62.5
Hannah Mitchell,5,8,62.5
Carlos Jackson,5,8,62.5
Jose Allen,5,8,62.5
Laura Cook,5,8,62.5
Stephen Nguyen,5,8,62.5
James Tate,5,8,62.5
Elizabeth Taylor,40,64,62.5
Elizabeth Ortega,5,8,62.5
Katherine Baker,10,16,62.5
Nichole Smith,5,8,62.5
Alicia Gonzalez,10,16,62.5
John Trujillo,5,8,62.5
Lisa Schwartz,5,8,62.5
Kathryn Edwards,5,8,62.5
Nicholas Romero,5,8,62.5
Sarah Byrd,5,8,62.5
Crystal Fowler,5,8,62.5
Martin Harris,5,8,62.5
Ashley Lane,5,8,62.5
Brittany Dunn,5,8,62.5
Jennifer Owen,5,8,62.5
Nathan Martin,10,16,62.5
Erik Robinson,5,8,62.5
Michelle Snyder,5,8,62.5
Heather Fowler,5,8,62.5
Nicholas Lawson,5,8,62.5
Sean Lopez,10,16,62.5
Nicholas Fowler,5,8,62.5
Karen Bell,5,8,62.5
Angela Hart,5,8,62.5
Alexander Miller,10,16,62.5
Kevin Oneill,5,8,62.5
Thomas Steele,5,8,62.5
Terry Wilson,5,8,62.5
Scott Davidson,5,8,62.5
Heather Gonzales,5,8,62.5
Brittany Davis,20,32,62.5
Nicholas Berry,5,8,62.5
David Morgan,25,40,62.5
William Berry,5,8,62.5
Christopher Ingram,5,8,62.5
Angela Harrison,5,8,62.5
John Stuart,5,8,62.5
Robert Meadows,5,8,62.5
Kenneth Pierce,5,8,62.5
Alexander Torres,5,8,62.5
Joseph Barnett,5,8,62.5
Kristen Lewis,5,8,62.5
James Kaufman,5,8,62.5
Elizabeth Walsh,5,8,62.5
Travis Martinez,5,8,62.5
Richard Dunn,5,8,62.5
Daniel Klein,5,8,62.5
Kevin Armstrong,5,8,62.5
Brandon Griffin,5,8,62.5
Samuel Price,5,8,62.5
Tiffany Bell,5,8,62.5
Timothy Woods,5,8,62.5
Amanda Brewer,5,8,62.5
Daniel Yates,5,8,62.5
David Kent,5,8,62.5
James Mcclure,5,8,62.5
Kevin Porter,5,8,62.5
Anna Collins,5,8,62.5
Terri Taylor,5,8,62.5
Christina Weber,5,8,62.5
Jonathan Bell,10,16,62.5
Jennifer Blevins,5,8,62.5
Shannon Wright,10,16,62.5
James Humphrey,5,8,62.5
Tracey Jackson,5,8,62.5
Bradley Flores,5,8,62.5
Rachael White,5,8,62.5
Carol Williams,10,16,62.5
Jessica Schneider,5,8,62.5
Thomas Nunez,5,8,62.5
Christopher Richard,5,8,62.5
Todd Wood,5,8,62.5
Robert Wolf,5,8,62.5
Rachel Hicks,5,8,62.5
Jessica Diaz,10,16,62.5
Brian Cortez,5,8,62.5
Barbara Cook,5,8,62.5
Samantha Fitzgerald,5,8,62.5
Sarah Figueroa,5,8,62.5
Charles Hudson,5,8,62.5
Andrew Leblanc,5,8,62.5
Eric Grant,5,8,62.5
Lori Hughes,5,8,62.5
Casey Green,5,8,62.5
Thomas Perkins,5,8,62.5
Ernest Johnson,5,8,62.5
Mark Wagner,5,8,62.5
Joseph Donovan,5,8,62.5
Michelle Salazar,5,8,62.5
Jonathan Padilla,5,8,62.5
Lori Hamilton,5,8,62.5
Robert Griffin,15,24,62.5
Jeremiah Smith,10,16,62.5
Billy Taylor,5,8,62.5
Joseph Byrd,5,8,62.5
Frank Martin,5,8,62.5
Melissa George,10,16,62.5
Benjamin Fisher,5,8,62.5
John Horton,10,16,62.5
Maria Walker,10,16,62.5
Holly Adams,5,8,62.5
Tracy Fisher,5,8,62.5
Austin Adams,5,8,62.5
Pamela Ramirez,5,8,62.5
Brandon Fox,5,8,62.5
Stephanie Tran,5,8,62.5
Jason Ford,10,16,62.5
Linda Harrison,5,8,62.5
Brian Hines,5,8,62.5
Robert Stark,5,8,62.5
Emily Franklin,5,8,62.5
Jacob Schwartz,5,8,62.5
Jessica Jennings,5,8,62.5
Patrick Marshall,5,8,62.5
Melinda Williams,10,16,62.5
Sean Rivera,5,8,62.5
Brittany Perry,5,8,62.5
Nathan Ramos,5,8,62.5
Adam Diaz,5,8,62.5
Heather Medina,5,8,62.5
Kevin Hughes,5,8,62.5
Jessica Peters,10,16,62.5
Lauren Sanders,5,8,62.5
Karen Flores,10,16,62.5
Kimberly Charles,5,8,62.5
Morgan Anderson,5,8,62.5
Susan Peterson,5,8,62.5
Mary Frazier,5,8,62.5
Julie Edwards,10,16,62.5
Steven West,5,8,62.5
Gregory Butler,5,8,62.5
Steven Berry,5,8,62.5
Matthew Mccoy,5,8,62.5
Anna Morris,5,8,62.5
Larry Thompson,5,8,62.5
Peggy Brown,5,8,62.5
Christopher Mercado,5,8,62.5
Aaron Gutierrez,5,8,62.5
Joseph Bishop,5,8,62.5
Tiffany Davis,20,32,62.5
Jennifer Marsh,5,8,62.5
Sarah Flynn,5,8,62.5
Jeremy Ryan,5,8,62.5
Sandra Cooper,5,8,62.5
Joseph Malone,5,8,62.5
Amy Morales,10,16,62.5
Andrea Butler,5,8,62.5
Robert Thornton,5,8,62.5
Alexis Jenkins,5,8,62.5
Derek Collins,5,8,62.5
Chris Wilson,5,8,62.5
Michael Hernandez,80,128,62.5
James Hinton,5,8,62.5
Ryan Collins,10,16,62.5
Russell Anderson,5,8,62.5
Melissa Kelley,10,16,62.5
James Mason,15,24,62.5
Robert Manning,5,8,62.5
Christopher Carlson,10,16,62.5
Elizabeth Bush,5,8,62.5
Robert Park,5,8,62.5
Michelle Spencer,5,8,62.5
Stephanie Rios,5,8,62.5
Thomas Romero,5,8,62.5
Natasha White,5,8,62.5
Hannah Parker,5,8,62.5
Peter White,10,16,62.5
Joseph Andrews,5,8,62.5
Michelle Moreno,5,8,62.5
Holly Hernandez,5,8,62.5
Michael Harrell,5,8,62.5
Rachel Foster,5,8,62.5
Teresa Davis,15,24,62.5
Paul Hawkins,5,8,62.5
Angela Price,5,8,62.5
Maria Jordan,5,8,62.5
Nicholas Allen,10,16,62.5
Rachel Rice,5,8,62.5
Nicole Soto,5,8,62.5
David Li,5,8,62.5
Megan Ryan,5,8,62.5
Deanna Thomas,5,8,62.5
Alicia Allen,5,8,62.5
Bruce Martin,5,8,62.5
Lisa Booth,5,8,62.5
Heather Lynch,5,8,62.5
Daniel Goodman,5,8,62.5
Kathleen Jackson,10,16,62.5
Linda Jordan,5,8,62.5
Julie Martinez,20,32,62.5
Stephanie Frazier,5,8,62.5
Eric Munoz,5,8,62.5
Shawn Gonzalez,5,8,62.5
Jessica Stone,10,16,62.5
Kimberly Clayton,5,8,62.5
Daniel Moss,5,8,62.5
Christine Hughes,5,8,62.5
Jeffrey Allen,15,24,62.5
Christopher Chan,5,8,62.5
Thomas Sharp,5,8,62.5
Troy Davis,5,8,62.5
Laura Garner,5,8,62.5
Ashley Saunders,5,8,62.5
Jason Mills,5,8,62.5
Angela Burns,5,8,62.5
David Koch,5,8,62.5
Christopher Sharp,5,8,62.5
Kylie Smith,5,8,62.5
Joshua Ingram,5,8,62.5
Jennifer Weaver,10,16,62.5
David Bradley,10,16,62.5
Kimberly Trujillo,5,8,62.5
John Hammond,5,8,62.5
Angela Stanley,5,8,62.5
Vanessa Jordan,5,8,62.5
Edward Lewis,10,16,62.5
Dana Robinson,5,8,62.5
Zachary Morgan,5,8,62.5
Michael Baird,5,8,62.5
Christopher Leon,5,8,62.5
Jill Ramirez,5,8,62.5
Melinda Rodriguez,5,8,62.5
Emily Dean,5,8,62.5
Courtney Roberts,5,8,62.5
Christine Ward,5,8,62.5
Jason Andrews,5,8,62.5
Brandon Gutierrez,5,8,62.5
William Roy,5,8,62.5
Gregory Snyder,5,8,62.5
Elizabeth Mccoy,5,8,62.5
Amy Beck,5,8,62.5
Jonathan Carlson,5,8,62.5
Benjamin Russell,5,8,62.5
Nicholas Woods,5,8,62.5
Joseph Larsen,5,8,62.5
William Becker,5,8,62.5
Andrew Schwartz,5,8,62.5
Adam Graham,5,8,62.5
Alison Jones,5,8,62.5
Sharon Evans,5,8,62.5
Justin Burns,5,8,62.5
Rhonda Lewis,5,8,62.5
Mary Ruiz,5,8,62.5
Patrick Young,10,16,62.5
Stacy Collins,5,8,62.5
Melissa Wagner,5,8,62.5
Casey Martinez,10,16,62.5
Ronald Reynolds,5,8,62.5
Alex Rodriguez,5,8,62.5
Mary Daniels,5,8,62.5
Jodi Jones,5,8,62.5
Laura Lewis,15,24,62.5
Sara Scott,5,8,62.5
David Lloyd,5,8,62.5
Mary Hanson,5,8,62.5
Timothy Webb,5,8,62.5
Ashley Lucas,5,8,62.5
Gregory Price,5,8,62.5
Jason Moss,5,8,62.5
Mary Gonzalez,15,24,62.5
Gabrielle Smith,10,16,62.5
Christopher Todd,5,8,62.5
Aaron Morris,5,8,62.5
Justin Nelson,15,24,62.5
Michael Roy,5,8,62.5
Kimberly Buchanan,5,8,62.5
Gregory Ortiz,5,8,62.5
Jesus Williams,5,8,62.5
Teresa Cox,5,8,62.5
John Mayo,5,8,62.5
Matthew Sims,5,8,62.5
Jeffrey Fields,5,8,62.5
Sean Thomas,10,16,62.5
Craig Rogers,5,8,62.5
Todd Gonzalez,5,8,62.5
Kyle Mitchell,5,8,62.5
Brandon Holmes,5,8,62.5
Nicholas Love,5,8,62.5
Joseph Bush,5,8,62.5
Susan Lawson,5,8,62.5
Lisa Key,5,8,62.5
Ryan Kelley,5,8,62.5
Jesse Cook,5,8,62.5
Anita Miller,5,8,62.5
Mary Terry,5,8,62.5
Paul Alvarez,5,8,62.5
Jessica Conner,5,8,62.5
Bryan Reynolds,5,8,62.5
Richard Gordon,5,8,62.5
Debbie Johnson,10,16,62.5
Jillian Davis,5,8,62.5
Laura Cole,5,8,62.5
Donald Roberts,5,8,62.5
Tina Mitchell,5,8,62.5
Joel Lee,5,8,62.5
Omar Miller,5,8,62.5
Andrew Williamson,5,8,62.5
Kelsey Anderson,5,8,62.5
Victor Wilson,5,8,62.5
Joseph Lawrence,5,8,62.5
Nicole Ferguson,5,8,62.5
William Mcgee,5,8,62.5
Megan Fowler,5,8,62.5
Matthew Sexton,5,8,62.5
Jeremy Wright,5,8,62.5
Dylan Lopez,5,8,62.5
Timothy Burton,5,8,62.5
Douglas Edwards,5,8,62.5
Andrew Aguilar,5,8,62.5
Thomas Castillo,5,8,62.5
Veronica Perez,5,8,62.5
Kimberly Salinas,5,8,62.5
Melissa Mercado,5,8,62.5
Ian Rodriguez,5,8,62.5
Melissa Ingram,5,8,62.5
Linda Reyes,5,8,62.5
Kevin Clark,15,24,62.5
Robert Knapp,5,8,62.5
John Rivers,5,8,62.5
Alexander Evans,5,8,62.5
Samuel Carter,10,16,62.5
Justin Armstrong,5,8,62.5
Kevin Marks,5,8,62.5
Joseph Vargas,5,8,62.5
Melissa Schultz,5,8,62.5
Colleen Lewis,5,8,62.5
Elizabeth Sharp,5,8,62.5
Allen Clark,5,8,62.5
Jonathan Rose,5,8,62.5
William Robles,5,8,62.5
Matthew Rivers,5,8,62.5
Christine Wright,15,24,62.5
William Townsend,5,8,62.5
Taylor Mason,5,8,62.5
Henry Perez,5,8,62.5
Julie Ray,5,8,62.5
Heather Contreras,5,8,62.5
Lisa Wheeler,5,8,62.5
Eric Benson,5,8,62.5
Wendy Hines,5,8,62.5
Paul Dixon,5,8,62.5
Sherri Jones,5,8,62.5
Aaron Bailey,5,8,62.5
Joshua Armstrong,10,16,62.5
Scott Woods,5,8,62.5
James Tran,10,16,62.5
Charles Cohen,5,8,62.5
David Hicks,15,24,62.5
John Lindsey,5,8,62.5
Matthew Gillespie,5,8,62.5
Joshua Daniel,5,8,62.5
Brenda Banks,5,8,62.5
Mark Fitzpatrick,5,8,62.5
Joshua Fernandez,5,8,62.5
Justin Little,5,8,62.5
Patrick Gray,5,8,62.5
Katherine Bennett,5,8,62.5
Joseph Fletcher,5,8,62.5
Timothy Fox,5,8,62.5
James Duncan,10,16,62.5
Elizabeth Sims,5,8,62.5
Anthony Shannon,5,8,62.5
Laurie Martinez,5,8,62.5
Walter Johnson,10,16,62.5
Mark Riley,5,8,62.5
Bobby Taylor,5,8,62.5
Michelle Lang,5,8,62.5
Megan Fitzgerald,5,8,62.5
Nicole Schultz,5,8,62.5
Elizabeth Caldwell,5,8,62.5
James Mercado,5,8,62.5
Sarah Stone,5,8,62.5
Amy Cohen,5,8,62.5
Kevin Griffith,5,8,62.5
John Hampton,5,8,62.5
Carol Turner,5,8,62.5
Marc Bennett,5,8,62.5
Benjamin Romero,5,8,62.5
Erin Hughes,5,8,62.5
Joseph Li,5,8,62.5
Randy Williams,10,16,62.5
Michael Berry,15,24,62.5
Mark Santiago,5,8,62.5
Taylor Perry,5,8,62.5
Donna Hughes,5,8,62.5
Sharon Robinson,5,8,62.5
Andrew Anderson,25,40,62.5
Joseph Schneider,5,8,62.5
Richard Parker,10,16,62.5
Rebecca Lambert,5,8,62.5
Anthony Shaw,5,8,62.5
Christine Wells,5,8,62.5
Tyler Jackson,10,16,62.5
Thomas Daniels,5,8,62.5
Christopher Hardy,5,8,62.5
Gregory Reynolds,5,8,62.5
Brittany Hunter,5,8,62.5
Rachel Russell,5,8,62.5
Gary Williams,20,32,62.5
Kelsey Moore,5,8,62.5
Rebecca Chen,5,8,62.5
Christopher Poole,5,8,62.5
Edward Wilson,15,24,62.5
Linda Lewis,10,16,62.5
Kristina Robinson,5,8,62.5
Christopher Mejia,5,8,62.5
Sarah Key,5,8,62.5
Lisa Estrada,5,8,62.5
Cheryl Ramirez,5,8,62.5
Lucas Anderson,5,8,62.5
Michael Dominguez,5,8,62.5
Pamela Flores,5,8,62.5
Laura Long,5,8,62.5
Joshua Moreno,5,8,62.5
Michael Norman,10,16,62.5
Cody Ross,5,8,62.5
Eric Garrison,5,8,62.5
Heather Rice,5,8,62.5
Sarah Gilbert,5,8,62.5
Steven Hawkins,5,8,62.5
Allison Wells,5,8,62.5
Mark Walters,5,8,62.5
Ashley Bryant,5,8,62.5
Matthew Robbins,5,8,62.5
Patrick Spencer,5,8,62.5
Jordan Sullivan,5,8,62.5
Joshua Phillips,15,24,62.5
Christopher Houston,5,8,62.5
Patricia Richards,5,8,62.5
Stephen Gonzales,5,8,62.5
Eric Park,5,8,62.5
Kim Garcia,10,16,62.5
Michael Estrada,10,16,62.5
Brett Martin,5,8,62.5
Philip King,5,8,62.5
Cynthia Cole,5,8,62.5
Rachel Gordon,5,8,62.5
Kenneth Bennett,5,8,62.5
Hannah Adams,5,8,62.5
Courtney Edwards,5,8,62.5
Richard Miles,5,8,62.5
Elizabeth Hughes,5,8,62.5
Robert Miranda,5,8,62.5
Kyle Ross,5,8,62.5
Michelle Phillips,15,24,62.5
Brian Sanders,10,16,62.5
Erin Lopez,10,16,62.5
Ryan Murray,5,8,62.5
Kevin Kelly,10,16,62.5
Kimberly Wagner,5,8,62.5
Kim Jackson,5,8,62.5
Kevin Cook,10,16,62.5
John Dickson,5,8,62.5
David Figueroa,5,8,62.5
Kevin Mccarty,5,8,62.5
David Roach,5,8,62.5
Timothy Dennis,5,8,62.5
Scott Hawkins,5,8,62.5
Brian Lyons,5,8,62.5
Heather James,5,8,62.5
Jesse Hughes,5,8,62.5
William Little,5,8,62.5
Mary Orr,5,8,62.5
Brent Johnson,10,16,62.5
Katherine King,5,8,62.5
Christopher Huang,5,8,62.5
Melissa Matthews,5,8,62.5
Andrea Wood,5,8,62.5
Eric Hudson,5,8,62.5
Anthony Richards,5,8,62.5
Daniel Lambert,5,8,62.5
Jessica Contreras,5,8,62.5
Gregory Burke,5,8,62.5
Donald Brown,25,40,62.5
Michelle Patterson,5,8,62.5
Christopher Salazar,5,8,62.5
Michael Faulkner,5,8,62.5
Jesse Allen,5,8,62.5
Timothy Jimenez,5,8,62.5
Amy Wheeler,5,8,62.5
Samuel Bailey,5,8,62.5
Eric Vargas,5,8,62.5
Andrea Cooper,5,8,62.5
James Long,20,32,62.5
Amy Bryant,5,8,62.5
Cynthia Black,5,8,62.5
David Spencer,10,16,62.5
Caleb Jones,5,8,62.5
Dana Morris,5,8,62.5
Jared Garcia,5,8,62.5
Jocelyn Williams,5,8,62.5
Brian Griffith,5,8,62.5
Laura Bauer,5,8,62.5
Michael Montoya,10,16,62.5
Ryan Mills,5,8,62.5
Deborah Watson,5,8,62.5
Angela Carpenter,5,8,62.5
Dylan Wright,5,8,62.5
Kenneth Reynolds,10,16,62.5
Jacqueline Reed,5,8,62.5
Morgan Scott,5,8,62.5
Amy Butler,10,16,62.5
Taylor Scott,5,8,62.5
Ryan Ferguson,5,8,62.5
Peter Williams,20,32,62.5
Robert Fernandez,10,16,62.5
Crystal Bell,5,8,62.5
Mark Black,5,8,62.5
Kevin Butler,10,16,62.5
George Smith,25,40,62.5
Wayne Martin,5,8,62.5
Nicole Carlson,5,8,62.5
Michael Logan,10,16,62.5
Joshua Davidson,5,8,62.5
Thomas Wheeler,5,8,62.5
James Beasley,5,8,62.5
Samuel Baker,5,8,62.5
Kelly Sherman,5,8,62.5
Melissa Gardner,5,8,62.5
Rebecca Moore,25,40,62.5
Lauren Scott,5,8,62.5
Gary James,5,8,62.5
Travis Watson,5,8,62.5
John Sloan,5,8,62.5
Brittany Gonzalez,10,16,62.5
Ashley Brewer,5,8,62.5
John Todd,5,8,62.5
Anna Campbell,5,8,62.5
Patricia Silva,5,8,62.5
Derek Garcia,10,16,62.5
Lisa Thornton,5,8,62.5
Daniel Mathis,5,8,62.5
William Fisher,10,16,62.5
Brittany Carter,5,8,62.5
Robert Lang,5,8,62.5
Karen Munoz,5,8,62.5
Joy Johnson,5,8,62.5
William Maldonado,5,8,62.5
April Ortiz,5,8,62.5
Andrew Richardson,5,8,62.5
Matthew Mullins,5,8,62.5
Lucas Jackson,5,8,62.5
Anthony Lewis,20,32,62.5
Donna Foster,5,8,62.5
Tracy Morales,5,8,62.5
Michelle Greene,5,8,62.5
Scott Burns,5,8,62.5
Joshua Marquez,5,8,62.5
Thomas Blake,5,8,62.5
Christina Wells,5,8,62.5
Lisa Watkins,10,16,62.5
Mark Schmidt,5,8,62.5
Kevin Estrada,5,8,62.5
James Camacho,5,8,62.5
Elizabeth Hart,5,8,62.5
Jennifer Bauer,5,8,62.5
David Pace,5,8,62.5
Briana Johnson,5,8,62.5
Kathryn Hill,5,8,62.5
Jessica Wilkinson,5,8,62.5
Isaac Smith,5,8,62.5
James Molina,5,8,62.5
Peter Perez,5,8,62.5
David Le,5,8,62.5
Christopher Cochran,5,8,62.5
Susan Tucker,5,8,62.5
Stephen Morgan,10,16,62.5
Jeremy Gonzales,5,8,62.5
Heather Meyer,5,8,62.5
Laura Brooks,5,8,62.5
Lori Mason,5,8,62.5
Sara Nichols,5,8,62.5
Nichole Williams,5,8,62.5
Jordan Phillips,5,8,62.5
Andrew Sims,5,8,62.5
Jimmy Taylor,5,8,62.5
Amy Wang,5,8,62.5
William Peters,10,16,62.5
Christopher Welch,10,16,62.5
Christopher Donaldson,5,8,62.5
Frank Wilson,5,8,62.5
Joshua Hunter,10,16,62.5
Cindy Davis,5,8,62.5
Jennifer Mendoza,10,16,62.5
Nathaniel Miller,5,8,62.5
Tamara White,5,8,62.5
Nicholas Rivera,10,16,62.5
Diane Williams,15,24,62.5
Crystal Peterson,5,8,62.5
Eric Oneill,5,8,62.5
Mary Burke,5,8,62.5
Julie Holmes,5,8,62.5
John Dean,10,16,62.5
Edward Nguyen,5,8,62.5
William Le,5,8,62.5
Tracy Cook,5,8,62.5
Robert Zuniga,5,8,62.5
Stephanie Sanders,10,16,62.5
Alexander West,5,8,62.5
Amanda Wheeler,5,8,62.5
Susan White,20,32,62.5
Eric Hawkins,5,8,62.5
Emily Carroll,5,8,62.5
Eric Burns,5,8,62.5
Susan Vaughn,5,8,62.5
Dawn Adams,5,8,62.5
Justin Richards,5,8,62.5
Christopher Guerrero,10,16,62.5
Jennifer Conway,5,8,62.5
Cheryl Cook,5,8,62.5
Christy Smith,5,8,62.5
Jeffrey Franklin,5,8,62.5
Eric Spencer,5,8,62.5
Karen Delgado,5,8,62.5
Amanda Coleman,15,24,62.5
Pamela Stephens,5,8,62.5
Daniel Goodwin,5,8,62.5
Jeremy Ellis,5,8,62.5
Carolyn Anderson,5,8,62.5
Steven Rhodes,5,8,62.5
Kevin Mendez,5,8,62.5
Mary Mack,5,8,62.5
Ashley Roman,5,8,62.5
Nicholas Meyer,5,8,62.5
Sandra Mendoza,5,8,62.5
Brandon Austin,5,8,62.5
Benjamin Bell,5,8,62.5
Desiree Anderson,5,8,62.5
Richard Marshall,5,8,62.5
Jacob Morgan,5,8,62.5
Christine Mitchell,5,8,62.5
Hannah Perez,5,8,62.5
Christine Warren,5,8,62.5
Christopher Wagner,10,16,62.5
Jose Harris,10,16,62.5
Christopher Strong,5,8,62.5
Joseph Nash,5,8,62.5
Felicia Garcia,5,8,62.5
Jennifer Kline,5,8,62.5
Allison Evans,5,8,62.5
Kelly Patel,5,8,62.5
Erin Rivera,5,8,62.5
Susan Diaz,5,8,62.5
John Davila,5,8,62.5
William Cummings,5,8,62.5
Nicole Patterson,5,8,62.5
Wesley Jones,5,8,62.5
Victoria Thompson,10,16,62.5
Andrew Kennedy,5,8,62.5
Ashley Reid,5,8,62.5
David Shah,5,8,62.5
Trevor Moore,5,8,62.5
Christina Crawford,5,8,62.5
Jeffrey Sullivan,10,16,62.5
Kenneth Murphy,5,8,62.5
James Houston,5,8,62.5
George Butler,5,8,62.5
Angela Marquez,5,8,62.5
Rebecca Patterson,5,8,62.5
Tiffany Vasquez,5,8,62.5
Ricky Garcia,5,8,62.5
Carol Campbell,5,8,62.5
Andrew Gardner,5,8,62.5
Kristin Scott,5,8,62.5
Jeffrey Wade,5,8,62.5
Pamela Baker,5,8,62.5
Alicia Ramirez,5,8,62.5
Cassandra Lewis,5,8,62.5
Brian Fernandez,5,8,62.5
Matthew Avila,5,8,62.5
Craig Wright,5,8,62.5
Amanda Singh,5,8,62.5
Reginald Johnson,5,8,62.5
Teresa Holmes,5,8,62.5
Brian Williams,63,101,62.38
Michael Hall,58,93,62.37
Amy Brown,43,69,62.32
Brian Wilson,38,61,62.3
David Brown,142,228,62.28
Heather Smith,71,114,62.28
Joseph White,33,53,62.26
Shannon Smith,33,53,62.26
Michael Sullivan,33,53,62.26
David Anderson,66,106,62.26
Courtney Smith,28,45,62.22
Mark Jones,56,90,62.22
James Bennett,28,45,62.22
Lisa Walker,28,45,62.22
Cheryl Smith,28,45,62.22
David White,51,82,62.2
Mark Wilson,23,37,62.16
Christopher Morgan,23,37,62.16
Sandra Jones,23,37,62.16
Nicole Anderson,23,37,62.16
Rebecca Thomas,23,37,62.16
Daniel Clark,23,37,62.16
Michael Kim,23,37,62.16
Paul Hernandez,23,37,62.16
David Bell,23,37,62.16
Tyler Jones,23,37,62.16
Nicholas Garcia,23,37,62.16
Susan Rodriguez,18,29,62.07
Laura Lee,18,29,62.07
Stephanie Roberts,18,29,62.07
Megan Allen,18,29,62.07
David Bennett,18,29,62.07
Jonathan Anderson,18,29,62.07
Brian Scott,18,29,62.07
Nathan Smith,36,58,62.07
Deborah Jones,18,29,62.07
Johnny Smith,18,29,62.07
Nathan Williams,18,29,62.07
Kristin Johnson,18,29,62.07
Matthew Morris,18,29,62.07
Brandon Thompson,18,29,62.07
Andrew Young,18,29,62.07
Phillip Williams,18,29,62.07
Lisa Allen,18,29,62.07
Anthony King,18,29,62.07
Laura Gonzalez,18,29,62.07
Rachel Smith,54,87,62.07
Justin Gonzalez,18,29,62.07
Michael Jackson,80,129,62.02
James Williams,111,179,62.01
Brenda Johnson,31,50,62.0
Shawn Smith,31,50,62.0
Karen Jones,31,50,62.0
Jennifer Allen,31,50,62.0
Robert White,44,71,61.97
Lisa Wilson,44,71,61.97
Lisa Davis,57,92,61.96
Jason Gonzalez,26,42,61.9
Matthew Kelly,13,21,61.9
Daniel Meyer,13,21,61.9
William Carter,26,42,61.9
William Gonzales,13,21,61.9
Amy Gomez,13,21,61.9
Megan Jackson,13,21,61.9
Michael Sims,13,21,61.9
Kelsey Johnson,13,21,61.9
Martin Smith,13,21,61.9
Kristin Miller,13,21,61.9
John Griffin,13,21,61.9
Christopher Sanders,13,21,61.9
Michael Bishop,13,21,61.9
Brittany Hernandez,13,21,61.9
Mary Henderson,13,21,61.9
April Williams,13,21,61.9
Tina Taylor,13,21,61.9
Jessica Myers,13,21,61.9
Sarah Ramirez,13,21,61.9
Lisa Adams,26,42,61.9
George Davis,13,21,61.9
Kyle Gonzalez,13,21,61.9
David Sims,13,21,61.9
Joseph Campbell,13,21,61.9
Pamela Wilson,13,21,61.9
Lisa Gutierrez,13,21,61.9
Mark Martin,26,42,61.9
Terry Miller,13,21,61.9
David Duncan,13,21,61.9
Robert Sullivan,13,21,61.9
Phillip Brown,13,21,61.9
William Bailey,13,21,61.9
Joseph Bennett,13,21,61.9
Samantha Gonzalez,13,21,61.9
Janet Johnson,13,21,61.9
Amber White,13,21,61.9
William Sanders,13,21,61.9
Maria Green,13,21,61.9
Christine Roberts,13,21,61.9
Adam Wright,13,21,61.9
Michael Cook,39,63,61.9
Troy Miller,13,21,61.9
Linda Jackson,13,21,61.9
Justin Wright,13,21,61.9
Michael Byrd,13,21,61.9
Todd Martin,13,21,61.9
Shannon Martinez,13,21,61.9
Linda Harris,13,21,61.9
Michael Warner,13,21,61.9
Elizabeth Cook,13,21,61.9
Jennifer Obrien,13,21,61.9
Heather Garcia,26,42,61.9
Anne Smith,13,21,61.9
John Gonzales,13,21,61.9
Thomas Bailey,13,21,61.9
James Barnes,13,21,61.9
Theresa Wilson,13,21,61.9
Luis Smith,13,21,61.9
Natalie Williams,13,21,61.9
Anthony Allen,13,21,61.9
Stephanie Lopez,26,42,61.9
Melissa Nelson,13,21,61.9
Jeffrey Morris,13,21,61.9
Scott Young,13,21,61.9
Tiffany Rodriguez,13,21,61.9
Sara Anderson,13,21,61.9
Benjamin White,13,21,61.9
Sara Garcia,13,21,61.9
Sarah Collins,13,21,61.9
Megan Clark,13,21,61.9
Christopher Weaver,13,21,61.9
Kevin Rogers,13,21,61.9
David Mitchell,26,42,61.9
Lisa Ortiz,13,21,61.9
David Peters,13,21,61.9
William Graham,13,21,61.9
Kevin Moore,26,42,61.9
Kevin Turner,13,21,61.9
Susan Lopez,13,21,61.9
Amanda Kim,13,21,61.9
Robert Herrera,13,21,61.9
William Washington,13,21,61.9
Michael Hill,60,97,61.86
Matthew Taylor,34,55,61.82
Joshua Martinez,34,55,61.82
John Carter,34,55,61.82
Christopher Baker,34,55,61.82
James Clark,42,68,61.76
Robert Clark,42,68,61.76
Jennifer Cox,21,34,61.76
Amanda Perez,21,34,61.76
Chad Johnson,21,34,61.76
Christine Davis,21,34,61.76
Kelly Anderson,21,34,61.76
Christina Garcia,21,34,61.76
Thomas Davis,42,68,61.76
Rebecca Thompson,21,34,61.76
Rodney Smith,21,34,61.76
Kenneth Hernandez,21,34,61.76
Kristin Smith,21,34,61.76
Christopher Clark,50,81,61.73
Michael Richardson,29,47,61.7
Andrew Wilson,29,47,61.7
Benjamin Johnson,29,47,61.7
Eric Harris,29,47,61.7
Michael Wallace,29,47,61.7
Lauren Williams,29,47,61.7
James Wright,29,47,61.7
James Miller,95,154,61.69
Melissa Davis,37,60,61.67
Taylor Smith,37,60,61.67
Emily Williams,45,73,61.64
Matthew Martinez,45,73,61.64
Ashley Williams,61,99,61.62
John Williams,133,216,61.57
Michael Church,8,13,61.54
Brian Vasquez,8,13,61.54
Jeffrey Washington,8,13,61.54
Amber Murphy,8,13,61.54
Emily Bell,8,13,61.54
Katherine Stewart,8,13,61.54
Michael Strickland,8,13,61.54
Matthew Graham,8,13,61.54
Robert Campbell,24,39,61.54
Brenda Cook,8,13,61.54
Michael Vazquez,8,13,61.54
Michael Pratt,8,13,61.54
Joel Rodriguez,8,13,61.54
Wendy Davis,8,13,61.54
Larry Johnson,16,26,61.54
Amanda Henderson,8,13,61.54
Kenneth Powell,8,13,61.54
Megan Phillips,8,13,61.54
John Rhodes,8,13,61.54
Heather Gray,8,13,61.54
Michelle Chavez,8,13,61.54
William Mendoza,8,13,61.54
James Taylor,56,91,61.54
James Lang,8,13,61.54
Daniel Matthews,8,13,61.54
Andrea Rodriguez,16,26,61.54
Melissa Gordon,8,13,61.54
Michael Mayo,8,13,61.54
David Larsen,8,13,61.54
Shawn Thomas,8,13,61.54
David Norris,8,13,61.54
John Goodwin,8,13,61.54
Joseph Obrien,8,13,61.54
Paul Sanchez,8,13,61.54
Abigail Thomas,8,13,61.54
Jennifer Singh,8,13,61.54
Joshua Lopez,24,39,61.54
John Morales,16,26,61.54
Susan Nguyen,8,13,61.54
Sarah Nguyen,8,13,61.54
Patricia Brooks,8,13,61.54
Chelsea Johnson,8,13,61.54
Brittany Hall,8,13,61.54
Jesus Jones,8,13,61.54
Donna Martinez,8,13,61.54
Cynthia Martin,16,26,61.54
Jason Woods,8,13,61.54
Dawn Morris,8,13,61.54
Patrick Wallace,8,13,61.54
Amanda Duncan,8,13,61.54
Angela Jenkins,8,13,61.54
Amy Morgan,16,26,61.54
John Beck,8,13,61.54
Joshua Mendez,8,13,61.54
Heather Howard,8,13,61.54
Joe Miller,8,13,61.54
Robert Carter,24,39,61.54
Angela Ward,8,13,61.54
Renee Jackson,8,13,61.54
Donald Clark,8,13,61.54
James Diaz,16,26,61.54
April White,8,13,61.54
Kathryn Moore,8,13,61.54
Brian Murray,8,13,61.54
Eric Roberts,8,13,61.54
Barbara Thompson,8,13,61.54
Tiffany Miller,24,39,61.54
Lawrence Smith,8,13,61.54
April Anderson,8,13,61.54
Matthew Meyer,8,13,61.54
Catherine White,8,13,61.54
Andrew Bryant,8,13,61.54
Brian Snyder,8,13,61.54
Mary Scott,16,26,61.54
Karen Shaw,8,13,61.54
Angela Morris,8,13,61.54
Danielle Evans,8,13,61.54
Anthony Patterson,8,13,61.54
Amy Wood,8,13,61.54
Rebecca Barnett,8,13,61.54
James Byrd,8,13,61.54
Mary Cooper,8,13,61.54
Rachel Nguyen,8,13,61.54
David Dominguez,8,13,61.54
Amanda Richardson,8,13,61.54
Jennifer Hayes,16,26,61.54
John Dickerson,8,13,61.54
Sean Walker,8,13,61.54
James Dillon,8,13,61.54
Lisa Duran,8,13,61.54
Karen Wells,8,13,61.54
Jeffrey Castillo,8,13,61.54
Chad Lopez,8,13,61.54
Amanda Gray,8,13,61.54
Chelsea Davis,8,13,61.54
Charles Black,8,13,61.54
William Montgomery,8,13,61.54
Donna Jones,24,39,61.54
Christine Murphy,8,13,61.54
Brenda Miller,16,26,61.54
Mark Barnes,8,13,61.54
Jeffrey Graham,8,13,61.54
Scott Reed,8,13,61.54
Jason Olson,8,13,61.54
Jonathan Myers,8,13,61.54
Robert Hart,8,13,61.54
Daniel Rose,8,13,61.54
Alexander Lopez,8,13,61.54
Mary Griffin,8,13,61.54
Mark Brooks,8,13,61.54
Nicholas Thomas,16,26,61.54
Dylan Martin,8,13,61.54
Lisa Nelson,16,26,61.54
Jessica Kennedy,8,13,61.54
Anthony Cooper,8,13,61.54
Tina Ramirez,8,13,61.54
Emily Roberts,8,13,61.54
Melanie Smith,16,26,61.54
Michael Ingram,8,13,61.54
Nicole Mitchell,8,13,61.54
Todd Cox,8,13,61.54
Matthew Gonzales,8,13,61.54
Stephanie Williams,56,91,61.54
Troy Anderson,8,13,61.54
Rachel Phillips,8,13,61.54
Frank Brown,8,13,61.54
Jenna Williams,8,13,61.54
Timothy Powell,8,13,61.54
Benjamin Lopez,8,13,61.54
Joseph Santos,8,13,61.54
Rebecca Gutierrez,8,13,61.54
Stephen Powell,8,13,61.54
Robin Sanchez,8,13,61.54
Patricia Wilson,16,26,61.54
Daniel Williamson,8,13,61.54
Rhonda Miller,8,13,61.54
Jennifer May,8,13,61.54
Lori Martinez,16,26,61.54
Jessica Moran,8,13,61.54
Tonya Davis,8,13,61.54
Michelle Duncan,8,13,61.54
Brittney Williams,8,13,61.54
Jeffrey Lane,8,13,61.54
Jennifer Rich,8,13,61.54
Brenda Hill,8,13,61.54
Lori Lee,8,13,61.54
Michael Macias,8,13,61.54
Jennifer Stephens,8,13,61.54
Jennifer Hudson,8,13,61.54
Ryan Webb,8,13,61.54
Jasmine White,8,13,61.54
Jose Clark,8,13,61.54
Anthony Schmidt,8,13,61.54
Michael Cervantes,8,13,61.54
Courtney Harris,8,13,61.54
Brian Burke,8,13,61.54
Richard Hayes,8,13,61.54
Peter Taylor,8,13,61.54
Denise Harris,8,13,61.54
Nicole Coleman,8,13,61.54
Daniel Berry,8,13,61.54
James Watkins,8,13,61.54
Lisa Woods,8,13,61.54
Justin Ward,8,13,61.54
Robert Vargas,8,13,61.54
Linda Phillips,8,13,61.54
James Brock,8,13,61.54
Edward Hernandez,8,13,61.54
Jennifer Blair,8,13,61.54
Ashley George,8,13,61.54
Matthew Green,24,39,61.54
Sara White,16,26,61.54
Daniel Hicks,8,13,61.54
Victoria Baker,8,13,61.54
Eric Hall,16,26,61.54
Sarah Barker,8,13,61.54
Melissa Griffin,8,13,61.54
Mark Crawford,8,13,61.54
Robert Potter,8,13,61.54
Mark Thompson,24,39,61.54
Jessica Bradley,8,13,61.54
Mary Meyer,8,13,61.54
Michelle Myers,8,13,61.54
Michael Frank,8,13,61.54
Charles Peterson,8,13,61.54
Timothy Shaw,8,13,61.54
Michael Ramsey,8,13,61.54
Amy Mendoza,8,13,61.54
Troy Moore,8,13,61.54
Beth Miller,8,13,61.54
Joshua Mcdonald,8,13,61.54
James Padilla,8,13,61.54
Blake Johnson,8,13,61.54
Angela Howard,8,13,61.54
Anthony Wright,16,26,61.54
Rachel Coleman,8,13,61.54
Kimberly Chavez,8,13,61.54
Kyle Lee,8,13,61.54
Michael Sherman,8,13,61.54
Michael Trevino,8,13,61.54
Michelle Perkins,8,13,61.54
Andrew Henderson,8,13,61.54
Debra Martinez,8,13,61.54
Tammy Reed,8,13,61.54
Alyssa Martin,8,13,61.54
Linda Perez,8,13,61.54
Michelle James,8,13,61.54
Jennifer Thornton,8,13,61.54
Nicole Bailey,8,13,61.54
Peter Martinez,8,13,61.54
Patricia Barnes,8,13,61.54
Jennifer Fox,8,13,61.54
Joseph Holmes,8,13,61.54
Nicole Hall,8,13,61.54
Barbara Lewis,8,13,61.54
Eric Nichols,8,13,61.54
Joseph Wallace,8,13,61.54
Andrew Howard,8,13,61.54
Michelle Gutierrez,8,13,61.54
Katrina Anderson,8,13,61.54
Melissa Mcdonald,8,13,61.54
Joshua Shaw,8,13,61.54
Amanda Cruz,8,13,61.54
William Adkins,8,13,61.54
Carmen Smith,8,13,61.54
Richard Nichols,8,13,61.54
Victoria King,8,13,61.54
Kelly Nelson,8,13,61.54
Wendy Moore,8,13,61.54
Wendy Martinez,8,13,61.54
Kevin Foster,8,13,61.54
Denise Walker,8,13,61.54
Sara Collins,8,13,61.54
Cindy Lopez,8,13,61.54
Matthew Daniels,8,13,61.54
Sandra White,8,13,61.54
Joseph Terry,8,13,61.54
James Ryan,8,13,61.54
Veronica Walker,8,13,61.54
Ronald Robinson,8,13,61.54
Joseph Robinson,24,39,61.54
Pamela Walker,8,13,61.54
Sharon Cook,8,13,61.54
Debbie Brown,8,13,61.54
Lori Phillips,8,13,61.54
Emma Smith,8,13,61.54
Bruce Brown,8,13,61.54
Kelly Morris,8,13,61.54
Jordan Adams,8,13,61.54
David May,8,13,61.54
Barbara Nelson,8,13,61.54
Christopher Barber,8,13,61.54
Ashley Henry,8,13,61.54
Heather Hamilton,8,13,61.54
Shawn Young,8,13,61.54
James Barnett,8,13,61.54
Angela Perry,8,13,61.54
Jason Pierce,8,13,61.54
Melissa Carlson,8,13,61.54
Amy Hayes,8,13,61.54
Heather Stewart,8,13,61.54
Alexander Hill,8,13,61.54
Daniel Howard,8,13,61.54
Thomas Bell,8,13,61.54
Joshua Burns,8,13,61.54
Joseph Sims,8,13,61.54
Thomas Turner,16,26,61.54
Jacob Bell,8,13,61.54
Joshua Romero,8,13,61.54
Curtis Williams,8,13,61.54
Kevin Henderson,8,13,61.54
Kevin Jimenez,8,13,61.54
Matthew Alexander,8,13,61.54
Wendy Anderson,8,13,61.54
Jennifer Medina,8,13,61.54
Nancy Robinson,8,13,61.54
Amanda Fisher,8,13,61.54
Crystal Phillips,8,13,61.54
Christopher Stanley,8,13,61.54
Gregory Phillips,8,13,61.54
Alexander Jackson,16,26,61.54
Christopher Ross,16,26,61.54
Christina Edwards,8,13,61.54
Jennifer Robertson,8,13,61.54
Matthew Hansen,8,13,61.54
James Fowler,8,13,61.54
Kimberly Rodriguez,32,52,61.54
Michelle Campbell,16,26,61.54
Ashley Mendoza,8,13,61.54
Holly Anderson,8,13,61.54
Tyler Edwards,8,13,61.54
John Miller,99,161,61.49
David Martinez,75,122,61.48
Christopher Moore,51,83,61.45
Rebecca Williams,43,70,61.43
John Robinson,43,70,61.43
Kimberly Johnson,78,127,61.42
Christine Williams,35,57,61.4
Richard Rodriguez,35,57,61.4
James Wilson,70,114,61.4
Nicholas Smith,62,101,61.39
Joseph Perez,27,44,61.36
Jordan Johnson,27,44,61.36
Ashley White,27,44,61.36
Tiffany Williams,27,44,61.36
Joshua Wilson,27,44,61.36
Melissa Lewis,27,44,61.36
Steven Lopez,27,44,61.36
Robert Davis,65,106,61.32
Jennifer Miller,84,137,61.31
Michael Wells,19,31,61.29
Sarah Sanchez,19,31,61.29
Michael Armstrong,19,31,61.29
Angela Harris,19,31,61.29
Michael Fisher,19,31,61.29
Edward Jones,19,31,61.29
Rebecca Rodriguez,19,31,61.29
Matthew Turner,19,31,61.29
Jessica Taylor,38,62,61.29
Ashley Adams,19,31,61.29
Lauren Davis,19,31,61.29
Laurie Smith,19,31,61.29
Michael Wagner,19,31,61.29
Brian King,19,31,61.29
Anthony Hall,19,31,61.29
Elizabeth Lewis,19,31,61.29
Thomas Williams,49,80,61.25
Teresa Johnson,30,49,61.22
Michael Adams,41,67,61.19
Michael Lee,74,121,61.16
Christopher Hart,11,18,61.11
William Elliott,11,18,61.11
Aaron Jones,22,36,61.11
Rebecca Mitchell,11,18,61.11
Rebecca Sanchez,11,18,61.11
Nathan Davis,11,18,61.11
William Patterson,11,18,61.11
Jennifer Erickson,11,18,61.11
John Erickson,11,18,61.11
Hannah Wilson,11,18,61.11
Susan Torres,11,18,61.11
Bryan Rodriguez,11,18,61.11
Joel Johnson,11,18,61.11
David Soto,11,18,61.11
Lisa Hayes,11,18,61.11
Donna Anderson,11,18,61.11
Jennifer Payne,11,18,61.11
Kimberly Price,11,18,61.11
Cheryl Martinez,11,18,61.11
Shannon Scott,11,18,61.11
Maria Moore,11,18,61.11
William Ward,11,18,61.11
Alexis Taylor,11,18,61.11
Peter Garcia,11,18,61.11
Emily King,11,18,61.11
Adam Allen,11,18,61.11
Robert Webb,11,18,61.11
Michael Nguyen,44,72,61.11
Melissa Reynolds,11,18,61.11
Kenneth Moore,11,18,61.11
Lauren Lopez,11,18,61.11
Charles Perez,11,18,61.11
Thomas Mitchell,11,18,61.11
Nathaniel Johnson,11,18,61.11
Samantha Rivera,11,18,61.11
William Butler,11,18,61.11
Matthew Boyd,11,18,61.11
Jon Smith,11,18,61.11
Anthony Foster,11,18,61.11
Melissa Alvarez,11,18,61.11
Michael Hardy,11,18,61.11
William Myers,11,18,61.11
Kimberly Brooks,11,18,61.11
Benjamin Harris,11,18,61.11
William Cunningham,11,18,61.11
Brian Gutierrez,11,18,61.11
Jill Smith,22,36,61.11
Jasmine Davis,11,18,61.11
Terri Johnson,11,18,61.11
Vanessa Garcia,11,18,61.11
Megan Gonzalez,11,18,61.11
David Welch,11,18,61.11
Michelle Murphy,11,18,61.11
Joshua Powell,11,18,61.11
Jessica Meyer,11,18,61.11
Edward Anderson,11,18,61.11
Sherry Smith,11,18,61.11
Daniel Hunt,11,18,61.11
Adam Lee,11,18,61.11
Jason Murphy,11,18,61.11
Joseph Mcdonald,11,18,61.11
Mary Hayes,11,18,61.11
Teresa Perez,11,18,61.11
Andrew Ford,11,18,61.11
Christopher Schmidt,11,18,61.11
Angela Carter,11,18,61.11
Robert Tucker,11,18,61.11
Lisa Ramirez,22,36,61.11
Susan Scott,11,18,61.11
Lisa Wright,22,36,61.11
Michael Norton,11,18,61.11
John Robertson,11,18,61.11
Pamela Allen,11,18,61.11
Vanessa Rodriguez,11,18,61.11
Thomas Cooper,11,18,61.11
Jessica Riley,11,18,61.11
Sarah Alexander,11,18,61.11
Jacqueline Hernandez,11,18,61.11
Amanda Bell,11,18,61.11
Elizabeth Nelson,11,18,61.11
Kim Jones,11,18,61.11
Richard Phillips,11,18,61.11
Holly Brown,11,18,61.11
Christine Allen,11,18,61.11
Carrie Brown,11,18,61.11
Christopher Porter,11,18,61.11
David Washington,11,18,61.11
Ashley Gutierrez,11,18,61.11
Lisa Kim,11,18,61.11
Amanda Scott,22,36,61.11
Connie Smith,11,18,61.11
Kelly Adams,11,18,61.11
Ronald Martinez,11,18,61.11
Brian James,11,18,61.11
Kevin Anderson,22,36,61.11
Dennis Jones,11,18,61.11
James Horton,11,18,61.11
Kevin West,11,18,61.11
Jennifer Miles,11,18,61.11
Kimberly Green,22,36,61.11
Brian Richardson,11,18,61.11
Elizabeth Freeman,11,18,61.11
Jonathan Adams,11,18,61.11
Robert Sandoval,11,18,61.11
Daniel Reyes,11,18,61.11
Matthew Mendez,11,18,61.11
Michael Ball,11,18,61.11
David Freeman,22,36,61.11
Joseph Taylor,36,59,61.02
Brian Anderson,36,59,61.02
Matthew Hall,36,59,61.02
John Jones,108,177,61.02
Mark Miller,50,82,60.98
Michael Owens,25,41,60.98
Robert Edwards,25,41,60.98
Aaron Williams,25,41,60.98
Mary White,25,41,60.98
Mary Jones,50,82,60.98
Michelle White,25,41,60.98
Andrea Jones,25,41,60.98
Victoria Johnson,25,41,60.98
Robert Robinson,39,64,60.94
Sarah Smith,106,174,60.92
Melissa Brown,67,110,60.91
Joseph Coleman,14,23,60.87
Christopher Garcia,70,115,60.87
Carla Smith,14,23,60.87
George Williams,14,23,60.87
Tammy Williams,28,46,60.87
Matthew Crawford,14,23,60.87
Brenda Anderson,14,23,60.87
Joel Smith,14,23,60.87
Matthew Cook,14,23,60.87
Nicole Cox,14,23,60.87
Matthew Allen,28,46,60.87
Paul Young,14,23,60.87
Deborah Miller,14,23,60.87
Melissa Martinez,28,46,60.87
William Ortiz,14,23,60.87
Amy Robinson,14,23,60.87
Jacob Moore,14,23,60.87
Jacob Lee,14,23,60.87
David Russell,14,23,60.87
Michael Pena,14,23,60.87
Michelle Edwards,14,23,60.87
Michael Alvarado,14,23,60.87
Elizabeth Campbell,14,23,60.87
Richard Ramirez,14,23,60.87
Jacob Thomas,14,23,60.87
Sarah Ross,14,23,60.87
Jessica Jenkins,14,23,60.87
Robert Bryant,14,23,60.87
James Alexander,14,23,60.87
Matthew Price,14,23,60.87
Thomas Evans,14,23,60.87
Christina Lee,14,23,60.87
Patricia Johnson,42,69,60.87
Derek Davis,14,23,60.87
Stephen Thompson,14,23,60.87
Sara Wilson,14,23,60.87
Christina Clark,14,23,60.87
Erica Davis,14,23,60.87
Sharon Brown,14,23,60.87
Joshua Parker,14,23,60.87
Shannon Miller,14,23,60.87
Jessica Brooks,14,23,60.87
Nicole Perez,14,23,60.87
James Butler,14,23,60.87
Susan Miller,28,46,60.87
Carlos Williams,14,23,60.87
Jeffrey Young,14,23,60.87
Angela Hall,14,23,60.87
Richard Allen,14,23,60.87
Matthew Howard,14,23,60.87
Courtney Miller,14,23,60.87
Michael Chapman,14,23,60.87
Christopher Payne,14,23,60.87
Maria Robinson,14,23,60.87
Rebecca Martin,14,23,60.87
Teresa Thomas,14,23,60.87
Elizabeth Wood,14,23,60.87
Pamela Garcia,14,23,60.87
Bryan Davis,14,23,60.87
Michael Elliott,14,23,60.87
Andrea Taylor,14,23,60.87
Scott White,14,23,60.87
Linda Rodriguez,14,23,60.87
Michael Evans,45,74,60.81
Kevin Williams,62,102,60.78
Christine Brown,31,51,60.78
Emily Brown,31,51,60.78
Jason Anderson,31,51,60.78
Eric Williams,48,79,60.76
Brittany Smith,48,79,60.76
James Coleman,17,28,60.71
Matthew Lee,34,56,60.71
Anthony Thompson,17,28,60.71
Austin Johnson,17,28,60.71
Alicia Brown,17,28,60.71
Robin Davis,17,28,60.71
Scott Mitchell,17,28,60.71
Jessica Walker,34,56,60.71
Lisa Torres,17,28,60.71
David Lee,51,84,60.71
Kevin King,17,28,60.71
Jose Jones,17,28,60.71
Michael Sanders,34,56,60.71
Elizabeth Hall,17,28,60.71
Ashley Campbell,17,28,60.71
Jonathan Hill,17,28,60.71
Jacqueline Davis,17,28,60.71
Robert Graham,17,28,60.71
John Ruiz,17,28,60.71
Elizabeth Sanchez,17,28,60.71
Adam Rodriguez,17,28,60.71
Joseph Adams,17,28,60.71
Matthew Murphy,17,28,60.71
Michael Mcdonald,20,33,60.61
Justin Anderson,20,33,60.61
Jamie Brown,20,33,60.61
Kimberly Baker,20,33,60.61
Robert Rodriguez,60,99,60.61
Timothy Clark,20,33,60.61
Amy Martinez,20,33,60.61
Stephen Miller,20,33,60.61
David Wood,20,33,60.61
Lisa Richardson,20,33,60.61
James Brooks,20,33,60.61
Charles Lee,20,33,60.61
Timothy Young,20,33,60.61
Karen Rodriguez,20,33,60.61
David Coleman,20,33,60.61
Brandon Martin,20,33,60.61
Brian Gonzalez,20,33,60.61
James Lewis,43,71,60.56
Michael Collins,43,71,60.56
Elizabeth Lopez,23,38,60.53
Timothy Brown,46,76,60.53
Richard Lee,23,38,60.53
Michael Shaw,23,38,60.53
David Gonzalez,46,76,60.53
Rachel Johnson,49,81,60.49
John Jackson,49,81,60.49
Daniel Allen,26,43,60.47
Mark Garcia,26,43,60.47
Katherine Brown,26,43,60.47
Michelle Lewis,26,43,60.47
James Rivera,26,43,60.47
Jonathan Miller,29,48,60.42
Lisa Hernandez,32,53,60.38
Brian Moore,32,53,60.38
Daniel Rodriguez,35,58,60.34
Joseph Jackson,35,58,60.34
Joshua Rodriguez,35,58,60.34
Jessica Anderson,38,63,60.32
Joshua Davis,50,83,60.24
Daniel Miller,53,88,60.23
Anthony Brown,53,88,60.23
Kevin Smith,107,178,60.11
Brooke Brown,9,15,60.0
Kevin Hawkins,6,10,60.0
Nicole Boyd,6,10,60.0
Timothy Bell,6,10,60.0
Douglas Adams,6,10,60.0
Andrew Russell,9,15,60.0
Sharon Lopez,6,10,60.0
Matthew Hayes,12,20,60.0
Edward Harris,9,15,60.0
Kenneth Collins,9,15,60.0
Teresa Flores,6,10,60.0
Joseph King,24,40,60.0
Christina Rogers,6,10,60.0
Katie Roberts,6,10,60.0
Jeremy Davis,15,25,60.0
Richard Berry,6,10,60.0
Erin Watson,6,10,60.0
Amanda Price,12,20,60.0
James Johnston,9,15,60.0
Mary Wade,6,10,60.0
Sarah Cole,6,10,60.0
Jessica Greer,6,10,60.0
Jennifer Austin,9,15,60.0
Rachel Andrews,6,10,60.0
Ashley Herrera,6,10,60.0
Kevin Garza,6,10,60.0
Scott Flores,9,15,60.0
Jessica Cox,18,30,60.0
Veronica Jackson,6,10,60.0
Gregory Flores,6,10,60.0
Victoria Thomas,6,10,60.0
Jamie Wallace,6,10,60.0
Andrew Long,12,20,60.0
Tara Jones,9,15,60.0
Lauren Patterson,6,10,60.0
Jeffrey Diaz,9,15,60.0
David Perkins,6,10,60.0
Michael Freeman,18,30,60.0
Ronald Lopez,6,10,60.0
Jeffrey Barton,6,10,60.0
Elizabeth Vargas,9,15,60.0
Christopher Fuentes,6,10,60.0
Lisa Wade,6,10,60.0
Steven Ramirez,15,25,60.0
Shannon Nelson,6,10,60.0
Robert Nichols,9,15,60.0
Sarah Webb,6,10,60.0
Kevin Woods,6,10,60.0
Shelby Smith,6,10,60.0
Michelle Singh,6,10,60.0
James Thomas,72,120,60.0
Matthew Gordon,9,15,60.0
Jennifer Christensen,6,10,60.0
Timothy Sanchez,15,25,60.0
Melanie Lee,9,15,60.0
Andrew Armstrong,6,10,60.0
Daniel Hayes,12,20,60.0
Cody Johnson,9,15,60.0
Cynthia Coleman,6,10,60.0
Christopher Roth,6,10,60.0
Nicole Myers,6,10,60.0
Stephanie Graham,6,10,60.0
Gregory Graham,6,10,60.0
Jennifer Benson,6,10,60.0
Mark Reed,12,20,60.0
Sharon Adams,6,10,60.0
Gary Lopez,6,10,60.0
Nicole Gregory,6,10,60.0
Robert Payne,12,20,60.0
Christopher Gardner,6,10,60.0
Jennifer Reese,6,10,60.0
Tyler Martin,12,20,60.0
Steven Webb,6,10,60.0
Frederick Smith,6,10,60.0
Jennifer Vasquez,12,20,60.0
Jasmine Mitchell,6,10,60.0
Jennifer Dunn,9,15,60.0
Tina Clark,12,20,60.0
William Shaw,9,15,60.0
Joseph Webb,9,15,60.0
Tammy White,9,15,60.0
David Avila,6,10,60.0
Jeffrey Jordan,6,10,60.0
Debbie Thompson,6,10,60.0
Marcus Sanchez,6,10,60.0
Erin Morris,6,10,60.0
Amber Coleman,6,10,60.0
Mary Greene,6,10,60.0
Victor Miller,6,10,60.0
Kristin Lewis,9,15,60.0
James Pruitt,6,10,60.0
Brian Peterson,9,15,60.0
Steven Hudson,6,10,60.0
Tammy Hayes,6,10,60.0
Amanda Black,9,15,60.0
Yolanda Williams,6,10,60.0
Heather Watson,6,10,60.0
Brandi Wilson,6,10,60.0
Emily West,6,10,60.0
Matthew Valdez,6,10,60.0
Dawn Mitchell,6,10,60.0
Christopher Burnett,6,10,60.0
Vanessa Hernandez,9,15,60.0
Jordan Rodriguez,9,15,60.0
Christina Allen,9,15,60.0
William Parker,18,30,60.0
Paul Lee,12,20,60.0
John Tran,12,20,60.0
Troy Jones,9,15,60.0
Matthew Reid,6,10,60.0
Amber Roberts,6,10,60.0
Michelle Nguyen,12,20,60.0
Jamie Fisher,6,10,60.0
John Greene,6,10,60.0
Nicholas Walker,9,15,60.0
David Jenkins,18,30,60.0
Michelle Wallace,9,15,60.0
Tracy Hall,9,15,60.0
Angela Thompson,21,35,60.0
Sara Thompson,6,10,60.0
David Gregory,6,10,60.0
Lisa Morgan,15,25,60.0
Kathy Garcia,6,10,60.0
Patrick Lewis,12,20,60.0
Kristina Miller,6,10,60.0
John Mcdaniel,6,10,60.0
George Morales,6,10,60.0
Anthony Collins,12,20,60.0
Thomas Fox,6,10,60.0
Tammy Lewis,12,20,60.0
Theresa Davis,6,10,60.0
Jennifer Trujillo,6,10,60.0
Elizabeth Jones,63,105,60.0
Tonya Miller,6,10,60.0
Justin Clark,15,25,60.0
Melanie White,6,10,60.0
Joseph Crawford,12,20,60.0
Allison Thompson,6,10,60.0
Lisa Greene,6,10,60.0
Carol Davis,9,15,60.0
Brenda Thomas,6,10,60.0
John Gibbs,6,10,60.0
Leslie Jones,15,25,60.0
Nicholas Hale,6,10,60.0
Sandra Allen,9,15,60.0
Theresa Robinson,6,10,60.0
Jeffrey Mendoza,6,10,60.0
Emily Sanchez,12,20,60.0
Jonathan Newman,6,10,60.0
Robert Dennis,6,10,60.0
William Baxter,6,10,60.0
Carla Williams,6,10,60.0
George Martinez,12,20,60.0
Molly Jones,6,10,60.0
Laura Coleman,6,10,60.0
John Burns,9,15,60.0
Amy Baker,9,15,60.0
Eric Webster,6,10,60.0
Joshua Peters,6,10,60.0
Jessica Sanchez,24,40,60.0
Rebecca Cruz,6,10,60.0
Cynthia Rogers,6,10,60.0
George Miller,12,20,60.0
Jeffrey Hughes,6,10,60.0
Yolanda Brown,6,10,60.0
Matthew Schneider,6,10,60.0
Matthew Warren,9,15,60.0
Kelly Schmidt,6,10,60.0
Melissa Roberts,15,25,60.0
Lisa Fields,6,10,60.0
Crystal Wood,6,10,60.0
Megan Young,12,20,60.0
James Ruiz,9,15,60.0
Bryan Lopez,6,10,60.0
Brandon Brooks,9,15,60.0
John Fischer,6,10,60.0
Eric Sullivan,9,15,60.0
Amanda Ryan,6,10,60.0
Jill Martinez,6,10,60.0
Alexander Walker,6,10,60.0
Jeffrey Bailey,12,20,60.0
Peter Hernandez,9,15,60.0
Erin White,9,15,60.0
Karen Hamilton,6,10,60.0
Erin Ferguson,6,10,60.0
Michael Olsen,6,10,60.0
Allison Peterson,6,10,60.0
Lori Roberts,6,10,60.0
Lori Green,6,10,60.0
Heather Moreno,6,10,60.0
Lisa Rose,6,10,60.0
John Guzman,15,25,60.0
Robert Moreno,12,20,60.0
Christopher Lynch,9,15,60.0
Carol Jones,6,10,60.0
Karen Griffin,6,10,60.0
Stephen Stewart,9,15,60.0
Margaret Sanchez,6,10,60.0
Jacob Hill,9,15,60.0
Eric Perry,6,10,60.0
Donald Reed,6,10,60.0
Justin Diaz,9,15,60.0
Andrea Richardson,6,10,60.0
Andrew Scott,18,30,60.0
Jennifer Little,12,20,60.0
Karen Turner,6,10,60.0
Thomas Ford,6,10,60.0
John Farmer,6,10,60.0
Tracy Wright,6,10,60.0
Donald Price,6,10,60.0
John Andrews,9,15,60.0
Douglas White,6,10,60.0
David Lamb,6,10,60.0
Brenda Davis,15,25,60.0
Jennifer Stewart,18,30,60.0
Joshua Flores,9,15,60.0
Leslie Edwards,6,10,60.0
Robin Collins,6,10,60.0
Christopher Boyd,12,20,60.0
Daniel Walker,21,35,60.0
Jennifer Wade,6,10,60.0
Richard Lawrence,6,10,60.0
Brian Tran,6,10,60.0
Jason Carroll,6,10,60.0
Nicole Armstrong,6,10,60.0
Michele Moore,6,10,60.0
Valerie Miller,9,15,60.0
Sean Hamilton,6,10,60.0
Emily Gutierrez,6,10,60.0
Brian Lawson,6,10,60.0
Anita Jones,6,10,60.0
Keith Thomas,6,10,60.0
Steven Fernandez,6,10,60.0
Joshua Martin,24,40,60.0
Julie Bell,6,10,60.0
Amy Banks,6,10,60.0
Paul Wright,12,20,60.0
Victoria Campbell,6,10,60.0
Heather Griffin,6,10,60.0
Kristen Flores,6,10,60.0
Stacey Perez,6,10,60.0
Teresa Reed,6,10,60.0
Emily Young,12,20,60.0
Michael Singh,6,10,60.0
Joan Smith,9,15,60.0
Jason Lawson,6,10,60.0
Robert Swanson,9,15,60.0
Amy Hart,6,10,60.0
Elizabeth Kennedy,6,10,60.0
Jason Ward,9,15,60.0
Cynthia Lopez,9,15,60.0
Nicholas Morales,6,10,60.0
Amanda Jimenez,6,10,60.0
Jordan Stewart,6,10,60.0
Ronnie Smith,6,10,60.0
Cheryl Perez,6,10,60.0
Robert Crawford,12,20,60.0
Thomas Rogers,12,20,60.0
Charles Alexander,6,10,60.0
Renee Miller,6,10,60.0
Jason Foster,9,15,60.0
Charles Alvarado,6,10,60.0
Christine Bell,6,10,60.0
Margaret Scott,6,10,60.0
Jesus Taylor,6,10,60.0
Lynn Williams,6,10,60.0
Patricia Russell,6,10,60.0
Mark Peters,6,10,60.0
Michael Estes,6,10,60.0
Joshua Hudson,6,10,60.0
Jessica Cannon,6,10,60.0
Debra Green,6,10,60.0
William Wells,9,15,60.0
John Brady,6,10,60.0
Charles Stewart,6,10,60.0
Jose Lewis,6,10,60.0
Anthony Mendoza,6,10,60.0
Jessica Haynes,6,10,60.0
Steven Kelly,6,10,60.0
Richard Sutton,6,10,60.0
Nicholas Bennett,9,15,60.0
Deborah Lee,12,20,60.0
Jesse Jackson,9,15,60.0
Jessica Higgins,6,10,60.0
Daniel Obrien,6,10,60.0
Ryan Cruz,9,15,60.0
Ryan Simmons,6,10,60.0
Kelly Mitchell,9,15,60.0
Amanda Weaver,6,10,60.0
Eric Myers,9,15,60.0
Brian Kennedy,6,10,60.0
Paul Harper,6,10,60.0
Brandon Bell,12,20,60.0
Erica Lewis,6,10,60.0
Michael Wade,15,25,60.0
Jessica Aguilar,6,10,60.0
Brian Green,15,25,60.0
Sandra Campbell,6,10,60.0
Kimberly Murphy,15,25,60.0
Matthew Griffin,6,10,60.0
Rachel Bell,6,10,60.0
Alan Hernandez,6,10,60.0
Jason Wilson,36,60,60.0
Michael Branch,6,10,60.0
Chase Johnson,9,15,60.0
Jessica Jensen,6,10,60.0
Eric Sanchez,15,25,60.0
Anthony Holmes,6,10,60.0
George Allen,6,10,60.0
Anthony Vazquez,6,10,60.0
Megan Carter,6,10,60.0
Shannon Hernandez,6,10,60.0
Andrew Schneider,6,10,60.0
James Potter,6,10,60.0
Mary Watson,6,10,60.0
Jason Carpenter,6,10,60.0
Robert Reeves,6,10,60.0
William Munoz,6,10,60.0
Maria Turner,6,10,60.0
Trevor Smith,9,15,60.0
Peter Roberts,6,10,60.0
Robert Simpson,6,10,60.0
Emily Parker,6,10,60.0
Mary Wheeler,6,10,60.0
Angela Harvey,6,10,60.0
Angela Williams,48,80,60.0
Gregory Rivera,6,10,60.0
Richard Diaz,9,15,60.0
Douglas Tran,6,10,60.0
Debra Anderson,6,10,60.0
William Ruiz,9,15,60.0
Brandon Jordan,6,10,60.0
Edward Butler,6,10,60.0
Robert Mcfarland,6,10,60.0
James Delgado,6,10,60.0
Kristen Hernandez,6,10,60.0
Kim Miller,6,10,60.0
April Stewart,6,10,60.0
Jacob Owens,6,10,60.0
Brittany Moore,12,20,60.0
Aaron Phillips,6,10,60.0
Eric George,6,10,60.0
Carrie Harris,6,10,60.0
Lisa Holt,6,10,60.0
Angela Dunn,6,10,60.0
Michael Garrison,9,15,60.0
Joel Miller,9,15,60.0
Noah Smith,6,10,60.0
Margaret Lewis,6,10,60.0
Joshua Owens,6,10,60.0
Natalie Brown,12,20,60.0
Kyle Nguyen,6,10,60.0
Carol Martinez,6,10,60.0
Robert Cohen,6,10,60.0
Kimberly Gordon,6,10,60.0
Brian Cunningham,6,10,60.0
Sandra Shaw,6,10,60.0
Dwayne Brown,6,10,60.0
Eric Freeman,6,10,60.0
William Schmidt,6,10,60.0
Benjamin Peterson,6,10,60.0
Amanda Warren,9,15,60.0
Richard Patel,6,10,60.0
Brian Ellis,9,15,60.0
Kevin Ellis,6,10,60.0
Daniel Mcdonald,9,15,60.0
Daniel Byrd,6,10,60.0
Joseph Armstrong,6,10,60.0
John Morton,6,10,60.0
Michael Delacruz,6,10,60.0
Kimberly Alvarez,9,15,60.0
Richard Grimes,6,10,60.0
Patricia Alexander,6,10,60.0
Patrick Allen,6,10,60.0
Kimberly Diaz,9,15,60.0
Brian Leach,6,10,60.0
Rachel Ward,6,10,60.0
Todd Garcia,9,15,60.0
Kevin Carter,12,20,60.0
Matthew Alvarado,6,10,60.0
Taylor Baker,6,10,60.0
Ronald Bennett,6,10,60.0
Stacy Taylor,6,10,60.0
Gary Wood,6,10,60.0
Daniel Delgado,6,10,60.0
Stephanie Long,9,15,60.0
Tina Sanchez,6,10,60.0
Mark Roth,6,10,60.0
Melissa Lee,24,40,60.0
Alicia Jackson,9,15,60.0
Stephanie Thompson,24,40,60.0
Wendy Rodriguez,6,10,60.0
Kenneth Garcia,15,25,60.0
Mark Lucas,6,10,60.0
Jennifer Freeman,12,20,60.0
Cameron Williams,6,10,60.0
Kelly Ortiz,9,15,60.0
Stephanie Boyd,6,10,60.0
Carlos Hernandez,6,10,60.0
Laura Webb,6,10,60.0
Ryan Lewis,24,40,60.0
James Harrington,6,10,60.0
John Golden,6,10,60.0
Misty Brown,6,10,60.0
Victor Brown,6,10,60.0
William West,12,20,60.0
Michael Olson,21,35,60.0
Daniel Hopkins,6,10,60.0
Jacob Gray,6,10,60.0
Victoria Ramirez,6,10,60.0
Whitney Jones,9,15,60.0
Jesse Martin,6,10,60.0
Michael Weaver,15,25,60.0
Joseph Frazier,6,10,60.0
Robert Berry,9,15,60.0
Mary Jacobs,6,10,60.0
Ashley Pierce,6,10,60.0
Brandi Brown,6,10,60.0
Rachel Gomez,6,10,60.0
Robert Hogan,6,10,60.0
Andrew Collins,9,15,60.0
Brandy Anderson,6,10,60.0
Sandra Phillips,6,10,60.0
Angela Gonzales,9,15,60.0
Wanda Miller,6,10,60.0
Rodney Jones,6,10,60.0
Michael Richmond,6,10,60.0
Matthew Gibson,6,10,60.0
Daniel Lawson,6,10,60.0
Christopher Patrick,6,10,60.0
David Mcgee,6,10,60.0
Dennis Johnson,21,35,60.0
James Sharp,6,10,60.0
Samuel Sanchez,6,10,60.0
David Webb,12,20,60.0
Rebecca Dixon,6,10,60.0
Katherine Campbell,9,15,60.0
Gina Miller,12,20,60.0
Gregory Turner,6,10,60.0
Theresa Jones,15,25,60.0
Holly Jackson,6,10,60.0
Stacey Hernandez,6,10,60.0
Lori Adams,6,10,60.0
Russell Garcia,6,10,60.0
Lori Carter,6,10,60.0
Diane Brown,12,20,60.0
Daniel Crawford,9,15,60.0
Brandon Cook,6,10,60.0
David Curtis,6,10,60.0
Rebecca Hall,21,35,60.0
Stephanie Ellis,6,10,60.0
Kathryn Robinson,6,10,60.0
Sydney Williams,9,15,60.0
Amanda Evans,9,15,60.0
Laura Sanchez,15,25,60.0
Sharon Martin,9,15,60.0
Taylor Garcia,12,20,60.0
Sarah Young,18,30,60.0
Joshua West,9,15,60.0
Jason Mcdonald,6,10,60.0
Christina Cooper,6,10,60.0
Cody Allen,6,10,60.0
Karen Simpson,6,10,60.0
Christopher Becker,6,10,60.0
Kayla Young,6,10,60.0
Julia Harris,6,10,60.0
Emily Lewis,9,15,60.0
Michael Mullins,9,15,60.0
Brian Berry,6,10,60.0
James Sims,6,10,60.0
Christina Chapman,6,10,60.0
Andrea Evans,6,10,60.0
Joel Jackson,6,10,60.0
Ryan Reynolds,6,10,60.0
Jonathan Kelly,9,15,60.0
Melissa Mann,6,10,60.0
Jessica Barton,6,10,60.0
Christian Thomas,6,10,60.0
John Luna,6,10,60.0
Courtney Bell,6,10,60.0
Andrea Schneider,6,10,60.0
Joshua Allen,12,20,60.0
Samuel White,9,15,60.0
Steven Brooks,6,10,60.0
Christine Young,9,15,60.0
Justin Evans,9,15,60.0
Louis Williams,6,10,60.0
Amy Black,6,10,60.0
Joseph Morales,9,15,60.0
Stephanie Olson,6,10,60.0
Rachel Reyes,6,10,60.0
Andrew Graham,9,15,60.0
Christopher Ballard,6,10,60.0
Connie Davis,6,10,60.0
David Hart,12,20,60.0
Shannon West,6,10,60.0
Anthony Hicks,6,10,60.0
Jennifer Bowers,6,10,60.0
Patrick Rivera,9,15,60.0
Joseph Hale,6,10,60.0
Brian Sullivan,6,10,60.0
Gary Russell,6,10,60.0
Ryan Moreno,6,10,60.0
Danielle Bailey,6,10,60.0
Jessica Cross,6,10,60.0
Anthony Powell,6,10,60.0
Amy Hawkins,6,10,60.0
Mark Fisher,9,15,60.0
Laura Woods,6,10,60.0
David Pope,6,10,60.0
Shannon Stone,6,10,60.0
Jerry Lewis,6,10,60.0
Angela Graham,6,10,60.0
Maria Lee,6,10,60.0
Donna Hernandez,9,15,60.0
Justin Foster,6,10,60.0
John Crosby,6,10,60.0
Jordan Campbell,6,10,60.0
Mark Edwards,15,25,60.0
John Merritt,6,10,60.0
Janet Brown,6,10,60.0
Dawn Thomas,12,20,60.0
Christopher Valencia,6,10,60.0
Vincent Robinson,6,10,60.0
Kari Johnson,6,10,60.0
Mark Hicks,6,10,60.0
Matthew Mueller,6,10,60.0
Thomas Stewart,9,15,60.0
Johnathan Smith,9,15,60.0
Daniel Patterson,9,15,60.0
Thomas Munoz,6,10,60.0
Christopher Garza,9,15,60.0
Michael Powers,9,15,60.0
Cynthia Jordan,6,10,60.0
Lisa Jackson,30,50,60.0
Timothy Gomez,9,15,60.0
Ashley Romero,6,10,60.0
Rebecca James,6,10,60.0
Samantha Brooks,6,10,60.0
Ashley Alvarez,9,15,60.0
Michael Cabrera,6,10,60.0
Zachary Sanchez,9,15,60.0
Angela Ross,6,10,60.0
Kelly Porter,9,15,60.0
Sarah Chavez,9,15,60.0
Lisa Frank,6,10,60.0
Tyler Garcia,12,20,60.0
Justin Stone,6,10,60.0
Jennifer Brewer,9,15,60.0
Michael Pearson,9,15,60.0
Robin Lee,6,10,60.0
Benjamin Nelson,9,15,60.0
Robert Lyons,6,10,60.0
Lisa Pierce,9,15,60.0
Marissa Brown,6,10,60.0
Jason Rogers,9,15,60.0
John Padilla,9,15,60.0
Carmen Williams,6,10,60.0
Nicholas Ward,6,10,60.0
Andrea Snyder,6,10,60.0
Samantha Foster,6,10,60.0
Yvonne Johnson,6,10,60.0
Karen Morris,9,15,60.0
Laura Mitchell,12,20,60.0
Steven Hart,6,10,60.0
Michael Bauer,6,10,60.0
Sandra Murphy,9,15,60.0
Juan Miller,9,15,60.0
Laura Stevens,6,10,60.0
Robert Mcdaniel,6,10,60.0
Vanessa White,6,10,60.0
Brenda Garcia,15,25,60.0
Troy Sanchez,6,10,60.0
Scott Kim,6,10,60.0
Andrew Peters,6,10,60.0
Amanda Alvarez,6,10,60.0
Robert Andrews,9,15,60.0
Abigail Moore,6,10,60.0
John Gray,18,30,60.0
Melissa Walters,6,10,60.0
Michael Parks,12,20,60.0
Aaron Murphy,6,10,60.0
Tyler Bailey,6,10,60.0
Sarah King,18,30,60.0
Laura Dunn,6,10,60.0
Brenda Evans,6,10,60.0
Ryan Caldwell,6,10,60.0
Frank Davis,9,15,60.0
Ryan Graham,6,10,60.0
Andrew Gonzales,9,15,60.0
Mary Gordon,6,10,60.0
Jason Jordan,12,20,60.0
Deborah Baker,6,10,60.0
Karen King,15,25,60.0
Zachary Coleman,6,10,60.0
Richard Blake,6,10,60.0
Derek Taylor,6,10,60.0
John Gonzalez,45,75,60.0
Samuel Torres,6,10,60.0
Deanna Rodriguez,6,10,60.0
Emily Evans,9,15,60.0
Bryan King,6,10,60.0
Holly Lopez,6,10,60.0
James Fischer,6,10,60.0
Lisa Chavez,9,15,60.0
Richard Chen,6,10,60.0
Ashley Rogers,9,15,60.0
Kurt Williams,6,10,60.0
Jacob Graham,6,10,60.0
Justin Ross,9,15,60.0
Ashley Torres,9,15,60.0
Karen Perry,6,10,60.0
Christine Castillo,6,10,60.0
Scott Romero,6,10,60.0
Crystal Walker,9,15,60.0
Michelle Mcdonald,6,10,60.0
Jay Smith,6,10,60.0
John Mitchell,30,50,60.0
Kayla Taylor,6,10,60.0
Pamela Thomas,9,15,60.0
Gary Anderson,15,25,60.0
Brittney Johnson,9,15,60.0
Tina Hernandez,6,10,60.0
Erin Wheeler,6,10,60.0
John Newton,6,10,60.0
Sarah Gibson,9,15,60.0
Teresa Martin,6,10,60.0
Michael Ortiz,21,35,60.0
Ashley Diaz,9,15,60.0
James Foster,18,30,60.0
Kelly Murphy,9,15,60.0
Brandon Burton,6,10,60.0
Christine Garcia,21,35,60.0
Marcus Smith,18,30,60.0
Bryan Lewis,9,15,60.0
Nicholas Henderson,6,10,60.0
Michelle Bradley,9,15,60.0
Veronica Thomas,6,10,60.0
Andrew Hicks,6,10,60.0
Christina Nelson,12,20,60.0
Brian Moreno,6,10,60.0
Emily Carter,6,10,60.0
Christine Jenkins,6,10,60.0
Cody Garcia,9,15,60.0
Jeremy Ramirez,6,10,60.0
Lauren Lee,15,25,60.0
Thomas Palmer,9,15,60.0
Craig Perez,6,10,60.0
Lori Hernandez,9,15,60.0
Julie Powell,6,10,60.0
Jennifer Cain,6,10,60.0
Brandon Gonzalez,12,20,60.0
Barbara Martin,9,15,60.0
Tyler King,9,15,60.0
David Ochoa,6,10,60.0
David Christian,6,10,60.0
Adam Collins,6,10,60.0
Ian Brown,6,10,60.0
Kathleen King,6,10,60.0
Joseph Weber,6,10,60.0
Jennifer George,12,20,60.0
Justin Ramirez,9,15,60.0
Adam Mitchell,6,10,60.0
Erik Brown,12,20,60.0
David Schwartz,6,10,60.0
Mitchell Thomas,6,10,60.0
Michael Greer,6,10,60.0
Sarah Schmidt,6,10,60.0
Matthew Guzman,6,10,60.0
Brittany Henderson,6,10,60.0
Jessica Bates,6,10,60.0
Jonathan Carter,9,15,60.0
Dustin Miller,6,10,60.0
Debra Wright,6,10,60.0
James Mendoza,18,30,60.0
Amy Roberts,12,20,60.0
Wendy Roberts,6,10,60.0
Bradley Wright,6,10,60.0
Amy Price,9,15,60.0
Daniel Walton,6,10,60.0
Daniel Padilla,6,10,60.0
John Nicholson,6,10,60.0
Samantha Lee,12,20,60.0
Tiffany Henry,6,10,60.0
Michelle Herrera,6,10,60.0
Emily Martin,18,30,60.0
Vanessa Torres,6,10,60.0
Paula Thomas,6,10,60.0
Jason Lewis,18,30,60.0
Samuel Gray,6,10,60.0
Matthew Chambers,6,10,60.0
Julie Torres,6,10,60.0
Mark Gordon,6,10,60.0
Heather Williams,54,90,60.0
Sherry Wilson,6,10,60.0
Christine Carter,9,15,60.0
Charles Burke,6,10,60.0
Christopher Hayes,21,35,60.0
Jennifer Hansen,12,20,60.0
Micheal Brown,6,10,60.0
Kimberly Parker,15,25,60.0
Patrick Myers,6,10,60.0
Richard Robertson,6,10,60.0
Michael Hubbard,12,20,60.0
Theresa Thompson,9,15,60.0
Michael Carey,6,10,60.0
Joshua Nguyen,9,15,60.0
Mark Vargas,6,10,60.0
Daniel Campos,6,10,60.0
Stephanie Collins,9,15,60.0
Terry Lewis,6,10,60.0
Richard Richards,6,10,60.0
Kevin Roberts,12,20,60.0
Lindsay Thomas,6,10,60.0
Jamie Sanchez,9,15,60.0
Anna Cox,6,10,60.0
Ashley Bradley,6,10,60.0
Kimberly Daniels,6,10,60.0
Jessica Randall,6,10,60.0
Patricia Herrera,6,10,60.0
Troy Rodriguez,6,10,60.0
Peter Hall,6,10,60.0
Debra Smith,30,50,60.0
Stephen Snyder,6,10,60.0
Henry Davis,9,15,60.0
Michael Moss,6,10,60.0
Jason Morgan,12,20,60.0
Tina Brown,24,40,60.0
Amy Henry,6,10,60.0
Evan Smith,9,15,60.0
Vanessa Martin,6,10,60.0
Richard Dixon,6,10,60.0
Joseph Richardson,6,10,60.0
Jessica Wong,6,10,60.0
Michael Calhoun,6,10,60.0
Stephanie Bennett,6,10,60.0
Tammy Nguyen,6,10,60.0
Emily Robinson,12,20,60.0
David Mcbride,6,10,60.0
Catherine Perez,6,10,60.0
Cynthia Lee,12,20,60.0
Brian Adams,15,25,60.0
James Clarke,6,10,60.0
Sara Thomas,9,15,60.0
Antonio Martin,6,10,60.0
Michelle Wheeler,6,10,60.0
Matthew Bell,15,25,60.0
Cameron Davis,6,10,60.0
Amanda Parsons,6,10,60.0
Michael Newman,15,25,60.0
Amanda Reynolds,6,10,60.0
Angel Miller,6,10,60.0
Mary Cole,6,10,60.0
Joshua Hayes,6,10,60.0
Cynthia Cooper,6,10,60.0
Cassandra Anderson,6,10,60.0
Steven Carter,9,15,60.0
Joshua Hart,6,10,60.0
Brandon Gibson,6,10,60.0
George Robinson,6,10,60.0
Ashley Cook,12,20,60.0
Rebecca Kelley,6,10,60.0
John Cortez,6,10,60.0
John Perry,15,25,60.0
Marie Brown,9,15,60.0
Kathleen Nelson,6,10,60.0
Timothy Harrison,6,10,60.0
Andrea Hughes,6,10,60.0
Elizabeth Blake,6,10,60.0
Haley Smith,12,20,60.0
Martin Thomas,6,10,60.0
Rachel Wells,6,10,60.0
Thomas Wilson,36,60,60.0
Jennifer Daniels,9,15,60.0
Robert Palmer,6,10,60.0
Cynthia Cox,6,10,60.0
Kelly Cox,6,10,60.0
Raymond Martinez,6,10,60.0
Steven Henderson,6,10,60.0
Miranda Johnson,6,10,60.0
Karen Evans,6,10,60.0
David Cooper,21,35,60.0
Angela Young,9,15,60.0
Melissa Cox,6,10,60.0
William Owens,9,15,60.0
Amanda Nichols,6,10,60.0
Kimberly Schneider,9,15,60.0
Michelle Price,12,20,60.0
Mark Mcdonald,6,10,60.0
Paul James,6,10,60.0
Anthony Rogers,9,15,60.0
Michael Ewing,6,10,60.0
Timothy Nelson,15,25,60.0
Jennifer Ramos,18,30,60.0
David Salas,6,10,60.0
Gregory Foster,6,10,60.0
John Skinner,6,10,60.0
Elizabeth Clark,24,40,60.0
Kenneth Hill,6,10,60.0
Tyler Taylor,15,25,60.0
Jacqueline Nelson,6,10,60.0
Jeffrey Hamilton,6,10,60.0
Elizabeth Davenport,6,10,60.0
John Owens,12,20,60.0
Larry Martin,6,10,60.0
William Wallace,12,20,60.0
Kimberly Jimenez,6,10,60.0
Jeffrey Simmons,9,15,60.0
Emily Gray,9,15,60.0
Michael Small,6,10,60.0
Jonathan Wheeler,6,10,60.0
Thomas Carter,18,30,60.0
John Shaffer,6,10,60.0
Nicholas Wright,6,10,60.0
Lisa Contreras,6,10,60.0
Amber Thompson,12,20,60.0
Joshua Gonzalez,18,30,60.0
Brittany Peterson,9,15,60.0
Jamie Cruz,6,10,60.0
Laura Clark,12,20,60.0
Ryan Montgomery,6,10,60.0
Mary Simmons,9,15,60.0
James Oliver,9,15,60.0
Jennifer Martinez,60,100,60.0
Jerry Harris,6,10,60.0
Susan Butler,6,10,60.0
Nicole Woods,6,10,60.0
Benjamin Stewart,6,10,60.0
Melissa Gutierrez,6,10,60.0
Cody Thompson,6,10,60.0
Brandon Ward,6,10,60.0
James Palmer,9,15,60.0
Tina Nelson,6,10,60.0
Tanya Robinson,6,10,60.0
Kevin Hunter,6,10,60.0
Troy Jackson,6,10,60.0
Timothy Barnes,9,15,60.0
Katherine Perez,6,10,60.0
Craig Hernandez,6,10,60.0
Brenda Rodriguez,9,15,60.0
David Strickland,6,10,60.0
Ryan Romero,9,15,60.0
Heather Vasquez,6,10,60.0
Steven Roberts,9,15,60.0
Paula Garcia,6,10,60.0
James Paul,6,10,60.0
Robert Gordon,9,15,60.0
Matthew Curry,6,10,60.0
Patrick Green,6,10,60.0
Bryan Parker,6,10,60.0
Dawn King,6,10,60.0
Jessica Sawyer,6,10,60.0
Christopher Evans,24,40,60.0
Susan Cook,6,10,60.0
Lindsey Brown,12,20,60.0
Jerry Wilson,6,10,60.0
Robert Stevens,12,20,60.0
Joseph Knight,6,10,60.0
Nicholas Peterson,6,10,60.0
David Romero,15,25,60.0
Bryan Thompson,6,10,60.0
Robert Kennedy,12,20,60.0
James Miles,6,10,60.0
Michael Shah,6,10,60.0
Sheila Jackson,6,10,60.0
Philip Miller,6,10,60.0
Sabrina Taylor,6,10,60.0
Katie Anderson,6,10,60.0
Benjamin Cruz,6,10,60.0
Rebecca Collins,9,15,60.0
William Hunter,6,10,60.0
Allison Jackson,6,10,60.0
Chelsea Anderson,9,15,60.0
Robert Villanueva,6,10,60.0
John Henson,6,10,60.0
Jacob Hughes,6,10,60.0
Kyle Thomas,12,20,60.0
Christopher Peck,6,10,60.0
Michael Steele,12,20,60.0
Maria James,6,10,60.0
Amy Robertson,9,15,60.0
Keith Stewart,6,10,60.0
Pamela Turner,6,10,60.0
Steve Williams,6,10,60.0
Natalie Collins,6,10,60.0
Michael Thomas,76,127,59.84
William Brown,70,117,59.83
Amanda Johnson,80,134,59.7
Jennifer Robinson,37,62,59.68
Christopher Hall,34,57,59.65
Jessica Hernandez,34,57,59.65
Crystal Johnson,34,57,59.65
Pamela Smith,31,52,59.62
Brandon Davis,31,52,59.62
Victoria Smith,31,52,59.62
Daniel Brown,62,104,59.62
Daniel Lee,31,52,59.62
William Clark,28,47,59.57
James Mitchell,25,42,59.52
Sarah Moore,25,42,59.52
John Moore,50,84,59.52
Susan Jones,25,42,59.52
Steven Martin,25,42,59.52
John Stewart,25,42,59.52
Christopher White,50,84,59.52
Timothy Jones,44,74,59.46
Joshua Lewis,22,37,59.46
Jerry Smith,22,37,59.46
William Martinez,41,69,59.42
Eric Hernandez,19,32,59.38
Jennifer Brooks,19,32,59.38
James Peterson,19,32,59.38
Jonathan Rodriguez,19,32,59.38
Megan Wilson,19,32,59.38
Thomas Clark,19,32,59.38
Christopher Wilson,57,96,59.38
Kyle Johnson,38,64,59.38
Charles Davis,35,59,59.32
Robert Jimenez,16,27,59.26
David Graham,16,27,59.26
Michael Patel,16,27,59.26
Ashley Flores,16,27,59.26
Angela Adams,16,27,59.26
Brandon Thomas,16,27,59.26
Jeffrey Williams,48,81,59.26
Nancy Miller,16,27,59.26
Heather Martin,16,27,59.26
Jessica Butler,16,27,59.26
Zachary Davis,16,27,59.26
Carol Smith,16,27,59.26
Jeffrey Walker,16,27,59.26
Tina Davis,16,27,59.26
Allison Johnson,16,27,59.26
Julie Martin,16,27,59.26
Gary Smith,32,54,59.26
Jennifer Bryant,16,27,59.26
Robert Hughes,16,27,59.26
John Murphy,16,27,59.26
Jessica Harris,32,54,59.26
Justin Allen,16,27,59.26
Emily Thompson,16,27,59.26
Antonio Johnson,16,27,59.26
Matthew Perry,16,27,59.26
Joseph Bell,16,27,59.26
Stephen Garcia,16,27,59.26
Mary Baker,16,27,59.26
Melissa Torres,16,27,59.26
Ryan Thomas,16,27,59.26
Stephanie Rodriguez,29,49,59.18
Michael Gomez,29,49,59.18
Robert Green,29,49,59.18
Matthew Brown,78,132,59.09
James Stevens,13,22,59.09
David Boyd,13,22,59.09
William Cox,13,22,59.09
Paul Perez,13,22,59.09
Todd Davis,13,22,59.09
Christopher Romero,13,22,59.09
John Castillo,13,22,59.09
Mary Bell,13,22,59.09
Robert Harrison,13,22,59.09
Linda Martinez,13,22,59.09
Jeffrey Torres,13,22,59.09
Brian Turner,13,22,59.09
Michael Fox,13,22,59.09
Rebecca Garcia,26,44,59.09
Joseph Parker,13,22,59.09
Justin Sanchez,13,22,59.09
David Fisher,13,22,59.09
William Payne,13,22,59.09
Erica Miller,13,22,59.09
Robert Murray,13,22,59.09
Sara Miller,13,22,59.09
Robert Patel,13,22,59.09
David Gonzales,13,22,59.09
Lauren Brown,26,44,59.09
Mark Robinson,13,22,59.09
Kenneth White,13,22,59.09
David Marshall,13,22,59.09
Emily Lopez,13,22,59.09
Robert Chapman,13,22,59.09
James Wagner,13,22,59.09
David Dean,13,22,59.09
Mark Campbell,13,22,59.09
James Stone,13,22,59.09
Amy Fisher,13,22,59.09
Mark Parker,13,22,59.09
Tony Brown,13,22,59.09
Christopher Fisher,13,22,59.09
Michele Brown,13,22,59.09
Michael Cox,39,66,59.09
Jason Hill,13,22,59.09
Matthew Thomas,36,61,59.02
Jason Robinson,23,39,58.97
David Torres,23,39,58.97
Steven Martinez,23,39,58.97
Barbara Johnson,23,39,58.97
Alexander Jones,23,39,58.97
Samantha Jones,33,56,58.93
Barbara Smith,33,56,58.93
Joshua Richardson,10,17,58.82
Michael Phillips,40,68,58.82
Kayla Martinez,10,17,58.82
Matthew King,30,51,58.82
Terry White,10,17,58.82
Gary Moore,10,17,58.82
Melissa Owens,10,17,58.82
Brian Gray,10,17,58.82
Christopher Long,20,34,58.82
Janet Jones,10,17,58.82
Ashley Cole,10,17,58.82
Elizabeth Kelly,10,17,58.82
Kristina Johnson,10,17,58.82
Joseph Castillo,10,17,58.82
Nicholas Hall,10,17,58.82
Michael Mann,10,17,58.82
William Young,20,34,58.82
Samantha Walker,10,17,58.82
Kathy Williams,10,17,58.82
Donna Moore,10,17,58.82
Michael Summers,10,17,58.82
Lisa Brooks,10,17,58.82
Lisa Reynolds,10,17,58.82
Lisa Richards,10,17,58.82
Jason Myers,10,17,58.82
Eric Lopez,20,34,58.82
Gary Martinez,10,17,58.82
Julia Thompson,10,17,58.82
Kimberly James,10,17,58.82
Steven Elliott,10,17,58.82
Joseph Mendoza,10,17,58.82
John Lawrence,10,17,58.82
Evan Johnson,10,17,58.82
Audrey Smith,10,17,58.82
Bryan Martin,10,17,58.82
Paul Stewart,10,17,58.82
Keith Rodriguez,10,17,58.82
Jennifer Green,30,51,58.82
James Stephens,10,17,58.82
Natalie Thomas,10,17,58.82
Steven Hamilton,10,17,58.82
Douglas Rodriguez,10,17,58.82
Jesus Johnson,10,17,58.82
Timothy Hamilton,10,17,58.82
Jessica Long,10,17,58.82
Robert Richardson,20,34,58.82
Jessica Wallace,10,17,58.82
Ashley Reed,10,17,58.82
Jennifer Ramsey,10,17,58.82
Melanie Moore,10,17,58.82
Anna Anderson,10,17,58.82
James Ellis,10,17,58.82
James Herrera,10,17,58.82
Tyler Harris,10,17,58.82
Brian Myers,10,17,58.82
Nancy Martin,10,17,58.82
Craig Lopez,10,17,58.82
Robert Cunningham,10,17,58.82
James Burke,10,17,58.82
William Gutierrez,10,17,58.82
Stephanie Wallace,10,17,58.82
Eric Diaz,10,17,58.82
Matthew Hughes,10,17,58.82
Jennifer Alvarez,10,17,58.82
Ryan Baker,10,17,58.82
Robert Olson,10,17,58.82
Robert Morgan,20,34,58.82
Sarah Thompson,20,34,58.82
Daniel George,10,17,58.82
John Weber,10,17,58.82
Anthony White,20,34,58.82
Peter Adams,10,17,58.82
Chris Jones,10,17,58.82
Jennifer Jordan,20,34,58.82
Robert Howell,10,17,58.82
Lori Gonzalez,10,17,58.82
Ashley Gonzalez,20,34,58.82
Christopher Bates,10,17,58.82
Matthew Mendoza,10,17,58.82
Crystal Lewis,10,17,58.82
Megan Walker,10,17,58.82
Robert Harmon,10,17,58.82
Jonathan Phillips,10,17,58.82
Amanda Rogers,10,17,58.82
Deborah Thomas,10,17,58.82
Michelle Castillo,10,17,58.82
Timothy Jackson,20,34,58.82
Sherry Johnson,10,17,58.82
Andrea Walker,10,17,58.82
Samantha Allen,10,17,58.82
Crystal Scott,10,17,58.82
Sarah Castillo,10,17,58.82
Anna Thomas,10,17,58.82
Michael Chang,10,17,58.82
Eric Ramirez,10,17,58.82
Jennifer Carroll,10,17,58.82
Stephanie Edwards,10,17,58.82
Elizabeth West,10,17,58.82
Michael Roman,10,17,58.82
Brian Graham,10,17,58.82
Samuel Davis,10,17,58.82
Sara Hernandez,10,17,58.82
Kelly King,10,17,58.82
Joseph Duncan,10,17,58.82
Kathryn Johnson,20,34,58.82
Megan Nelson,10,17,58.82
Richard Ward,10,17,58.82
David Ryan,10,17,58.82
James Bell,20,34,58.82
Donald Thomas,10,17,58.82
Ashley Griffin,10,17,58.82
Danielle Lopez,10,17,58.82
Brian Woods,10,17,58.82
Ashley Simmons,10,17,58.82
Mary Johnson,67,114,58.77
Christopher Allen,37,63,58.73
Kimberly Garcia,37,63,58.73
Amanda Jackson,27,46,58.7
Jessica Lopez,27,46,58.7
Laura Wilson,27,46,58.7
Erica Williams,17,29,58.62
Christopher Morales,17,29,58.62
David Simpson,17,29,58.62
William Kelly,17,29,58.62
Christopher Gomez,17,29,58.62
Susan Jackson,17,29,58.62
Kathleen Davis,17,29,58.62
John Ward,17,29,58.62
Larry Williams,17,29,58.62
Nancy Jones,17,29,58.62
Gary Wilson,17,29,58.62
Brian Wright,17,29,58.62
Paul Taylor,17,29,58.62
Robin Williams,17,29,58.62
Sean Johnson,24,41,58.54
Donna Brown,24,41,58.54
Charles Anderson,24,41,58.54
Michael Clark,55,94,58.51
Amanda Williams,62,106,58.49
Angela Reynolds,7,12,58.33
John Dawson,7,12,58.33
Craig Garcia,7,12,58.33
Joseph Lee,28,48,58.33
Lisa Crawford,7,12,58.33
Charles Ramirez,7,12,58.33
Walter Smith,14,24,58.33
Deborah Ward,7,12,58.33
Heather Alvarez,7,12,58.33
Sara Harris,7,12,58.33
Daniel Moreno,7,12,58.33
Catherine Taylor,7,12,58.33
Wendy Baker,7,12,58.33
Ashley Santos,7,12,58.33
Brenda Murphy,7,12,58.33
Brittany Chavez,7,12,58.33
Michael Barker,14,24,58.33
Walter Brown,7,12,58.33
Matthew Bradley,7,12,58.33
Brenda Reed,7,12,58.33
Robert Simmons,14,24,58.33
Ryan Bryant,7,12,58.33
Bonnie Williams,7,12,58.33
Steven Hall,14,24,58.33
Janet Martinez,7,12,58.33
Christine Reynolds,7,12,58.33
Morgan Brown,7,12,58.33
Scott Diaz,7,12,58.33
David Mclaughlin,7,12,58.33
Tiffany Wells,7,12,58.33
Kayla King,7,12,58.33
Margaret Jackson,7,12,58.33
Thomas Burke,7,12,58.33
Jennifer Snyder,14,24,58.33
Jessica Knight,7,12,58.33
Jennifer Love,7,12,58.33
Michael Massey,7,12,58.33
Joseph Ortiz,14,24,58.33
Michael Khan,7,12,58.33
Mark Gibson,7,12,58.33
Kelly Hall,14,24,58.33
Shawn Hill,7,12,58.33
Elizabeth Castro,7,12,58.33
Antonio Williams,14,24,58.33
Michael Lester,7,12,58.33
Sara Sanchez,7,12,58.33
Andrew Roberts,14,24,58.33
Courtney White,7,12,58.33
Lawrence Wilson,7,12,58.33
Daniel Chavez,7,12,58.33
John Austin,7,12,58.33
Gregory Kennedy,7,12,58.33
Cheryl Taylor,7,12,58.33
John Campbell,28,48,58.33
Kimberly Vargas,7,12,58.33
Daniel Warren,7,12,58.33
Felicia Brown,7,12,58.33
Sandra Martinez,14,24,58.33
Alex Garcia,7,12,58.33
Jonathan Gray,7,12,58.33
Sean Baker,7,12,58.33
Gina Brown,14,24,58.33
Todd Wright,7,12,58.33
Amy Ruiz,7,12,58.33
Rachel West,7,12,58.33
Edward Young,7,12,58.33
Debra Clark,7,12,58.33
William Scott,21,36,58.33
Michael Esparza,7,12,58.33
Diana Wilson,7,12,58.33
Steven Gonzales,7,12,58.33
Patrick Kelly,7,12,58.33
Jennifer Figueroa,7,12,58.33
Christopher Horton,7,12,58.33
Maria Cox,7,12,58.33
James Chambers,7,12,58.33
Kimberly Foster,7,12,58.33
Samantha Ward,7,12,58.33
Eric Romero,7,12,58.33
Karen Moreno,7,12,58.33
John Peters,7,12,58.33
Robin Wright,7,12,58.33
Cynthia Clark,14,24,58.33
Christine Torres,7,12,58.33
William Hines,7,12,58.33
Christopher French,7,12,58.33
Elizabeth Henry,7,12,58.33
Andrew Kim,7,12,58.33
Nicholas Bell,7,12,58.33
Elizabeth Kim,7,12,58.33
Jasmine Martinez,7,12,58.33
Angel Brown,7,12,58.33
Christopher Oneal,7,12,58.33
Lisa Banks,7,12,58.33
Randy Hernandez,7,12,58.33
Rebecca Rogers,7,12,58.33
Brandon Scott,7,12,58.33
Mark Graham,7,12,58.33
David Mendez,7,12,58.33
Brandon Cruz,7,12,58.33
Timothy West,7,12,58.33
Shelly Johnson,7,12,58.33
Daniel Mccarthy,7,12,58.33
Ronald Anderson,7,12,58.33
Phillip Thomas,7,12,58.33
Timothy Garza,7,12,58.33
Randy Moore,7,12,58.33
Crystal Harris,7,12,58.33
Jennifer Craig,7,12,58.33
Carol Moore,7,12,58.33
April King,7,12,58.33
Amanda Woods,7,12,58.33
Rachel Parker,7,12,58.33
Rebecca Coleman,7,12,58.33
Brandon Fisher,7,12,58.33
Michael Berger,7,12,58.33
Rachel Lewis,14,24,58.33
Kimberly Gibson,7,12,58.33
Luis Thompson,7,12,58.33
Ryan Robinson,14,24,58.33
Kimberly Coleman,7,12,58.33
Stephen Murphy,7,12,58.33
Renee Lopez,7,12,58.33
Mary Vasquez,7,12,58.33
Carrie Martin,7,12,58.33
Jason Newman,7,12,58.33
James Frazier,7,12,58.33
Karen Kelly,7,12,58.33
Virginia Miller,7,12,58.33
Maria Patterson,7,12,58.33
Bradley Jackson,7,12,58.33
Vanessa Taylor,7,12,58.33
Cynthia Torres,7,12,58.33
Jessica Mann,7,12,58.33
Aaron Tucker,7,12,58.33
Steven Reynolds,7,12,58.33
David Conner,7,12,58.33
Kevin Wagner,7,12,58.33
Dominique Williams,7,12,58.33
Gary Walker,7,12,58.33
James Reeves,7,12,58.33
Benjamin Allen,7,12,58.33
John Francis,7,12,58.33
Christopher Ryan,7,12,58.33
Amber Jackson,14,24,58.33
Adam Campbell,7,12,58.33
Jordan Taylor,7,12,58.33
James Dean,7,12,58.33
Kevin Crawford,7,12,58.33
Gregory Rodriguez,14,24,58.33
Victoria Clark,7,12,58.33
Brittany Cooper,7,12,58.33
Jessica Spencer,7,12,58.33
Robert Dunn,7,12,58.33
Gary Young,7,12,58.33
Nicholas Stewart,7,12,58.33
Steven Thompson,21,36,58.33
Brian Cruz,7,12,58.33
Robert Duncan,7,12,58.33
Casey Jones,7,12,58.33
Cynthia Moore,14,24,58.33
Amanda Gonzales,7,12,58.33
Laurie Johnson,14,24,58.33
Elizabeth Stevens,7,12,58.33
Emily Ellis,7,12,58.33
Mary Myers,7,12,58.33
Kevin Jordan,7,12,58.33
Lauren Russell,7,12,58.33
Brandon Collins,7,12,58.33
Jennifer Clark,42,72,58.33
Cory Brown,7,12,58.33
Michelle Bennett,7,12,58.33
Megan Cooper,7,12,58.33
Erik Johnson,7,12,58.33
Kimberly Shaw,7,12,58.33
William Santos,7,12,58.33
Kyle Nelson,7,12,58.33
Tiffany Jackson,14,24,58.33
Kyle Walker,7,12,58.33
Kristin Brown,14,24,58.33
Jerry Lee,7,12,58.33
John Hudson,14,24,58.33
Anna Lewis,7,12,58.33
Lucas Smith,7,12,58.33
Katherine Roberts,7,12,58.33
Scott Gardner,7,12,58.33
Tracy Jackson,7,12,58.33
Joshua Stevens,7,12,58.33
Thomas Wallace,7,12,58.33
Karen Cook,7,12,58.33
Mark Kelley,7,12,58.33
Jennifer Jensen,7,12,58.33
Laura Spencer,7,12,58.33
Austin Taylor,7,12,58.33
Nicole Cole,7,12,58.33
Michael Malone,7,12,58.33
Robert Lawson,7,12,58.33
Nicole Perry,7,12,58.33
Kelly Morgan,7,12,58.33
Amanda Day,7,12,58.33
Michelle Oliver,7,12,58.33
Crystal Allen,7,12,58.33
Anthony Haynes,7,12,58.33
James Guerra,7,12,58.33
Jessica Chapman,7,12,58.33
Kim Rodriguez,7,12,58.33
Justin Rose,7,12,58.33
Jessica Price,14,24,58.33
Tina Ross,7,12,58.33
Nicole Hunter,7,12,58.33
Jennifer Fowler,7,12,58.33
James Barton,7,12,58.33
Sarah Russell,7,12,58.33
Laura Mcdonald,7,12,58.33
Jordan Hernandez,7,12,58.33
Eric Holland,7,12,58.33
Melissa Chavez,7,12,58.33
Crystal Mitchell,7,12,58.33
Susan Edwards,7,12,58.33
Renee Jones,7,12,58.33
Brenda Morgan,7,12,58.33
Tina Robinson,7,12,58.33
Michael Patterson,21,36,58.33
Brittany Allen,7,12,58.33
Brian Hall,14,24,58.33
Jeremy Scott,7,12,58.33
Craig Thomas,7,12,58.33
William Howard,14,24,58.33
Lance Smith,7,12,58.33
Amber Tran,7,12,58.33
Laura Price,7,12,58.33
Kevin Stephens,7,12,58.33
Jacob Scott,7,12,58.33
Alexander Martin,7,12,58.33
Justin Sanders,7,12,58.33
Angela Roberts,14,24,58.33
Kelsey Thomas,7,12,58.33
Jennifer Woods,14,24,58.33
Emma Johnson,7,12,58.33
Abigail Miller,7,12,58.33
Michelle Lawson,7,12,58.33
Melinda Brown,7,12,58.33
James Pacheco,7,12,58.33
Keith Cooper,7,12,58.33
Richard Hamilton,7,12,58.33
Justin Flores,7,12,58.33
Todd Lewis,7,12,58.33
Dana Thomas,7,12,58.33
Justin Collins,7,12,58.33
Karen Stevens,7,12,58.33
Natalie White,7,12,58.33
William Vargas,7,12,58.33
Paul Campbell,7,12,58.33
Michael Dennis,7,12,58.33
Michelle Stone,7,12,58.33
Carol Anderson,7,12,58.33
Thomas Owens,7,12,58.33
Jason Owens,7,12,58.33
Jason Evans,14,24,58.33
Richard Mason,7,12,58.33
Ashley Tucker,14,24,58.33
Elizabeth Gibson,7,12,58.33
Ashley Martin,28,48,58.33
Christopher Melton,7,12,58.33
Cathy Hernandez,7,12,58.33
Cindy Lee,7,12,58.33
Kenneth Morgan,7,12,58.33
John Newman,7,12,58.33
Tara Wilson,7,12,58.33
Shelby Williams,7,12,58.33
Jeffrey Burns,7,12,58.33
Brandon Patterson,7,12,58.33
Kathleen Russell,7,12,58.33
Jessica Morris,28,48,58.33
Tracey Johnson,7,12,58.33
Ashley Schneider,7,12,58.33
Mary Ortiz,7,12,58.33
Robert Rios,7,12,58.33
Sandra Ramirez,7,12,58.33
Lori Collins,7,12,58.33
Jamie Adams,7,12,58.33
John Zamora,7,12,58.33
Lauren Myers,7,12,58.33
Robin Martinez,7,12,58.33
Joshua Green,14,24,58.33
Mark Morales,7,12,58.33
Cheryl Green,7,12,58.33
Stephanie Peters,7,12,58.33
Matthew Ellis,7,12,58.33
Michael Bryan,7,12,58.33
Stephanie Weaver,7,12,58.33
Joseph Gonzales,7,12,58.33
Margaret Taylor,7,12,58.33
Autumn Smith,7,12,58.33
Heather Simon,7,12,58.33
Nathan Young,7,12,58.33
John Frank,7,12,58.33
Ryan Robertson,7,12,58.33
Thomas Moreno,7,12,58.33
Thomas Austin,7,12,58.33
Kimberly Morrison,7,12,58.33
Richard King,14,24,58.33
Kristi Smith,7,12,58.33
Christopher Dawson,7,12,58.33
William Harvey,7,12,58.33
James Mccarthy,7,12,58.33
Raymond Miller,14,24,58.33
Amanda Schultz,7,12,58.33
James Beck,7,12,58.33
Joseph Sanchez,21,36,58.33
Jessica Flores,7,12,58.33
Mary Parks,7,12,58.33
Jenna Brown,7,12,58.33
Michael Ibarra,7,12,58.33
Kevin Gray,7,12,58.33
Karen Burns,7,12,58.33
Sarah Freeman,7,12,58.33
James Maxwell,7,12,58.33
Elizabeth Mcdonald,7,12,58.33
Allison Davis,14,24,58.33
Charles Jimenez,7,12,58.33
Catherine Lopez,7,12,58.33
Kevin Patel,7,12,58.33
Janet Miller,7,12,58.33
David Chandler,7,12,58.33
Peter Jackson,7,12,58.33
Jessica Brown,74,127,58.27
Jennifer Wilson,60,103,58.25
Heather Davis,32,55,58.18
Jennifer Hill,32,55,58.18
Steven Hernandez,32,55,58.18
Christopher Carter,25,43,58.14
Richard Martin,25,43,58.14
Amanda Martin,25,43,58.14
Karen Davis,25,43,58.14
Emily Garcia,18,31,58.06
Lisa Collins,18,31,58.06
Jennifer Campbell,18,31,58.06
Richard Lopez,18,31,58.06
Michael Jordan,18,31,58.06
Jennifer Peterson,18,31,58.06
Joseph Baker,18,31,58.06
Joshua Mitchell,18,31,58.06
James Gutierrez,18,31,58.06
Charles Clark,18,31,58.06
David Sanders,18,31,58.06
William Hayes,18,31,58.06
Adam Miller,18,31,58.06
Cynthia Smith,47,81,58.02
Steven Williams,47,81,58.02
Sharon Smith,29,50,58.0
Andrea Johnson,29,50,58.0
Mary Jackson,29,50,58.0
Deborah Smith,29,50,58.0
James Perez,40,69,57.97
Susan Carter,11,19,57.89
David Mason,11,19,57.89
Christopher Munoz,11,19,57.89
Amber Edwards,11,19,57.89
Michael Sandoval,11,19,57.89
Henry Johnson,11,19,57.89
Donna Taylor,11,19,57.89
Jose Anderson,11,19,57.89
Tracy White,11,19,57.89
Matthew Watson,11,19,57.89
Michael Coleman,22,38,57.89
Jason Hansen,11,19,57.89
Laura Phillips,11,19,57.89
Angel Johnson,11,19,57.89
Tiffany White,11,19,57.89
Leah Smith,11,19,57.89
James Lawrence,11,19,57.89
Scott Adams,11,19,57.89
Adam Anderson,11,19,57.89
Mary Torres,11,19,57.89
Lisa Griffin,11,19,57.89
Brenda Lopez,11,19,57.89
Melissa Young,22,38,57.89
Tyler Smith,33,57,57.89
Joseph Rogers,11,19,57.89
Brian Long,11,19,57.89
Andrew Gray,11,19,57.89
Jesse Rodriguez,11,19,57.89
Brian Watson,11,19,57.89
Laura Campbell,11,19,57.89
Nicole Sanchez,11,19,57.89
Rachel Carter,11,19,57.89
Megan Brown,22,38,57.89
Jennifer Burke,11,19,57.89
William Salazar,11,19,57.89
Karen Ramirez,11,19,57.89
Daniel Graham,11,19,57.89
Matthew West,11,19,57.89
Melissa Bennett,11,19,57.89
Angela Torres,11,19,57.89
Kristin Williams,11,19,57.89
Elizabeth Parker,11,19,57.89
Anthony Gonzales,11,19,57.89
Michael Mitchell,44,76,57.89
Ashley Murphy,11,19,57.89
David Warren,11,19,57.89
Christina Green,11,19,57.89
Jeffrey Cox,11,19,57.89
Dennis Williams,11,19,57.89
David Chapman,11,19,57.89
John Nichols,11,19,57.89
Kimberly Cole,11,19,57.89
Christopher Snyder,11,19,57.89
Richard Henderson,11,19,57.89
Angela Campbell,11,19,57.89
Jacqueline Miller,11,19,57.89
Amy Henderson,11,19,57.89
Dawn Martinez,11,19,57.89
Stephen Taylor,11,19,57.89
Amy Diaz,11,19,57.89
Stephanie Cooper,11,19,57.89
Kristen Smith,22,38,57.89
Linda Gonzalez,11,19,57.89
Bradley Hernandez,11,19,57.89
Steven White,22,38,57.89
John Burton,11,19,57.89
Jennifer Andrews,11,19,57.89
Christopher Washington,11,19,57.89
Andrew Morris,11,19,57.89
Kathleen Robinson,11,19,57.89
Melissa Stewart,11,19,57.89
Zachary Williams,26,45,57.78
Brian Brown,56,97,57.73
Michael Bell,30,52,57.69
Jennifer Hicks,15,26,57.69
John Tucker,15,26,57.69
Daniel Thomas,30,52,57.69
Brandon Anderson,15,26,57.69
Shannon Moore,15,26,57.69
Michael Rose,15,26,57.69
Robert Henderson,15,26,57.69
Kyle Rodriguez,15,26,57.69
Scott Sanchez,15,26,57.69
Patricia Gonzalez,15,26,57.69
Michael Schmidt,15,26,57.69
Ashley Hernandez,30,52,57.69
Eric Perez,15,26,57.69
Cassandra Smith,15,26,57.69
Renee Smith,15,26,57.69
Anthony Nelson,15,26,57.69
Melissa Adams,15,26,57.69
Angela King,15,26,57.69
Rebecca Hill,15,26,57.69
Kelly Allen,15,26,57.69
Joseph Simmons,15,26,57.69
Michael Webb,15,26,57.69
Jason Perez,15,26,57.69
Tiffany Lee,15,26,57.69
David Porter,15,26,57.69
Jose Brown,15,26,57.69
Kelly Thompson,19,33,57.58
Robert Kim,19,33,57.58
Rachel Rodriguez,19,33,57.58
Matthew Rivera,19,33,57.58
Patrick Miller,19,33,57.58
James Howard,19,33,57.58
John Simmons,19,33,57.58
Mary Robinson,19,33,57.58
Frank Smith,19,33,57.58
Nicole Jackson,19,33,57.58
Rhonda Smith,19,33,57.58
Bryan Jones,19,33,57.58
Amanda Allen,23,40,57.5
Jonathan Taylor,23,40,57.5
Jennifer Rogers,23,40,57.5
Andrea Brown,23,40,57.5
Stephanie Hernandez,23,40,57.5
Jennifer Collins,23,40,57.5
Jeffrey Harris,23,40,57.5
Amy Taylor,23,40,57.5
Robert Sanchez,31,54,57.41
Donna Johnson,35,61,57.38
Kenneth Johnson,39,68,57.35
Michael Walton,8,14,57.14
Anthony Payne,8,14,57.14
Renee Davis,8,14,57.14
Ashley Robertson,8,14,57.14
Christina Gonzalez,12,21,57.14
Mark James,12,21,57.14
John Fisher,16,28,57.14
Brittany Reed,8,14,57.14
Barbara Taylor,8,14,57.14
William Garza,8,14,57.14
John Hughes,20,35,57.14
Lisa Hudson,8,14,57.14
Tammy Morris,8,14,57.14
Amber Brown,20,35,57.14
Daniel Ortiz,8,14,57.14
Michael Ochoa,8,14,57.14
Steven Gray,8,14,57.14
William Morales,8,14,57.14
Melissa Watson,8,14,57.14
Jeffrey Robertson,8,14,57.14
Robert Aguilar,8,14,57.14
David Salazar,8,14,57.14
Monica Thompson,8,14,57.14
Jessica Henry,8,14,57.14
Susan Ramirez,8,14,57.14
Ronald Hall,8,14,57.14
John Gill,8,14,57.14
James Swanson,8,14,57.14
Heather Peterson,8,14,57.14
Christopher Nichols,8,14,57.14
Erin Parker,8,14,57.14
Mario Williams,8,14,57.14
Barbara Rodriguez,8,14,57.14
Brian Gibson,8,14,57.14
Mark Peterson,8,14,57.14
Kimberly Long,8,14,57.14
Michael King,48,84,57.14
Rebecca Ramirez,8,14,57.14
Christopher Glover,8,14,57.14
Sarah Peterson,12,21,57.14
Sandra Jackson,12,21,57.14
Patricia Diaz,8,14,57.14
Michael Padilla,8,14,57.14
Daniel Myers,12,21,57.14
Cynthia Scott,8,14,57.14
Michael Owen,8,14,57.14
Richard Walker,16,28,57.14
Veronica Jones,8,14,57.14
Rebecca Baker,12,21,57.14
Ashley Mills,8,14,57.14
Dawn Thompson,8,14,57.14
Jeffrey Meyer,8,14,57.14
Amanda Owens,8,14,57.14
Derrick Moore,8,14,57.14
Steven Cook,8,14,57.14
Nancy Taylor,8,14,57.14
Mary Parker,16,28,57.14
Laura Sullivan,8,14,57.14
Amanda Ramos,8,14,57.14
Jonathan Henry,8,14,57.14
Michael Barber,8,14,57.14
John Ramsey,8,14,57.14
Jennifer Mendez,8,14,57.14
Lisa Burns,8,14,57.14
Catherine Rodriguez,12,21,57.14
Gregory Campbell,8,14,57.14
Heather Hill,8,14,57.14
Jacob Taylor,12,21,57.14
Alexis Hernandez,8,14,57.14
Christopher Mason,12,21,57.14
Karen Ortiz,8,14,57.14
Chad Brown,12,21,57.14
Jason May,8,14,57.14
Jerry Johnson,20,35,57.14
Kyle Moore,8,14,57.14
Chad Anderson,8,14,57.14
James Rose,12,21,57.14
Andre Johnson,8,14,57.14
Lori Evans,8,14,57.14
John Fernandez,12,21,57.14
Steven Watson,8,14,57.14
Michael Brady,8,14,57.14
Joseph Hart,8,14,57.14
Mary Arnold,8,14,57.14
Jennifer Lowe,8,14,57.14
Kimberly Hughes,8,14,57.14
Maria Allen,8,14,57.14
Denise Jackson,8,14,57.14
John Rojas,8,14,57.14
Stephanie Martin,20,35,57.14
Ryan Cook,8,14,57.14
Andrew Ross,8,14,57.14
Adam White,12,21,57.14
Joshua Cruz,8,14,57.14
Melissa Bailey,8,14,57.14
Robert Dean,8,14,57.14
Rachel Cooper,8,14,57.14
Linda Hill,8,14,57.14
Charles Parker,8,14,57.14
Brianna Williams,12,21,57.14
Sean Allen,8,14,57.14
Desiree Smith,8,14,57.14
Tonya Johnson,12,21,57.14
Jason Ferguson,8,14,57.14
Brittany Clark,8,14,57.14
Ashley Morales,12,21,57.14
Lisa Gardner,8,14,57.14
Samantha Thomas,12,21,57.14
Michelle Alexander,8,14,57.14
Jessica Woods,8,14,57.14
Mary Richards,8,14,57.14
Lauren Lewis,12,21,57.14
Ronald White,12,21,57.14
Martin Johnson,8,14,57.14
Terry Brown,8,14,57.14
Russell Brown,8,14,57.14
Amber Evans,8,14,57.14
Joshua Carter,16,28,57.14
Brian Gomez,12,21,57.14
Benjamin Robinson,12,21,57.14
Donald Lopez,12,21,57.14
Jonathan Sanchez,8,14,57.14
Daniel Ross,8,14,57.14
Melissa King,12,21,57.14
Eric Gray,8,14,57.14
Heather Ward,8,14,57.14
Linda Wilson,16,28,57.14
Amy Morris,12,21,57.14
Eric White,16,28,57.14
Melissa Hayes,8,14,57.14
Jennifer Rios,8,14,57.14
Michael Vargas,12,21,57.14
Amy Jenkins,8,14,57.14
Jacob Hernandez,12,21,57.14
Wendy Campbell,8,14,57.14
James Lawson,12,21,57.14
Richard Collins,8,14,57.14
Sarah Holmes,8,14,57.14
Richard Martinez,28,49,57.14
John Bass,8,14,57.14
Laura Ramos,8,14,57.14
Amanda Graham,8,14,57.14
Jessica Gonzalez,24,42,57.14
Brandon Hill,12,21,57.14
Christopher Klein,8,14,57.14
Sarah Morales,8,14,57.14
Laura Parker,8,14,57.14
Scott Reyes,8,14,57.14
Madison Brown,8,14,57.14
Michael Reese,8,14,57.14
Steven Castillo,8,14,57.14
Rachel Peterson,8,14,57.14
Allison Martinez,8,14,57.14
Jeffrey Lopez,20,35,57.14
Angela Griffin,8,14,57.14
Andrew Mccoy,8,14,57.14
Courtney Allen,8,14,57.14
Denise Smith,28,49,57.14
David Castro,16,28,57.14
Thomas Edwards,12,21,57.14
James Soto,8,14,57.14
Jessica Schmidt,8,14,57.14
Joseph Nichols,8,14,57.14
David Pratt,8,14,57.14
John Woods,12,21,57.14
Jessica Graham,12,21,57.14
Cody Anderson,8,14,57.14
Kayla Nelson,8,14,57.14
David Ortiz,20,35,57.14
Aaron Clark,8,14,57.14
Jennifer Shelton,8,14,57.14
Heather Nguyen,8,14,57.14
Jessica Wagner,8,14,57.14
Nicole Davis,32,56,57.14
Andrea Campbell,8,14,57.14
Tracy Miller,12,21,57.14
David Guzman,8,14,57.14
Kristin Thomas,8,14,57.14
Taylor Jones,16,28,57.14
Jennifer Roman,8,14,57.14
James Weaver,12,21,57.14
Kimberly Adams,16,28,57.14
Daniel Morris,12,21,57.14
Cynthia Jackson,8,14,57.14
Kyle Garcia,12,21,57.14
Kim Davis,8,14,57.14
Pamela Hall,8,14,57.14
Peter Phillips,8,14,57.14
Megan Roberts,8,14,57.14
Patrick Lopez,12,21,57.14
Ryan Hernandez,16,28,57.14
Christina Coleman,8,14,57.14
Michael Marquez,12,21,57.14
Barbara Perez,8,14,57.14
Darren Smith,12,21,57.14
Cindy Johnson,16,28,57.14
Heather Gonzalez,16,28,57.14
Derek Rodriguez,8,14,57.14
Robert Campos,12,21,57.14
Teresa Garcia,8,14,57.14
Anthony Scott,12,21,57.14
Donald Gonzalez,8,14,57.14
John Thomas,48,84,57.14
Melanie Williams,8,14,57.14
James Banks,12,21,57.14
Leah Johnson,8,14,57.14
Jennifer Matthews,8,14,57.14
David Walker,44,77,57.14
Alexander Lee,8,14,57.14
Amanda Gilbert,8,14,57.14
Brett Taylor,8,14,57.14
Robert Quinn,8,14,57.14
Andrea Cruz,8,14,57.14
David Evans,24,42,57.14
Jennifer Hughes,20,35,57.14
Aaron Perez,8,14,57.14
Brian Phillips,12,21,57.14
Jessica Martinez,28,49,57.14
Jesse Hernandez,8,14,57.14
Christopher Robles,8,14,57.14
Brandon Cooper,8,14,57.14
Ashley Butler,8,14,57.14
Daniel Bryant,8,14,57.14
Michael Johnston,20,35,57.14
James Montgomery,8,14,57.14
John Bishop,8,14,57.14
Paul Gonzalez,12,21,57.14
Joshua Sullivan,12,21,57.14
Nancy Young,8,14,57.14
Lisa Perkins,8,14,57.14
Daniel Gomez,12,21,57.14
Robin Martin,8,14,57.14
Jesse Garcia,8,14,57.14
Thomas Baker,16,28,57.14
Jordan Roberts,8,14,57.14
Lisa Edwards,12,21,57.14
Russell Johnson,12,21,57.14
Eric Griffin,8,14,57.14
Angela Wilson,20,35,57.14
John Garrett,8,14,57.14
Michael Lyons,8,14,57.14
Ricky Johnson,8,14,57.14
Megan Lee,20,35,57.14
Traci Johnson,8,14,57.14
Matthew Vargas,8,14,57.14
Rebecca Harris,16,28,57.14
Amanda Mendoza,8,14,57.14
John Wells,12,21,57.14
Jason Torres,12,21,57.14
Richard Scott,8,14,57.14
Elizabeth Long,8,14,57.14
Michael Oconnor,8,14,57.14
Jeffrey Gonzalez,16,28,57.14
Anna Taylor,8,14,57.14
Michael Allen,57,100,57.0
Michelle Martinez,29,51,56.86
Benjamin Jones,21,37,56.76
Thomas Lopez,21,37,56.76
Amy Clark,21,37,56.76
Dawn Brown,21,37,56.76
Megan Davis,17,30,56.67
Aaron Miller,17,30,56.67
Janet Smith,17,30,56.67
John Green,34,60,56.67
Nicholas Rodriguez,17,30,56.67
Crystal Garcia,17,30,56.67
Peter Smith,17,30,56.67
Jessica Turner,17,30,56.67
Teresa Smith,34,60,56.67
Michelle Sanchez,17,30,56.67
Steven Green,17,30,56.67
Emily Moore,17,30,56.67
Christopher Campbell,30,53,56.6
Nicole Young,13,23,56.52
Timothy Campbell,13,23,56.52
Robert Rose,13,23,56.52
Abigail Smith,13,23,56.52
Jennifer Tucker,13,23,56.52
Jennifer Wells,13,23,56.52
Zachary Anderson,13,23,56.52
Robert Wagner,13,23,56.52
Nicole Scott,13,23,56.52
Victoria Taylor,13,23,56.52
Robert Ferguson,13,23,56.52
Nicholas Campbell,13,23,56.52
Jack Smith,13,23,56.52
Austin Jones,13,23,56.52
Jeffrey Baker,13,23,56.52
Brandi Johnson,13,23,56.52
Nicholas White,13,23,56.52
Patrick Hall,13,23,56.52
Jennifer Graham,13,23,56.52
Steven Parker,13,23,56.52
David Griffin,13,23,56.52
Jose Smith,26,46,56.52
Benjamin Anderson,13,23,56.52
Courtney Garcia,13,23,56.52
Melissa Morgan,13,23,56.52
Stephanie Rogers,13,23,56.52
Nicole Walker,13,23,56.52
Matthew Powell,13,23,56.52
Brittany Thompson,13,23,56.52
Jose Hernandez,13,23,56.52
Michael Simpson,13,23,56.52
Andrea Anderson,13,23,56.52
Jamie Williams,22,39,56.41
Daniel Ramirez,22,39,56.41
Richard Clark,22,39,56.41
Sarah Garcia,31,55,56.36
Joshua Cooper,9,16,56.25
Michael Wiley,9,16,56.25
Richard Russell,9,16,56.25
Melissa Richardson,9,16,56.25
William Wagner,9,16,56.25
Christopher Lane,9,16,56.25
Steven Baker,18,32,56.25
William Roberts,18,32,56.25
Roger Johnson,9,16,56.25
John Powell,18,32,56.25
Andrea Clark,9,16,56.25
Andrea Hall,9,16,56.25
Michelle Long,9,16,56.25
Margaret Miller,9,16,56.25
Christopher Mccarthy,9,16,56.25
Jennifer Sims,9,16,56.25
Brett Smith,9,16,56.25
Lisa Dixon,9,16,56.25
Katelyn Smith,9,16,56.25
Jennifer Diaz,18,32,56.25
Deborah Young,9,16,56.25
Thomas Myers,9,16,56.25
Taylor White,9,16,56.25
Andrew Price,9,16,56.25
Megan White,9,16,56.25
Thomas Roberts,18,32,56.25
Courtney Williams,18,32,56.25
Kimberly Simpson,9,16,56.25
Mary Cook,9,16,56.25
Danielle White,9,16,56.25
Brenda Perez,9,16,56.25
James Parks,9,16,56.25
Gregory Allen,9,16,56.25
Mary Gutierrez,9,16,56.25
Laurie Miller,9,16,56.25
Debra Wilson,9,16,56.25
Jeffrey Fisher,9,16,56.25
Robert Jacobs,9,16,56.25
Chad Thomas,9,16,56.25
Samantha Wright,9,16,56.25
Michael Leonard,9,16,56.25
John Mccoy,9,16,56.25
John Haynes,9,16,56.25
Nicole Hayes,9,16,56.25
Leslie Lee,9,16,56.25
Rachel Hill,9,16,56.25
Mary Watkins,9,16,56.25
Zachary Garcia,9,16,56.25
Stephanie Cox,9,16,56.25
Nicole Phillips,9,16,56.25
Marie Smith,9,16,56.25
Chelsea Rodriguez,9,16,56.25
Courtney Jackson,9,16,56.25
Kendra Smith,9,16,56.25
Monique Smith,9,16,56.25
Diane Davis,9,16,56.25
John Knight,9,16,56.25
Dawn Perez,9,16,56.25
Sara Lewis,9,16,56.25
Pamela White,9,16,56.25
Patrick Nelson,9,16,56.25
Jesse Martinez,9,16,56.25
Angela Edwards,9,16,56.25
William Hudson,9,16,56.25
Richard Wood,9,16,56.25
Anthony Vega,9,16,56.25
Jason Stewart,9,16,56.25
Joshua Cox,9,16,56.25
Lauren Parker,9,16,56.25
David Espinoza,9,16,56.25
Allison Miller,9,16,56.25
Douglas Mitchell,9,16,56.25
Dustin Wilson,9,16,56.25
Robert Santiago,9,16,56.25
Lauren Gonzalez,9,16,56.25
Abigail Jones,9,16,56.25
Michael Ayala,9,16,56.25
William Wood,9,16,56.25
Jason Mendoza,9,16,56.25
Melissa Cook,9,16,56.25
Susan Ellis,9,16,56.25
Jamie Allen,9,16,56.25
Michael Buck,9,16,56.25
Daniel Hawkins,9,16,56.25
Erin Martinez,9,16,56.25
Michael Wall,9,16,56.25
Robert Oliver,9,16,56.25
Brenda Clark,9,16,56.25
Jennifer Haynes,9,16,56.25
Melinda Miller,9,16,56.25
Nicholas King,9,16,56.25
Robert Hicks,9,16,56.25
James Daniels,9,16,56.25
Shane Davis,9,16,56.25
Steve Johnson,9,16,56.25
Kevin Ramirez,18,32,56.25
Sheila Miller,9,16,56.25
Jennifer Boyd,9,16,56.25
Samantha Lewis,9,16,56.25
Amanda Reyes,9,16,56.25
Amanda Ross,9,16,56.25
Joshua Webb,9,16,56.25
Sarah Cook,9,16,56.25
Kimberly Mills,9,16,56.25
Teresa Moore,9,16,56.25
Donna White,9,16,56.25
Nicole Evans,9,16,56.25
Samantha Turner,9,16,56.25
Richard Stevens,9,16,56.25
Eric Murphy,9,16,56.25
Sarah Brooks,9,16,56.25
Kimberly Perez,18,32,56.25
Teresa Lopez,9,16,56.25
Joseph Thomas,27,48,56.25
Thomas Kelly,9,16,56.25
James Francis,9,16,56.25
Kristina Jones,9,16,56.25
William Watkins,9,16,56.25
Jessica Freeman,9,16,56.25
Michael Delgado,9,16,56.25
John Romero,9,16,56.25
Daniel Griffin,9,16,56.25
James Armstrong,9,16,56.25
Kathryn Anderson,9,16,56.25
Vanessa Harris,9,16,56.25
Robert Gonzales,18,32,56.25
Thomas Cox,9,16,56.25
Christopher Cox,18,32,56.25
Steven Diaz,9,16,56.25
Shelly Smith,9,16,56.25
Samuel Moore,9,16,56.25
Dana Martinez,9,16,56.25
Shawn Davis,9,16,56.25
Jeremy Nelson,9,16,56.25
Tyler Anderson,9,16,56.25
Mary Wilson,23,41,56.1
Amy Hall,23,41,56.1
Matthew Lewis,23,41,56.1
Christopher Rogers,23,41,56.1
Robert Rivera,23,41,56.1
Alicia Smith,23,41,56.1
Amy Jones,37,66,56.06
Robert Castro,14,25,56.0
Mary Anderson,28,50,56.0
Curtis Smith,14,25,56.0
David Ford,14,25,56.0
Joseph Stewart,14,25,56.0
Nicole Lewis,14,25,56.0
John Ford,14,25,56.0
Kimberly Mitchell,14,25,56.0
David Gray,14,25,56.0
Amanda Campbell,14,25,56.0
Tiffany Thomas,14,25,56.0
Matthew Edwards,14,25,56.0
Patricia Lee,14,25,56.0
Leah Jones,14,25,56.0
William Perry,14,25,56.0
Ashley Walker,14,25,56.0
Elizabeth Peterson,14,25,56.0
Laura Walker,14,25,56.0
Ryan Campbell,14,25,56.0
Daniel Brooks,14,25,56.0
Jamie Hernandez,14,25,56.0
Jennifer Gardner,14,25,56.0
Andrea Davis,14,25,56.0
Mark Roberts,14,25,56.0
Robert Butler,14,25,56.0
Mary Diaz,14,25,56.0
Sarah Carter,14,25,56.0
Laura Hall,14,25,56.0
Jennifer Henry,14,25,56.0
Matthew Martin,42,75,56.0
Charles Miller,33,59,55.93
Robert Lewis,38,68,55.88
Charles Wright,19,34,55.88
David Watson,19,34,55.88
Joshua King,19,34,55.88
John Ortiz,19,34,55.88
John Sullivan,19,34,55.88
Michael Woods,19,34,55.88
Robert Long,19,34,55.88
Ashley Lewis,19,34,55.88
Jessica Adams,19,34,55.88
Stephen Johnson,29,52,55.77
Jessica Young,29,52,55.77
Robert Ramirez,29,52,55.77
Russell Thomas,5,9,55.56
Tyler Phillips,5,9,55.56
Sandra Ortiz,5,9,55.56
Michael Bentley,5,9,55.56
Robert Fields,5,9,55.56
Willie Brown,5,9,55.56
Allison White,5,9,55.56
Sherry Rodriguez,5,9,55.56
Joshua Knight,5,9,55.56
Sean Bailey,5,9,55.56
Nicholas Stevens,5,9,55.56
William Bishop,5,9,55.56
Karen Bailey,5,9,55.56
Danielle Schmidt,5,9,55.56
Maria Price,5,9,55.56
Thomas Harper,5,9,55.56
Jeremy King,5,9,55.56
Joshua Macdonald,5,9,55.56
Heather Armstrong,5,9,55.56
Michael Livingston,5,9,55.56
Elizabeth Reynolds,5,9,55.56
Cynthia Morris,5,9,55.56
Michael Crosby,5,9,55.56
Nicholas Russell,5,9,55.56
Todd Turner,5,9,55.56
Mary Gilbert,5,9,55.56
Michele Clark,5,9,55.56
Matthew Mann,5,9,55.56
Taylor Wilson,10,18,55.56
Melissa Williamson,5,9,55.56
Natasha Martinez,5,9,55.56
Jenny Jones,5,9,55.56
Jessica Salazar,5,9,55.56
Alicia Williams,10,18,55.56
John Hamilton,10,18,55.56
Ryan Reid,5,9,55.56
Corey Martin,5,9,55.56
Joshua Kelley,5,9,55.56
Jasmine Lopez,5,9,55.56
David Clay,5,9,55.56
Eric Barnes,5,9,55.56
Janet Murphy,5,9,55.56
Nicholas Vargas,5,9,55.56
Eugene Brown,5,9,55.56
Donna Kim,5,9,55.56
Tracy Morris,5,9,55.56
Mark Hansen,5,9,55.56
Phillip Evans,5,9,55.56
Derrick Garcia,5,9,55.56
Melissa Jensen,5,9,55.56
Felicia Jones,5,9,55.56
Frank Thomas,5,9,55.56
Jonathan Powell,5,9,55.56
Tiffany Edwards,5,9,55.56
Kimberly Sandoval,5,9,55.56
Mark Clark,20,36,55.56
Angela Johnston,5,9,55.56
Elizabeth Ruiz,5,9,55.56
Jessica Dominguez,5,9,55.56
Morgan Walker,5,9,55.56
Gabriel Davis,10,18,55.56
John Bonilla,5,9,55.56
Charles Wilcox,5,9,55.56
William Bowers,5,9,55.56
Joshua Webster,5,9,55.56
David Cuevas,5,9,55.56
Amanda Luna,5,9,55.56
Scott Morgan,5,9,55.56
Karen Dawson,5,9,55.56
Lisa Patterson,10,18,55.56
Joshua Mills,5,9,55.56
Michael Frost,5,9,55.56
Jacob Frazier,5,9,55.56
Bonnie Taylor,5,9,55.56
Stephen Boyd,5,9,55.56
Richard Murphy,10,18,55.56
Jennifer Vega,5,9,55.56
Craig Nguyen,5,9,55.56
Kimberly Crawford,5,9,55.56
Sherry Miller,5,9,55.56
Jessica Griffith,5,9,55.56
James Terry,5,9,55.56
Courtney Barnes,5,9,55.56
Chad Robinson,5,9,55.56
Rebecca Weaver,5,9,55.56
John Griffith,5,9,55.56
Peter Sanders,5,9,55.56
Daniel York,5,9,55.56
Julie Stevens,5,9,55.56
Barbara Martinez,10,18,55.56
William Fields,5,9,55.56
Thomas West,5,9,55.56
Katelyn Thomas,5,9,55.56
Kevin Reid,5,9,55.56
Kenneth Sullivan,5,9,55.56
Andrew Brooks,10,18,55.56
James Rowe,5,9,55.56
Emily Bryant,5,9,55.56
Kevin Hart,5,9,55.56
Tiffany Harrison,5,9,55.56
Mark Stanley,5,9,55.56
Andrea Dixon,5,9,55.56
Douglas Torres,5,9,55.56
Michele White,5,9,55.56
Shannon Campbell,5,9,55.56
Theresa Anderson,5,9,55.56
Dawn Williams,15,27,55.56
David Logan,5,9,55.56
Lori Allen,5,9,55.56
Nicholas Mills,5,9,55.56
Christopher Leblanc,5,9,55.56
Jeffery Wilson,5,9,55.56
Jennifer Hines,5,9,55.56
Richard Grant,5,9,55.56
Justin Berry,5,9,55.56
Monica Taylor,10,18,55.56
Stephanie Payne,5,9,55.56
John Hawkins,10,18,55.56
Jose Foster,5,9,55.56
Brian Reed,10,18,55.56
Tina Chavez,5,9,55.56
Daniel Owens,5,9,55.56
Andrew Hansen,5,9,55.56
Christopher Small,5,9,55.56
Anthony Obrien,5,9,55.56
Michael Sutton,5,9,55.56
Michael Hopkins,5,9,55.56
David Solomon,5,9,55.56
Dawn James,5,9,55.56
Erin Wright,5,9,55.56
Katherine Hunter,5,9,55.56
Jeffrey Herrera,5,9,55.56
Lisa Cohen,5,9,55.56
Joseph Welch,5,9,55.56
Katrina Thomas,5,9,55.56
Ryan Cooper,10,18,55.56
Cheryl Lopez,5,9,55.56
Justin Gibson,5,9,55.56
Kyle Cox,5,9,55.56
Angela Fowler,5,9,55.56
Aaron Jenkins,5,9,55.56
Christina Foster,5,9,55.56
Cynthia Sanchez,10,18,55.56
Linda Carter,5,9,55.56
Luis Hernandez,5,9,55.56
Anne Williams,5,9,55.56
Eric Warren,5,9,55.56
David Wyatt,5,9,55.56
Randall Scott,5,9,55.56
Brian Becker,5,9,55.56
Stephanie Riley,5,9,55.56
Paul Ellis,5,9,55.56
Dawn Sanchez,5,9,55.56
Anthony Bush,5,9,55.56
Jacqueline Russell,5,9,55.56
Richard Nunez,5,9,55.56
Thomas Black,5,9,55.56
Jeffrey Medina,5,9,55.56
David Gallegos,5,9,55.56
Mary Elliott,5,9,55.56
Jeff Jones,5,9,55.56
Deborah Robinson,5,9,55.56
Robert Duran,5,9,55.56
Brent King,5,9,55.56
Shannon Myers,5,9,55.56
Robert Mejia,5,9,55.56
Stephen Fernandez,5,9,55.56
Rachel Kennedy,5,9,55.56
Adam Reyes,5,9,55.56
Amy Chen,5,9,55.56
Eric Graham,5,9,55.56
Andrew Zimmerman,5,9,55.56
Daniel Daniels,5,9,55.56
Michael Watts,10,18,55.56
Zachary Lee,10,18,55.56
Sheila Rodriguez,5,9,55.56
John Cobb,5,9,55.56
Emily Elliott,5,9,55.56
Trevor Miller,5,9,55.56
Amanda Knight,5,9,55.56
Maria Armstrong,5,9,55.56
Tyler Clark,10,18,55.56
Amber Washington,5,9,55.56
Jacob Morales,5,9,55.56
Mary Adkins,5,9,55.56
Amber Morris,5,9,55.56
Amanda Sandoval,5,9,55.56
Craig Nelson,5,9,55.56
Robert Cobb,5,9,55.56
Jennifer Mueller,5,9,55.56
Michael Oneill,5,9,55.56
Kelly Hodges,5,9,55.56
Dawn Lewis,5,9,55.56
Anne King,5,9,55.56
Tracey Ramirez,5,9,55.56
Patrick Vasquez,5,9,55.56
Joseph Price,10,18,55.56
Joe Davis,5,9,55.56
Marc Johnson,10,18,55.56
Phillip Nelson,5,9,55.56
Sarah Sharp,5,9,55.56
Heidi Martinez,5,9,55.56
Marcus Jackson,5,9,55.56
Wendy Harris,5,9,55.56
Jonathan Wallace,5,9,55.56
Blake Garcia,5,9,55.56
Jason Walker,20,36,55.56
Crystal Torres,5,9,55.56
Jennifer Mccullough,5,9,55.56
Jessica Dean,5,9,55.56
Edward Evans,5,9,55.56
Sherry Brown,10,18,55.56
Mary Barnett,5,9,55.56
Timothy Riley,5,9,55.56
Jeffrey Oconnor,5,9,55.56
Joshua Stone,5,9,55.56
Wesley Davis,5,9,55.56
Jason Morales,5,9,55.56
Justin Garza,5,9,55.56
Karen Graham,5,9,55.56
Ashley Perez,20,36,55.56
Michael Pittman,5,9,55.56
Steven Powers,5,9,55.56
Christopher Morrison,5,9,55.56
Cynthia Bates,5,9,55.56
Travis Walker,5,9,55.56
Ashley Soto,5,9,55.56
Ashley Garrett,5,9,55.56
Brenda Peterson,5,9,55.56
Joshua Hoffman,5,9,55.56
Nicole Graham,10,18,55.56
Tiffany Greene,5,9,55.56
Andrew Gutierrez,5,9,55.56
Kevin Banks,5,9,55.56
James Walton,5,9,55.56
Matthew Grant,5,9,55.56
Melissa Hicks,5,9,55.56
David Macias,5,9,55.56
John Vega,5,9,55.56
Donna Thompson,10,18,55.56
Kristen Robinson,5,9,55.56
Barbara Hall,5,9,55.56
Joseph Gilbert,5,9,55.56
William Li,5,9,55.56
Randy Taylor,5,9,55.56
Mark Henry,5,9,55.56
Manuel Jones,5,9,55.56
Jason West,5,9,55.56
Michael Duffy,5,9,55.56
Tammy Peterson,5,9,55.56
Brian Austin,5,9,55.56
Stacey Miller,5,9,55.56
Samantha Taylor,10,18,55.56
David Cisneros,5,9,55.56
Christina Sullivan,5,9,55.56
Tyler Torres,5,9,55.56
Chad Hall,5,9,55.56
Jerry Anderson,5,9,55.56
Kelly Reynolds,5,9,55.56
Ryan Fox,5,9,55.56
Amanda Walsh,5,9,55.56
Dawn Cruz,5,9,55.56
Jordan Cook,5,9,55.56
Scott Wood,5,9,55.56
Michelle Armstrong,5,9,55.56
Matthew Hammond,5,9,55.56
Margaret Baker,5,9,55.56
Andrew Boone,5,9,55.56
Kimberly Hanson,5,9,55.56
Holly Sanchez,5,9,55.56
Daniel Hale,5,9,55.56
Brittany Curtis,5,9,55.56
David Short,5,9,55.56
Dawn Nelson,5,9,55.56
Emily Jordan,5,9,55.56
Douglas Lopez,10,18,55.56
Jennifer Stokes,5,9,55.56
Lorraine Smith,5,9,55.56
Yvonne Williams,5,9,55.56
Steven Cortez,5,9,55.56
Jessica Sutton,5,9,55.56
Timothy Swanson,5,9,55.56
Karen Hudson,5,9,55.56
Eric Franklin,5,9,55.56
Wendy Turner,5,9,55.56
Ashley Harper,5,9,55.56
Rhonda White,5,9,55.56
Jeremy Bennett,5,9,55.56
Leah Brown,5,9,55.56
Patricia Walker,10,18,55.56
Rachel Tucker,5,9,55.56
Amanda Reed,10,18,55.56
Amanda Salazar,5,9,55.56
Shane Flores,5,9,55.56
Alexander Barnes,5,9,55.56
Brittany Kelly,5,9,55.56
Nicole Ward,5,9,55.56
Larry King,5,9,55.56
Gregory Morales,5,9,55.56
Melissa Evans,15,27,55.56
Elizabeth Moss,5,9,55.56
Andrew Duncan,5,9,55.56
Joseph Fowler,5,9,55.56
John Meyers,5,9,55.56
Haley Martinez,5,9,55.56
Sarah Dunn,5,9,55.56
Joseph Hodges,5,9,55.56
Kayla Scott,5,9,55.56
Kelly Woods,5,9,55.56
Lori Cook,5,9,55.56
Emily Barnes,5,9,55.56
Richard Herrera,5,9,55.56
Nicole Watson,5,9,55.56
Benjamin Sanders,5,9,55.56
Alan Jackson,5,9,55.56
Megan Murray,5,9,55.56
Kimberly Wong,5,9,55.56
Shannon James,5,9,55.56
James Mcbride,5,9,55.56
Adam Dixon,5,9,55.56
Jeffrey Thomas,25,45,55.56
Gary Garcia,10,18,55.56
Steven Park,5,9,55.56
Jordan Lewis,10,18,55.56
Michelle Wade,5,9,55.56
Sara Myers,5,9,55.56
Michelle Powell,5,9,55.56
Megan Hawkins,5,9,55.56
Maria Perez,10,18,55.56
Megan Stewart,5,9,55.56
Melissa Jimenez,5,9,55.56
Christina Cole,5,9,55.56
Tammy Rogers,5,9,55.56
Samuel Lewis,5,9,55.56
Monica Phillips,5,9,55.56
Randall Brown,5,9,55.56
Charles Watts,5,9,55.56
Kathleen Wilson,10,18,55.56
Joseph Lynch,5,9,55.56
James Acosta,5,9,55.56
Kimberly George,5,9,55.56
Mary Castro,5,9,55.56
Stephen Davis,15,27,55.56
Rebecca Peterson,5,9,55.56
Stephanie May,5,9,55.56
Logan Hernandez,5,9,55.56
Robert Hardy,5,9,55.56
Sharon Rogers,5,9,55.56
Virginia Jones,5,9,55.56
Charles Hall,15,27,55.56
Mary Holloway,5,9,55.56
Kevin Hunt,5,9,55.56
Jose Henderson,5,9,55.56
Robert Baldwin,5,9,55.56
Sandra Kelly,5,9,55.56
Michael Hayden,5,9,55.56
Joseph Fernandez,5,9,55.56
Anthony Willis,5,9,55.56
Kyle Campbell,5,9,55.56
Patricia Morgan,5,9,55.56
James Gallegos,5,9,55.56
Anna Harper,5,9,55.56
Kyle Patterson,5,9,55.56
William Thornton,5,9,55.56
Andrew Wong,5,9,55.56
Larry Jenkins,5,9,55.56
Antonio Lee,5,9,55.56
Sean Scott,5,9,55.56
Eric Cole,5,9,55.56
Samantha Diaz,5,9,55.56
Andrew Daniels,5,9,55.56
Phillip Flores,5,9,55.56
Donna Ortiz,5,9,55.56
Veronica Cooper,5,9,55.56
Alyssa Thomas,5,9,55.56
Sarah Cummings,5,9,55.56
Bethany Johnson,5,9,55.56
Mary Mendez,5,9,55.56
Lisa Day,5,9,55.56
Jeremy Torres,5,9,55.56
Angela Davidson,5,9,55.56
Daniel West,10,18,55.56
Maria Richardson,5,9,55.56
Diana Russell,5,9,55.56
Shelby Rodriguez,5,9,55.56
Diane Wright,5,9,55.56
Rachel King,10,18,55.56
Vincent Miller,5,9,55.56
Jordan Jackson,5,9,55.56
Madison Garcia,5,9,55.56
Mark Graves,5,9,55.56
Christopher Ayers,5,9,55.56
Jill Davis,10,18,55.56
Edward Bell,5,9,55.56
Lori Alvarez,5,9,55.56
Joshua Sutton,5,9,55.56
Michelle Pierce,5,9,55.56
Donald Campbell,5,9,55.56
James Bauer,5,9,55.56
Susan Griffin,5,9,55.56
Megan Perry,5,9,55.56
Amber Brooks,5,9,55.56
Jennifer Stanley,5,9,55.56
Brian Zimmerman,5,9,55.56
Amber Simmons,5,9,55.56
Mark Lewis,20,36,55.56
Kristen Murphy,5,9,55.56
Jamie Bell,5,9,55.56
Susan Reed,5,9,55.56
Mark Sims,5,9,55.56
Ronald Perez,5,9,55.56
Matthew Moran,5,9,55.56
Zachary Hill,5,9,55.56
Amanda Harrison,5,9,55.56
Andrew Montgomery,5,9,55.56
Blake Taylor,5,9,55.56
Jonathan Stone,5,9,55.56
Katie Harris,5,9,55.56
Cody Jackson,5,9,55.56
James Young,30,54,55.56
Richard Jordan,5,9,55.56
Jill Harris,5,9,55.56
Richard Graves,5,9,55.56
Cynthia Spencer,5,9,55.56
Sandra Cook,5,9,55.56
Michele Lopez,5,9,55.56
Ryan James,5,9,55.56
Daniel Barnes,10,18,55.56
Marcus Scott,5,9,55.56
Matthew Hicks,5,9,55.56
Laura Brown,30,54,55.56
Christopher Trujillo,5,9,55.56
Aaron Campbell,5,9,55.56
David Parks,5,9,55.56
Scott Bryant,5,9,55.56
Tyler Reyes,5,9,55.56
Marissa Hernandez,5,9,55.56
April Reyes,5,9,55.56
Jennifer Barry,5,9,55.56
Allison Richardson,5,9,55.56
Charles Morales,5,9,55.56
Diana Davis,10,18,55.56
Timothy Hughes,5,9,55.56
James Short,5,9,55.56
Jessica Clements,5,9,55.56
Henry Rodriguez,5,9,55.56
Paul Roberts,5,9,55.56
Patrick Duncan,5,9,55.56
Kelly Vargas,5,9,55.56
Rebecca Wallace,5,9,55.56
Brian Wolf,5,9,55.56
Steven Andrews,5,9,55.56
Matthew Rivas,5,9,55.56
David Cain,5,9,55.56
Sally Smith,5,9,55.56
Stephanie Hughes,5,9,55.56
Ryan Hunt,5,9,55.56
Ryan Stewart,10,18,55.56
Laura Rhodes,5,9,55.56
David Cabrera,5,9,55.56
Amanda Hansen,5,9,55.56
Matthew Alvarez,5,9,55.56
Jennifer Bass,5,9,55.56
Lisa Graves,5,9,55.56
Joseph Ferguson,5,9,55.56
Michelle Knight,5,9,55.56
Jack Garcia,5,9,55.56
Allison Collins,5,9,55.56
Christopher Huff,5,9,55.56
Crystal Sanchez,5,9,55.56
Joseph Bates,5,9,55.56
Steven Holmes,5,9,55.56
David Flowers,5,9,55.56
Timothy Morales,5,9,55.56
Ryan Lawrence,5,9,55.56
Jennifer Bryan,5,9,55.56
Jenna Davis,5,9,55.56
Mary Mason,5,9,55.56
Elizabeth Daniels,5,9,55.56
Patricia Watson,5,9,55.56
Melissa Harvey,5,9,55.56
Timothy Ray,5,9,55.56
Benjamin Murphy,5,9,55.56
Anthony Walker,20,36,55.56
Cole Smith,5,9,55.56
Joshua Elliott,5,9,55.56
Taylor Young,5,9,55.56
Tracy Taylor,10,18,55.56
Angela Foster,5,9,55.56
Daniel Mendez,5,9,55.56
Daniel Watts,5,9,55.56
William Middleton,5,9,55.56
Mark Guerrero,5,9,55.56
Benjamin Gonzalez,5,9,55.56
Nancy Vasquez,5,9,55.56
Karen Matthews,5,9,55.56
Kenneth Jenkins,5,9,55.56
Kristen Stewart,5,9,55.56
Kenneth Walker,10,18,55.56
Shelly Williams,5,9,55.56
Angela Cole,5,9,55.56
Hannah Sanchez,5,9,55.56
William Wolfe,5,9,55.56
Andrea Reyes,5,9,55.56
Danielle Welch,5,9,55.56
David Cook,20,36,55.56
Evan White,5,9,55.56
Cory Jackson,5,9,55.56
Lauren Flores,5,9,55.56
Robert Moss,5,9,55.56
Margaret Nelson,5,9,55.56
Sarah Turner,10,18,55.56
Aaron Carter,5,9,55.56
Andrea Myers,5,9,55.56
Rebecca Wells,5,9,55.56
Jennifer Salazar,5,9,55.56
Andrew Shaw,5,9,55.56
Benjamin Reynolds,5,9,55.56
Andrew Carr,5,9,55.56
Stephanie Mcgee,5,9,55.56
Mary Fitzgerald,5,9,55.56
Rebecca Foster,5,9,55.56
Sherri Smith,10,18,55.56
Jessica Mccarthy,5,9,55.56
Sarah George,5,9,55.56
Joseph Mclaughlin,5,9,55.56
Rebecca Graham,5,9,55.56
Elizabeth Chen,5,9,55.56
Amanda Bennett,10,18,55.56
Brenda Campbell,5,9,55.56
Thomas Espinoza,5,9,55.56
Stephanie Ortiz,5,9,55.56
Nicole Greene,5,9,55.56
Jared Perez,5,9,55.56
Jeffrey Arnold,5,9,55.56
Jason Ortiz,10,18,55.56
Elizabeth Burns,5,9,55.56
Melissa Kirk,5,9,55.56
Paul Fisher,5,9,55.56
Kenneth Ward,5,9,55.56
Christopher Ellison,5,9,55.56
Daniel Manning,5,9,55.56
Rachel Salazar,5,9,55.56
Anthony Gomez,10,18,55.56
Jason Wagner,5,9,55.56
Martin Graham,5,9,55.56
Samantha Cook,5,9,55.56
Erica Ramirez,5,9,55.56
Karen Long,5,9,55.56
Julia Rodriguez,5,9,55.56
Brittany Ramirez,5,9,55.56
Keith Gonzales,5,9,55.56
Anthony Sanchez,15,27,55.56
Melissa Fowler,5,9,55.56
Scott Cole,5,9,55.56
Katherine Carter,10,18,55.56
Lindsey Wilson,5,9,55.56
Alicia Robinson,5,9,55.56
Michelle Norris,5,9,55.56
Christopher Drake,5,9,55.56
Daniel Casey,5,9,55.56
Rebecca Boyd,5,9,55.56
John Dominguez,5,9,55.56
Patrick White,10,18,55.56
Brian Frazier,5,9,55.56
Dorothy Johnson,5,9,55.56
Alex Jones,5,9,55.56
Ronald Wilson,15,27,55.56
Ryan Cox,5,9,55.56
Ellen Johnson,5,9,55.56
Emily Reed,5,9,55.56
Amanda Burton,5,9,55.56
Tara White,5,9,55.56
Mark Wheeler,5,9,55.56
Anthony Barnes,5,9,55.56
Michael Abbott,5,9,55.56
Kevin James,5,9,55.56
Michael Parrish,5,9,55.56
Alexis Jackson,5,9,55.56
James Guzman,5,9,55.56
David Roth,5,9,55.56
Mark Ford,5,9,55.56
James Carpenter,10,18,55.56
Jason Stephens,5,9,55.56
John Mclaughlin,5,9,55.56
Amanda Freeman,5,9,55.56
William Pena,5,9,55.56
Michael Friedman,5,9,55.56
Leslie Gonzalez,5,9,55.56
Amber Myers,5,9,55.56
Diana Harris,5,9,55.56
Melissa Lang,5,9,55.56
Steven Harrison,5,9,55.56
Patricia Powell,5,9,55.56
Charles Walsh,5,9,55.56
Melissa Norris,5,9,55.56
Scott Morris,5,9,55.56
Tyler Hernandez,10,18,55.56
Robert Rhodes,5,9,55.56
Robert Aguirre,5,9,55.56
William Gross,5,9,55.56
Samuel Washington,5,9,55.56
Keith Bennett,5,9,55.56
Zachary Rivera,5,9,55.56
Mark Castro,5,9,55.56
James Wu,5,9,55.56
Andrea Reed,5,9,55.56
Ashley Robbins,5,9,55.56
Edwin Brown,5,9,55.56
Jason Brewer,5,9,55.56
Jason Watkins,5,9,55.56
Angela Aguilar,5,9,55.56
Tyler Olson,5,9,55.56
Michael Horton,10,18,55.56
Jim Johnson,5,9,55.56
Meghan Brown,5,9,55.56
Ashley Watts,5,9,55.56
Shawn Long,5,9,55.56
William Ramsey,5,9,55.56
Kathleen Martinez,5,9,55.56
Matthew Montgomery,5,9,55.56
Brandi Anderson,5,9,55.56
Heather Long,5,9,55.56
Arthur Jones,5,9,55.56
Richard Holmes,5,9,55.56
Regina Rodriguez,5,9,55.56
Kevin Vargas,5,9,55.56
Jeremy Kelly,5,9,55.56
Bruce Thomas,5,9,55.56
Emily Sandoval,5,9,55.56
Rachel Bryant,5,9,55.56
Thomas Larson,5,9,55.56
Amber Morales,5,9,55.56
David Jennings,5,9,55.56
James Lara,5,9,55.56
Sarah Olson,5,9,55.56
Sarah Howell,5,9,55.56
Christopher Keller,5,9,55.56
Robert Russell,10,18,55.56
Cynthia Wilson,15,27,55.56
Casey Hernandez,5,9,55.56
Bobby Hernandez,5,9,55.56
Edward Stewart,5,9,55.56
Brian Bowman,5,9,55.56
Matthew Osborne,5,9,55.56
Elizabeth Hanson,5,9,55.56
Kimberly Ross,10,18,55.56
Ruth Davis,5,9,55.56
Robert Tyler,5,9,55.56
Robert Massey,5,9,55.56
Marcus Taylor,5,9,55.56
Robert Clay,5,9,55.56
Jeffrey Lawson,5,9,55.56
Michael Callahan,5,9,55.56
Maria Hoffman,5,9,55.56
Ernest Smith,5,9,55.56
William Pham,5,9,55.56
Sean Patel,5,9,55.56
Lori Nguyen,5,9,55.56
Wanda Taylor,5,9,55.56
Jennifer Aguirre,5,9,55.56
Jessica Owen,5,9,55.56
Daniel Curry,5,9,55.56
Alexander Mitchell,5,9,55.56
Kyle Murphy,5,9,55.56
Elizabeth Morales,5,9,55.56
Michael Stark,5,9,55.56
Susan Baker,5,9,55.56
Patricia James,5,9,55.56
Monica Cruz,5,9,55.56
Rebecca Burton,5,9,55.56
Kelly Warren,5,9,55.56
Amanda Vazquez,5,9,55.56
Samuel Reed,5,9,55.56
John Sharp,5,9,55.56
Joseph Fox,5,9,55.56
Jessica Montoya,5,9,55.56
Elizabeth Diaz,10,18,55.56
James Neal,5,9,55.56
Patrick Baker,5,9,55.56
James Reynolds,10,18,55.56
Joseph Grant,5,9,55.56
Jordan Gonzalez,5,9,55.56
Jennifer Solomon,5,9,55.56
Molly Anderson,5,9,55.56
Courtney Nguyen,5,9,55.56
Matthew Olson,5,9,55.56
Paul Sweeney,5,9,55.56
Cindy Hernandez,5,9,55.56
Kathleen Jones,15,27,55.56
Joshua Bryant,5,9,55.56
Jeffrey Wallace,5,9,55.56
Charles Andrews,5,9,55.56
Michael Nolan,5,9,55.56
Zachary Flores,5,9,55.56
Luis Lopez,5,9,55.56
Stacey Jackson,5,9,55.56
Todd Simmons,5,9,55.56
Catherine Fisher,5,9,55.56
Rachel Ortiz,5,9,55.56
Jessica Barker,5,9,55.56
Austin Jackson,5,9,55.56
Jacob Parker,5,9,55.56
Elizabeth Hunt,5,9,55.56
John Lee,41,74,55.41
Amy Garcia,36,65,55.38
Kelly Garcia,21,38,55.26
Paul Moore,16,29,55.17
Douglas Brown,16,29,55.17
Anna Williams,16,29,55.17
Tiffany Thompson,16,29,55.17
Richard Sanchez,16,29,55.17
Daniel Bell,16,29,55.17
William King,16,29,55.17
Terry Smith,16,29,55.17
Gregory Thomas,16,29,55.17
Christopher Ford,16,29,55.17
Amanda Wright,16,29,55.17
Sarah Wilson,27,49,55.1
David Adams,27,49,55.1
Heather Torres,11,20,55.0
Brian Cooper,11,20,55.0
Olivia Johnson,11,20,55.0
Valerie Williams,11,20,55.0
Katherine White,11,20,55.0
Donald Wilson,11,20,55.0
Michael Cruz,22,40,55.0
Thomas Lee,11,20,55.0
Peter Miller,11,20,55.0
Anthony Myers,11,20,55.0
Jessica Peterson,11,20,55.0
Nathan Anderson,11,20,55.0
Anthony Hill,11,20,55.0
Michael Day,11,20,55.0
Michelle Peterson,11,20,55.0
Jason Kelly,11,20,55.0
Tara Garcia,11,20,55.0
Jennifer Cunningham,11,20,55.0
Jeffrey Hernandez,22,40,55.0
John Carlson,11,20,55.0
Anthony Hughes,11,20,55.0
Robin Miller,11,20,55.0
Robert Torres,22,40,55.0
William Hughes,11,20,55.0
Elizabeth Ross,11,20,55.0
Felicia Smith,11,20,55.0
Tammy Sanchez,11,20,55.0
Matthew Diaz,11,20,55.0
Taylor Martinez,11,20,55.0
Jesse Lopez,11,20,55.0
Brian Powell,11,20,55.0
Michael Valdez,11,20,55.0
Joseph Rivera,11,20,55.0
Patricia Harris,11,20,55.0
Anthony Carter,11,20,55.0
Scott Kelly,11,20,55.0
Brenda Gonzalez,11,20,55.0
Danny Johnson,11,20,55.0
Michael Page,11,20,55.0
Teresa Lee,11,20,55.0
Mark Olson,11,20,55.0
Rebecca King,11,20,55.0
Heather Allen,11,20,55.0
Timothy Martinez,22,40,55.0
Sara Williams,22,40,55.0
Russell Williams,11,20,55.0
Lauren Moore,11,20,55.0
John Obrien,11,20,55.0
Kevin Cole,11,20,55.0
Crystal Jones,22,40,55.0
Jessica Watson,11,20,55.0
Michael Miranda,11,20,55.0
Mark Wallace,11,20,55.0
Brian Torres,11,20,55.0
Angela Nelson,11,20,55.0
Lisa Cruz,11,20,55.0
Michael Haynes,11,20,55.0
Kelsey Williams,11,20,55.0
Andrew Sanchez,11,20,55.0
John West,11,20,55.0
Donna Martin,11,20,55.0
William Cruz,11,20,55.0
Ashley Gibson,11,20,55.0
Christopher Bradley,11,20,55.0
Steven Rivera,11,20,55.0
Steven Turner,17,31,54.84
Donna Davis,17,31,54.84
Keith Jones,17,31,54.84
Joseph Carter,17,31,54.84
Vanessa Williams,17,31,54.84
Jasmine Williams,17,31,54.84
Robert Myers,17,31,54.84
Terry Johnson,17,31,54.84
David Hill,23,42,54.76
Katherine Davis,23,42,54.76
Michael Butler,23,42,54.76
Christopher Scott,29,53,54.72
Sara Smith,29,53,54.72
Mary Weaver,6,11,54.55
Amanda Schmidt,6,11,54.55
Nicole Alexander,6,11,54.55
Antonio Martinez,6,11,54.55
Kelly Turner,6,11,54.55
Michael Harding,6,11,54.55
Timothy Ruiz,6,11,54.55
Amber Torres,6,11,54.55
Ashley Baker,12,22,54.55
Robert Hoffman,6,11,54.55
Christopher Douglas,6,11,54.55
Jacob Rivera,6,11,54.55
Kelly Richards,6,11,54.55
Danielle Miller,18,33,54.55
Jonathan Hughes,6,11,54.55
Angela Moore,18,33,54.55
Thomas Gardner,6,11,54.55
Michael Cardenas,6,11,54.55
Emily Harrison,6,11,54.55
Curtis Martinez,6,11,54.55
Mark Benson,6,11,54.55
Travis Thomas,6,11,54.55
Gabrielle Johnson,6,11,54.55
Christian Rodriguez,6,11,54.55
William Day,6,11,54.55
Matthew Hale,6,11,54.55
Terry Taylor,6,11,54.55
Daniel Powell,12,22,54.55
Austin Anderson,6,11,54.55
James Dominguez,6,11,54.55
Daniel Perez,24,44,54.55
Christine Gray,6,11,54.55
Stephanie Nichols,6,11,54.55
Teresa Clark,6,11,54.55
Stephen Hughes,6,11,54.55
Heather Diaz,6,11,54.55
Linda Morgan,6,11,54.55
Tyler Simmons,6,11,54.55
Maria Carter,6,11,54.55
Andrea Nguyen,6,11,54.55
Scott Watson,6,11,54.55
Elizabeth Quinn,6,11,54.55
Eric Washington,6,11,54.55
Jeffrey Reed,6,11,54.55
Carl Jones,6,11,54.55
Maria Lopez,12,22,54.55
Kimberly Harrison,6,11,54.55
Angela James,6,11,54.55
John Gordon,12,22,54.55
Jason Schwartz,6,11,54.55
Janet Anderson,6,11,54.55
Shannon Carter,6,11,54.55
Carolyn Robinson,6,11,54.55
Michelle Payne,6,11,54.55
Christopher Harvey,6,11,54.55
Michael Harper,12,22,54.55
Andrew Bell,12,22,54.55
Daniel Pierce,6,11,54.55
Crystal Thomas,12,22,54.55
Michael Navarro,6,11,54.55
Amy Evans,12,22,54.55
Michael Montgomery,6,11,54.55
Donna Wright,6,11,54.55
Anne Wilson,6,11,54.55
Cynthia Alexander,6,11,54.55
Antonio Davis,6,11,54.55
Andrew Vasquez,6,11,54.55
Jeremy Lewis,6,11,54.55
Jose Evans,6,11,54.55
Patricia Martinez,12,22,54.55
Diana Anderson,6,11,54.55
Patricia Perry,6,11,54.55
Julie Miller,18,33,54.55
Kimberly Andrews,6,11,54.55
Jesse Davis,6,11,54.55
Amber Diaz,6,11,54.55
John Guerrero,6,11,54.55
Andrew Cooper,12,22,54.55
Ashley Mitchell,6,11,54.55
Joshua Medina,6,11,54.55
Jose Ward,6,11,54.55
Stacey Allen,6,11,54.55
Robert Maldonado,6,11,54.55
Randy Brown,6,11,54.55
Joshua Fields,6,11,54.55
Maria Torres,6,11,54.55
Justin Nguyen,6,11,54.55
Kimberly Harvey,6,11,54.55
Jason Cunningham,6,11,54.55
Melissa Obrien,6,11,54.55
Justin James,6,11,54.55
Andrew Bates,6,11,54.55
Michelle Simmons,6,11,54.55
Terry Gonzalez,6,11,54.55
Thomas Hamilton,6,11,54.55
Julie Garcia,18,33,54.55
Nicole Wallace,6,11,54.55
Jennifer Moody,6,11,54.55
Patricia Mcdonald,6,11,54.55
Christopher Chambers,6,11,54.55
Matthew Bowman,6,11,54.55
Heather Bennett,6,11,54.55
James Kennedy,12,22,54.55
Joseph Larson,6,11,54.55
Anita Williams,6,11,54.55
Brenda Russell,6,11,54.55
Antonio Thompson,6,11,54.55
Thomas Rose,6,11,54.55
Bradley Torres,6,11,54.55
Michelle Chapman,6,11,54.55
Matthew Kelley,6,11,54.55
Kevin Meyer,6,11,54.55
Thomas Martin,18,33,54.55
Shawn Wright,6,11,54.55
Jamie Jones,24,44,54.55
Adam Thompson,12,22,54.55
James Douglas,6,11,54.55
Michael Leon,6,11,54.55
Kenneth Brown,24,44,54.55
Dawn Martin,6,11,54.55
Daniel Olson,6,11,54.55
Nicholas Shaw,6,11,54.55
Nancy Scott,6,11,54.55
Kevin Kim,6,11,54.55
Stephen Robinson,6,11,54.55
Daniel Higgins,6,11,54.55
Adam Phillips,6,11,54.55
Kyle Hill,6,11,54.55
Ian Jones,6,11,54.55
Joseph Estrada,6,11,54.55
Anthony Reid,6,11,54.55
Jessica Lucas,6,11,54.55
Carol Sanchez,6,11,54.55
John Serrano,6,11,54.55
Michelle Patel,6,11,54.55
Sarah Harrison,6,11,54.55
Daniel Silva,6,11,54.55
James Meyer,12,22,54.55
Michael Hart,18,33,54.55
Matthew Ferguson,6,11,54.55
Julie Gomez,6,11,54.55
Hannah King,6,11,54.55
Stephen Morris,6,11,54.55
Joshua Shelton,6,11,54.55
Philip Martinez,6,11,54.55
Pamela Robinson,6,11,54.55
Christian Jackson,6,11,54.55
Jessica Swanson,6,11,54.55
Elizabeth Ford,6,11,54.55
Michael Weiss,6,11,54.55
Sarah Hopkins,6,11,54.55
Sarah Lawson,6,11,54.55
Brenda Turner,6,11,54.55
David Lane,6,11,54.55
Matthew Fisher,6,11,54.55
Sarah Rose,6,11,54.55
Daniel Underwood,6,11,54.55
Elizabeth Wheeler,6,11,54.55
Robert Mccoy,6,11,54.55
Joseph Flores,12,22,54.55
Shannon Reed,6,11,54.55
Diana Jackson,6,11,54.55
Jonathan Henderson,6,11,54.55
Amanda Murray,6,11,54.55
Heather Stone,6,11,54.55
John Howell,6,11,54.55
William Gordon,6,11,54.55
Monica Perez,6,11,54.55
Brian Mcdonald,6,11,54.55
Donald Wright,6,11,54.55
James May,6,11,54.55
Maria Rivera,6,11,54.55
Marie Wilson,6,11,54.55
Amanda Kelley,6,11,54.55
Veronica Brown,6,11,54.55
Erin Wood,6,11,54.55
Natasha Jones,6,11,54.55
Henry Taylor,6,11,54.55
Brandon Hughes,6,11,54.55
Chelsea Williams,6,11,54.55
Elizabeth Gutierrez,6,11,54.55
Melissa Silva,6,11,54.55
Jamie Evans,6,11,54.55
Christopher Owens,12,22,54.55
Donna King,6,11,54.55
Shannon Gray,6,11,54.55
Danielle Morales,6,11,54.55
Steven Fisher,6,11,54.55
Melissa Sanders,6,11,54.55
Brandon Ortiz,6,11,54.55
Heather Carter,6,11,54.55
Michael Avila,6,11,54.55
Daniel Swanson,6,11,54.55
Jared Jackson,6,11,54.55
Michelle Dawson,6,11,54.55
Sydney Jones,6,11,54.55
Jennifer Lozano,6,11,54.55
Ryan Fisher,6,11,54.55
Melissa Romero,6,11,54.55
Michael Choi,6,11,54.55
Brett Garcia,6,11,54.55
Jennifer Parks,6,11,54.55
David Hale,6,11,54.55
Theresa Taylor,6,11,54.55
James Gentry,6,11,54.55
James Vazquez,6,11,54.55
Randall Davis,6,11,54.55
Kenneth Marshall,6,11,54.55
Sarah Mendoza,6,11,54.55
Thomas Boyd,6,11,54.55
Wesley Williams,6,11,54.55
Kathy Moore,6,11,54.55
Laura Robertson,6,11,54.55
Laura Williamson,6,11,54.55
Kevin Torres,6,11,54.55
Nicole Lee,12,22,54.55
Lee Smith,6,11,54.55
Heather Wallace,6,11,54.55
Zachary Lopez,6,11,54.55
Juan Moore,6,11,54.55
Nancy White,6,11,54.55
William Fleming,6,11,54.55
Linda Kelly,6,11,54.55
Joshua Weaver,6,11,54.55
Michael Thornton,12,22,54.55
Lisa Dean,6,11,54.55
Christian Wilson,6,11,54.55
Patricia Edwards,6,11,54.55
William Francis,6,11,54.55
Thomas Kim,6,11,54.55
Stephanie Stewart,6,11,54.55
Brandon Ferguson,6,11,54.55
Joseph Hudson,6,11,54.55
Brian Medina,6,11,54.55
Gabriel Lopez,6,11,54.55
Julie Nguyen,6,11,54.55
Roy Williams,6,11,54.55
Timothy Ramos,6,11,54.55
Michele Jackson,6,11,54.55
Kyle Edwards,6,11,54.55
Ricky Davis,6,11,54.55
Laura Ward,6,11,54.55
Crystal Henderson,6,11,54.55
Jamie Jackson,12,22,54.55
James Cannon,6,11,54.55
Timothy Black,6,11,54.55
Jordan Robinson,6,11,54.55
Ryan Richardson,6,11,54.55
Jonathan Evans,6,11,54.55
Vanessa Smith,18,33,54.55
Jason Holland,6,11,54.55
Brian Burns,6,11,54.55
Billy Smith,6,11,54.55
Stephanie Burns,6,11,54.55
Christine Brooks,6,11,54.55
Carrie Jackson,6,11,54.55
Brandon Foster,6,11,54.55
Aaron Reed,6,11,54.55
Paul Reynolds,6,11,54.55
Crystal Clark,6,11,54.55
Teresa Miller,12,22,54.55
Christopher Mendoza,12,22,54.55
Jerry Garcia,6,11,54.55
Katherine Garcia,12,22,54.55
Jacqueline Ramirez,6,11,54.55
Laura Hernandez,12,22,54.55
Jason Bradshaw,6,11,54.55
Fernando Smith,6,11,54.55
Cindy Rogers,6,11,54.55
William Craig,6,11,54.55
Jennifer Leon,6,11,54.55
Brandon Castro,6,11,54.55
Barbara Walker,6,11,54.55
Dustin Martinez,6,11,54.55
Ryan Carter,6,11,54.55
Melissa Daniels,6,11,54.55
Teresa Sanchez,6,11,54.55
Michelle Delgado,6,11,54.55
Ryan Woods,6,11,54.55
Lori Peterson,6,11,54.55
Kimberly Santiago,6,11,54.55
Tracy Thomas,6,11,54.55
Michael Woodard,6,11,54.55
Brandon Stone,6,11,54.55
Sarah Kelly,6,11,54.55
Jessica Ferguson,6,11,54.55
Cynthia Allen,6,11,54.55
Eric Hoffman,6,11,54.55
Joshua Ferguson,6,11,54.55
Dean Smith,6,11,54.55
Robert Valencia,6,11,54.55
Kristen Gonzalez,6,11,54.55
Sara Mitchell,6,11,54.55
Sarah Porter,6,11,54.55
Todd Nguyen,6,11,54.55
Melissa Edwards,18,33,54.55
Cynthia Mills,6,11,54.55
Amanda Parker,6,11,54.55
Alexis Martinez,6,11,54.55
Christopher Larson,6,11,54.55
Kelly White,18,33,54.55
Martin Jones,6,11,54.55
Diana Martin,6,11,54.55
Larry Lewis,6,11,54.55
Ricky Lewis,6,11,54.55
Kathleen Moore,6,11,54.55
Ricardo Johnson,6,11,54.55
Christian Taylor,6,11,54.55
Katie Lopez,6,11,54.55
Joseph Rose,6,11,54.55
Jennifer Montgomery,6,11,54.55
Robert Newton,6,11,54.55
Amber Robinson,6,11,54.55
Jennifer Elliott,6,11,54.55
Nicholas Black,6,11,54.55
Amanda Gibson,6,11,54.55
James Hunt,12,22,54.55
Amber Wright,6,11,54.55
Karen Powell,6,11,54.55
Daniel Franklin,6,11,54.55
Jessica Ryan,6,11,54.55
Christina Henderson,6,11,54.55
John Frazier,6,11,54.55
Lisa Bryant,6,11,54.55
Justin Castro,6,11,54.55
Kevin Ortega,6,11,54.55
Anthony Jimenez,6,11,54.55
Kevin Howell,6,11,54.55
Matthew Herrera,6,11,54.55
Kathryn Thomas,6,11,54.55
Melissa Ruiz,6,11,54.55
Donald Robinson,6,11,54.55
David Terry,6,11,54.55
James Ballard,6,11,54.55
Michael Knapp,6,11,54.55
Christopher Harrington,6,11,54.55
Megan Torres,6,11,54.55
Jamie Young,6,11,54.55
Brandon Ford,6,11,54.55
Courtney Long,6,11,54.55
Emily Myers,6,11,54.55
Alexis Walker,6,11,54.55
Jeffrey Rose,6,11,54.55
Amy Wagner,6,11,54.55
Derek Robinson,6,11,54.55
Deborah Roberts,6,11,54.55
Gary Scott,6,11,54.55
Dawn Wilson,12,22,54.55
William Freeman,6,11,54.55
Phillip Martinez,6,11,54.55
Daniel Washington,6,11,54.55
John Campos,6,11,54.55
David Peterson,25,46,54.35
Lisa Hall,19,35,54.29
Jason Ramirez,19,35,54.29
Patrick Davis,19,35,54.29
Kelly Martin,19,35,54.29
Carrie Johnson,13,24,54.17
Timothy Allen,13,24,54.17
Margaret Brown,13,24,54.17
Rachel Jackson,13,24,54.17
Robert Dixon,13,24,54.17
Patrick Rodriguez,13,24,54.17
Brian Nguyen,13,24,54.17
Jeffrey Hall,13,24,54.17
Kelly Robinson,13,24,54.17
Mark Mitchell,13,24,54.17
Timothy Wright,13,24,54.17
Mary Gomez,13,24,54.17
Jessica Ortiz,13,24,54.17
Robert Ray,13,24,54.17
Christopher Russell,13,24,54.17
Michael Barrett,13,24,54.17
Veronica Williams,13,24,54.17
Lisa Murray,13,24,54.17
Jason Mitchell,20,37,54.05
Derek Smith,20,37,54.05
Sarah Gonzalez,20,37,54.05
Steven Garcia,27,50,54.0
Sarah Taylor,27,50,54.0
Jason Lopez,27,50,54.0
Rodney Garcia,7,13,53.85
Robert Richards,7,13,53.85
Michael Houston,7,13,53.85
James Hawkins,7,13,53.85
Michael Dalton,7,13,53.85
Amber Adams,7,13,53.85
Rebecca Murray,7,13,53.85
Sarah James,7,13,53.85
Shannon Brown,21,39,53.85
Amy Foster,7,13,53.85
James Morrison,7,13,53.85
Shannon Lopez,7,13,53.85
Linda Scott,7,13,53.85
Sarah Rivera,14,26,53.85
Joseph Griffin,7,13,53.85
David Joseph,7,13,53.85
Kelly Hughes,7,13,53.85
Joseph Roth,7,13,53.85
Charles Gomez,7,13,53.85
Sarah Obrien,7,13,53.85
Emma Williams,7,13,53.85
Ronald Scott,7,13,53.85
Charles Nguyen,7,13,53.85
Melissa Vasquez,7,13,53.85
James Page,7,13,53.85
John Norton,7,13,53.85
Michael Blair,14,26,53.85
Heidi Johnson,7,13,53.85
Kevin Cooper,7,13,53.85
Michael Jennings,7,13,53.85
James Lindsey,7,13,53.85
Michael Maldonado,7,13,53.85
Shawn Taylor,7,13,53.85
David Fleming,7,13,53.85
Andrew Jacobs,7,13,53.85
Brian Walker,14,26,53.85
Justin Reyes,7,13,53.85
Brittany Barnes,7,13,53.85
Tiffany West,7,13,53.85
Leslie Perez,7,13,53.85
Nicholas Foster,7,13,53.85
Chad Martinez,7,13,53.85
Lauren Cooper,7,13,53.85
Sheri Smith,7,13,53.85
Jonathan Nelson,7,13,53.85
Jessica Sims,7,13,53.85
Monica Wilson,7,13,53.85
Michael Bowen,7,13,53.85
Todd Hernandez,7,13,53.85
Ryan Powell,7,13,53.85
Jerry Lopez,7,13,53.85
Todd Jackson,7,13,53.85
Richard Coleman,7,13,53.85
Joseph Richards,7,13,53.85
Jessica Fowler,7,13,53.85
Cindy Allen,7,13,53.85
Matthew Holland,7,13,53.85
Kevin Stevens,7,13,53.85
Melissa Tucker,7,13,53.85
John Buchanan,7,13,53.85
Steven Perkins,7,13,53.85
Sharon Garcia,7,13,53.85
Brian Marshall,7,13,53.85
David Ayala,7,13,53.85
Richard Watson,7,13,53.85
Kevin Patterson,7,13,53.85
Shelby Jones,7,13,53.85
James Pena,7,13,53.85
Erika Thomas,7,13,53.85
Donna Adams,7,13,53.85
Michelle Olson,7,13,53.85
Matthew Mason,7,13,53.85
Alyssa Martinez,7,13,53.85
Jason Shaw,7,13,53.85
Matthew James,14,26,53.85
John Barker,7,13,53.85
Jennifer Yang,7,13,53.85
Heather Henderson,7,13,53.85
Julie Hughes,7,13,53.85
John Jensen,7,13,53.85
Katherine Mitchell,7,13,53.85
Robert Benson,7,13,53.85
James Peters,7,13,53.85
Melissa Barnes,7,13,53.85
Cody White,7,13,53.85
Amanda Patterson,7,13,53.85
Keith Hernandez,7,13,53.85
Ashley Barnes,7,13,53.85
Nicholas Edwards,7,13,53.85
Rachel Griffin,7,13,53.85
Andrew Romero,7,13,53.85
Michelle Tran,7,13,53.85
Shannon Cook,7,13,53.85
Deborah Wilson,7,13,53.85
Jennifer Zimmerman,7,13,53.85
Michelle Morales,7,13,53.85
Samuel Green,7,13,53.85
Mary Bennett,7,13,53.85
William Williamson,7,13,53.85
Theresa Lopez,7,13,53.85
James Burns,7,13,53.85
Chad Lewis,7,13,53.85
Kevin Moreno,7,13,53.85
Charles Powell,7,13,53.85
Megan Rodriguez,14,26,53.85
Michael Grimes,7,13,53.85
Monica Rodriguez,7,13,53.85
Ashley Castro,7,13,53.85
Thomas Robertson,7,13,53.85
Gregory Wright,7,13,53.85
Rebecca Campbell,7,13,53.85
Heidi Garcia,7,13,53.85
Michael Meadows,7,13,53.85
Peter Lopez,7,13,53.85
Crystal Moore,7,13,53.85
Richard Fisher,7,13,53.85
James Ortega,7,13,53.85
Jessica Garza,7,13,53.85
Nancy Thompson,7,13,53.85
Angela Fisher,7,13,53.85
Savannah Smith,7,13,53.85
Heather Hicks,7,13,53.85
Brittany Turner,7,13,53.85
Angela Collins,7,13,53.85
John Matthews,7,13,53.85
David Alvarado,7,13,53.85
Diane Jackson,7,13,53.85
Michael Burns,21,39,53.85
Scott Campbell,7,13,53.85
Lawrence Jones,7,13,53.85
Kimberly Graham,7,13,53.85
Brian Webb,7,13,53.85
Lisa Gibson,7,13,53.85
Karen Jackson,14,26,53.85
Cassandra Jones,7,13,53.85
Patricia Peterson,7,13,53.85
Brian Castro,7,13,53.85
Elizabeth Perry,7,13,53.85
Erin Baker,7,13,53.85
Christopher Ortiz,14,26,53.85
Todd Murphy,7,13,53.85
Nicole Diaz,7,13,53.85
David Harper,7,13,53.85
Eric Bailey,7,13,53.85
Michael Gilbert,7,13,53.85
Richard Burke,7,13,53.85
Elizabeth Gonzales,7,13,53.85
Zachary King,7,13,53.85
Dustin Jones,7,13,53.85
Michael Lloyd,7,13,53.85
Sara Carter,7,13,53.85
John Hunter,7,13,53.85
Kimberly Simmons,7,13,53.85
Felicia Williams,7,13,53.85
Pamela Moore,7,13,53.85
Andrew Gordon,7,13,53.85
Ann Anderson,7,13,53.85
Donna Hill,7,13,53.85
Rhonda Garcia,7,13,53.85
Michelle Holmes,7,13,53.85
Jessica Stevens,7,13,53.85
Angela Watson,7,13,53.85
Melissa Porter,7,13,53.85
Mary Ross,7,13,53.85
Amy Patterson,7,13,53.85
Michael Herring,7,13,53.85
Sarah Hunter,7,13,53.85
Susan Brooks,7,13,53.85
Jennifer Frazier,7,13,53.85
Shannon Thomas,7,13,53.85
Eugene Smith,7,13,53.85
Erin Rodriguez,7,13,53.85
John Duncan,7,13,53.85
John Powers,7,13,53.85
Douglas Fisher,7,13,53.85
Justin Cooper,7,13,53.85
Ryan Sanders,7,13,53.85
Michael Cobb,7,13,53.85
Mary Nguyen,7,13,53.85
Katie Johnson,14,26,53.85
Jennifer Walsh,7,13,53.85
Jessica Bell,7,13,53.85
Jacob Cook,7,13,53.85
Amanda Crawford,7,13,53.85
Jill Jackson,7,13,53.85
Michelle Fernandez,7,13,53.85
William Nelson,14,26,53.85
Denise Wilson,7,13,53.85
Sean Lewis,7,13,53.85
Julie Stewart,7,13,53.85
Michael Chen,7,13,53.85
Carl Davis,7,13,53.85
Brenda Adams,7,13,53.85
Kimberly Sims,7,13,53.85
William Contreras,7,13,53.85
Stephanie Matthews,7,13,53.85
Amy Reed,7,13,53.85
Samantha Nelson,7,13,53.85
Pamela Nelson,7,13,53.85
Mary Jenkins,7,13,53.85
Pamela Scott,7,13,53.85
Debra Thompson,7,13,53.85
Eric Wood,7,13,53.85
Amanda Arnold,7,13,53.85
Erin Young,7,13,53.85
Michelle Garcia,29,54,53.7
Michael Rogers,29,54,53.7
Lauren Miller,22,41,53.66
Daniel Adams,22,41,53.66
Sandra Garcia,15,28,53.57
Sarah Evans,15,28,53.57
Edward Williams,15,28,53.57
Jason Roberts,15,28,53.57
Michael Lawson,15,28,53.57
James Gardner,15,28,53.57
Katherine Rodriguez,15,28,53.57
Paul Thomas,15,28,53.57
Bradley Johnson,15,28,53.57
William Turner,15,28,53.57
Bryan Miller,15,28,53.57
Douglas Johnson,23,43,53.49
Brian Allen,23,43,53.49
David Walters,8,15,53.33
David Wagner,8,15,53.33
Chad Miller,8,15,53.33
Amber Mitchell,8,15,53.33
Melissa Ward,8,15,53.33
Richard Cruz,8,15,53.33
Emily Hill,8,15,53.33
Holly Jones,8,15,53.33
Jessica Harrison,8,15,53.33
Robert Gilbert,8,15,53.33
Joseph Howard,8,15,53.33
Jimmy Johnson,8,15,53.33
Michele Roberts,8,15,53.33
Daniel James,16,30,53.33
Katie Wilson,8,15,53.33
John Spencer,8,15,53.33
David Cross,8,15,53.33
James Guerrero,8,15,53.33
Kimberly Owens,8,15,53.33
Sheila Jones,8,15,53.33
Ronald Clark,8,15,53.33
Ashley Harrison,8,15,53.33
Robert Arnold,8,15,53.33
Laura Morales,8,15,53.33
Heather Mitchell,8,15,53.33
Dean Williams,8,15,53.33
Andrew Herrera,8,15,53.33
Jonathan Fisher,8,15,53.33
John Williamson,8,15,53.33
Ann Garcia,8,15,53.33
Jessica Owens,8,15,53.33
Andrew Cook,8,15,53.33
Daniel Hamilton,8,15,53.33
Victor Martin,8,15,53.33
Tammy Allen,8,15,53.33
Derek Thomas,8,15,53.33
Megan Sanchez,8,15,53.33
Joshua Alexander,8,15,53.33
Michael Black,16,30,53.33
Mary Powell,8,15,53.33
Angela Brooks,8,15,53.33
Jeremy Clark,8,15,53.33
Joel Jones,8,15,53.33
Stephen Moore,8,15,53.33
William Stewart,16,30,53.33
Tina Thompson,8,15,53.33
Susan Hill,8,15,53.33
David Ramos,16,30,53.33
Angela Gomez,8,15,53.33
Thomas Flores,8,15,53.33
Brittany Miller,16,30,53.33
Kimberly Ellis,8,15,53.33
Hannah Brown,16,30,53.33
Steven Gardner,8,15,53.33
Deanna Brown,8,15,53.33
Cynthia King,8,15,53.33
Jennifer Murray,8,15,53.33
Alan Taylor,8,15,53.33
William Harper,8,15,53.33
John Lane,8,15,53.33
Brian Morris,8,15,53.33
Mark Wood,8,15,53.33
William Leonard,8,15,53.33
Tyler Bell,8,15,53.33
Edward Gonzalez,8,15,53.33
James Hayes,8,15,53.33
Kimberly Fernandez,8,15,53.33
Scott Rogers,8,15,53.33
Jonathan Parker,8,15,53.33
Alexandra Wilson,8,15,53.33
Samuel Wilson,8,15,53.33
Sarah Murray,8,15,53.33
Matthew Shaw,8,15,53.33
Steven Warren,8,15,53.33
Jordan Clark,8,15,53.33
Andrew Baker,8,15,53.33
Justin Hughes,8,15,53.33
Maria Phillips,8,15,53.33
Jessica Collins,8,15,53.33
Margaret Smith,16,30,53.33
Christina Wood,8,15,53.33
Christopher Dunn,8,15,53.33
James Avila,8,15,53.33
Scott Cox,8,15,53.33
Christina Nguyen,8,15,53.33
Mark Gutierrez,8,15,53.33
Elizabeth Hamilton,8,15,53.33
Jaime Smith,8,15,53.33
Julie Baker,8,15,53.33
Michelle Perez,16,30,53.33
Lisa Nichols,8,15,53.33
William Matthews,8,15,53.33
Joseph Stone,8,15,53.33
Angela Marshall,8,15,53.33
Beth Davis,8,15,53.33
Jonathan Wood,8,15,53.33
Denise Lee,8,15,53.33
David Obrien,8,15,53.33
James Morales,16,30,53.33
Joanna Jones,8,15,53.33
Robert Peters,8,15,53.33
Ashley Gray,8,15,53.33
Gregory Cook,8,15,53.33
Jennifer Bowman,8,15,53.33
Derrick Davis,8,15,53.33
Samantha Wilson,8,15,53.33
Jill Martin,8,15,53.33
Chelsea Miller,8,15,53.33
Joseph Fisher,8,15,53.33
Angela Martin,17,32,53.12
Maria Rodriguez,17,32,53.12
Jessica Nelson,17,32,53.12
Ryan Gonzalez,17,32,53.12
James Garza,9,17,52.94
Sharon Davis,9,17,52.94
Samantha Hall,9,17,52.94
Andrea Lopez,9,17,52.94
Cameron Johnson,9,17,52.94
Diana Miller,9,17,52.94
David Montgomery,9,17,52.94
Thomas Ward,9,17,52.94
Cassandra Davis,9,17,52.94
Daniel Hughes,9,17,52.94
Lisa Webb,9,17,52.94
Ryan Scott,9,17,52.94
Kenneth Lewis,9,17,52.94
Scott Anderson,18,34,52.94
Andrea Nelson,9,17,52.94
Stephanie Peterson,9,17,52.94
Daniel Foster,9,17,52.94
David Snyder,9,17,52.94
Michael Fitzgerald,9,17,52.94
Timothy Roberts,9,17,52.94
Michael Francis,9,17,52.94
Jennifer Shaw,9,17,52.94
Andrew Ortiz,9,17,52.94
David Armstrong,9,17,52.94
Julie Turner,9,17,52.94
Nathan Lopez,9,17,52.94
Rebecca Phillips,9,17,52.94
Jessica Ramos,9,17,52.94
Edward Jackson,9,17,52.94
Melissa Myers,9,17,52.94
Jamie Gonzalez,9,17,52.94
Caitlin Johnson,9,17,52.94
Jeffrey Rodriguez,27,51,52.94
Dana Taylor,9,17,52.94
Kelly Scott,9,17,52.94
Anna Robinson,9,17,52.94
Michael Nunez,9,17,52.94
William Vasquez,9,17,52.94
Charles Cooper,9,17,52.94
Brian Ruiz,9,17,52.94
Tiffany Clark,9,17,52.94
James Matthews,9,17,52.94
Kelly Stewart,9,17,52.94
Kimberly Morris,9,17,52.94
Daniel Mitchell,18,34,52.94
Melissa Collins,9,17,52.94
Crystal Martinez,9,17,52.94
Ryan Hughes,9,17,52.94
Jennifer Aguilar,9,17,52.94
Dana Brown,9,17,52.94
Donna Murphy,9,17,52.94
Kelly Bell,9,17,52.94
Nicole Howard,9,17,52.94
Andrew Green,18,34,52.94
Dawn Garcia,9,17,52.94
Ashley Gomez,9,17,52.94
Matthew Patterson,9,17,52.94
Jason Perry,9,17,52.94
Matthew Garza,9,17,52.94
Kevin Simmons,9,17,52.94
Kevin Collins,9,17,52.94
Sandra Sanchez,9,17,52.94
William Bell,9,17,52.94
Amy Kim,9,17,52.94
Matthew Moore,28,53,52.83
Karen Hernandez,19,36,52.78
Anthony Lee,19,36,52.78
Jordan Martinez,10,19,52.63
Courtney Davis,10,19,52.63
Christopher Matthews,10,19,52.63
John Schultz,10,19,52.63
Matthew Vasquez,10,19,52.63
Tammy Walker,10,19,52.63
Michael Curtis,10,19,52.63
Danielle Walker,10,19,52.63
Kevin Hall,10,19,52.63
Bryan Brown,10,19,52.63
Lauren Allen,10,19,52.63
Cory Smith,10,19,52.63
Karen Murphy,10,19,52.63
Mark Nguyen,10,19,52.63
Ryan Perez,10,19,52.63
Courtney Robinson,10,19,52.63
Robert Welch,10,19,52.63
Jonathan Walker,10,19,52.63
Mary Hughes,10,19,52.63
Kevin Cruz,10,19,52.63
Gregory Lee,10,19,52.63
Brian Griffin,10,19,52.63
Richard Cox,10,19,52.63
Thomas Richardson,10,19,52.63
Daniel Alexander,10,19,52.63
Kayla Lopez,10,19,52.63
Jordan Thomas,10,19,52.63
Taylor Anderson,10,19,52.63
James Black,10,19,52.63
James Howell,10,19,52.63
Amanda Cook,10,19,52.63
James Vasquez,10,19,52.63
John Daniels,10,19,52.63
Daniel Lane,10,19,52.63
Marcus Miller,10,19,52.63
Peter Moore,10,19,52.63
Karen Wright,10,19,52.63
Brian Ortiz,10,19,52.63
Stephen Gonzalez,10,19,52.63
Brandy Williams,10,19,52.63
James Griffin,10,19,52.63
Patrick Martin,10,19,52.63
Charles Mitchell,10,19,52.63
Brittany Scott,10,19,52.63
Kathy Jones,10,19,52.63
Daniel Robinson,21,40,52.5
Mary Moore,21,40,52.5
Kevin Evans,11,21,52.38
Daniel Turner,11,21,52.38
Timothy Phillips,11,21,52.38
Kristin Davis,11,21,52.38
Kathryn Hernandez,11,21,52.38
David Mendoza,11,21,52.38
Nicholas Phillips,11,21,52.38
Michelle Richardson,11,21,52.38
Matthew Stevens,11,21,52.38
Victoria Rodriguez,11,21,52.38
Michael Mendez,11,21,52.38
Christopher Castro,11,21,52.38
Paul King,11,21,52.38
Charles Carter,11,21,52.38
Eric Carter,11,21,52.38
Matthew Jimenez,11,21,52.38
Brian Cook,11,21,52.38
Michael Mason,11,21,52.38
Matthew Ruiz,11,21,52.38
Angela Wright,11,21,52.38
Crystal Martin,11,21,52.38
Andrew Parker,11,21,52.38
Tanya Brown,11,21,52.38
Brenda Wilson,11,21,52.38
Sharon Miller,11,21,52.38
Scott Johnson,44,84,52.38
Melissa Thompson,23,44,52.27
John Jordan,12,23,52.17
Robert Morales,12,23,52.17
Donna Rodriguez,12,23,52.17
Robert Hamilton,12,23,52.17
Kelly Baker,12,23,52.17
Maria Thompson,12,23,52.17
Cheryl Davis,12,23,52.17
Kevin Rivera,12,23,52.17
Mark Hill,12,23,52.17
Julia Brown,12,23,52.17
Christopher Jenkins,12,23,52.17
Erin Garcia,12,23,52.17
Thomas Allen,12,23,52.17
Michelle Murray,12,23,52.17
Lisa Sullivan,12,23,52.17
William Simmons,12,23,52.17
Jessica James,12,23,52.17
Andrew Taylor,25,48,52.08
David Alexander,13,25,52.0
Michael Lynch,13,25,52.0
Christopher Dixon,13,25,52.0
Rebecca Anderson,13,25,52.0
Heather Hall,13,25,52.0
James Scott,26,50,52.0
Lisa Watson,13,25,52.0
Jonathan Young,13,25,52.0
Michael Morrison,13,25,52.0
James Hamilton,13,25,52.0
Sarah Campbell,13,25,52.0
John Reynolds,13,25,52.0
April Brown,14,27,51.85
Robert Sanders,14,27,51.85
Brian Edwards,14,27,51.85
Veronica Johnson,14,27,51.85
Elizabeth Hill,14,27,51.85
Valerie Johnson,14,27,51.85
John Ross,14,27,51.85
Joseph Wright,14,27,51.85
James Jackson,43,83,51.81
Kevin Sanchez,15,29,51.72
Jeffrey King,15,29,51.72
Brittany Martinez,15,29,51.72
Matthew Parker,15,29,51.72
Daniel Kelly,15,29,51.72
Jennifer Sanders,15,29,51.72
Brandon Hernandez,15,29,51.72
Tracy Martinez,15,29,51.72
Brittany Thomas,15,29,51.72
Amanda Ramirez,15,29,51.72
Aaron Wilson,16,31,51.61
Christopher Gray,16,31,51.61
Joshua Ramirez,16,31,51.61
Christine Wilson,16,31,51.61
Christopher Price,16,31,51.61
Michelle Young,16,31,51.61
Adam Wilson,16,31,51.61
Michael Griffin,17,33,51.52
Matthew Roberts,17,33,51.52
Nicole Wilson,18,35,51.43
Daniel Lewis,18,35,51.43
David Foster,18,35,51.43
Jonathan Johnson,37,72,51.39
Jennifer Carter,19,37,51.35
Nicholas Martin,21,41,51.22
John Hernandez,42,82,51.22
Kimberly Jackson,22,43,51.16
Wendy Smith,24,47,51.06
Denise Garcia,8,16,50.0
Jill Wilson,5,10,50.0
John Holland,7,14,50.0
Lisa White,23,46,50.0
Nancy Anderson,10,20,50.0
David Friedman,5,10,50.0
Valerie Garcia,8,16,50.0
Charles Murphy,7,14,50.0
Chad Jackson,6,12,50.0
Kayla Turner,5,10,50.0
Amy Stephens,6,12,50.0
Brandon Morgan,6,12,50.0
Jason Richardson,7,14,50.0
Paul Rodriguez,17,34,50.0
Timothy Watson,7,14,50.0
Jennifer Cabrera,5,10,50.0
Jasmine Allen,5,10,50.0
Kelly Brooks,5,10,50.0
Ashley Turner,12,24,50.0
Sue Garcia,5,10,50.0
Linda Powell,5,10,50.0
Daniel Davidson,7,14,50.0
Andrea Young,6,12,50.0
Diane King,5,10,50.0
Gary Robinson,9,18,50.0
John Blair,5,10,50.0
Heather White,16,32,50.0
Daniel Pena,5,10,50.0
Amy Richards,5,10,50.0
Justin Mitchell,11,22,50.0
Larry Lopez,5,10,50.0
Maria Roberts,5,10,50.0
Tracy Lee,8,16,50.0
Anthony Sullivan,7,14,50.0
Bonnie Jones,5,10,50.0
Victoria Sullivan,5,10,50.0
Andrew Mendoza,5,10,50.0
Alicia White,5,10,50.0
Michael Dickerson,6,12,50.0
David Lynch,8,16,50.0
Timothy Mitchell,10,20,50.0
Taylor Rodriguez,11,22,50.0
Justin Rogers,5,10,50.0
Lisa Cox,11,22,50.0
Bruce Garcia,5,10,50.0
Barbara White,8,16,50.0
Alicia Miller,10,20,50.0
Melissa Rivera,11,22,50.0
Stephanie Guerrero,5,10,50.0
Joshua Dixon,5,10,50.0
Thomas Morales,6,12,50.0
David Lara,5,10,50.0
Mark Rogers,10,20,50.0
John Benson,6,12,50.0
Brenda Moore,5,10,50.0
James Lambert,6,12,50.0
Rachel Gonzales,5,10,50.0
Sarah West,6,12,50.0
Laura Scott,8,16,50.0
Kathy Hernandez,6,12,50.0
Michele Rodriguez,7,14,50.0
Charles Harvey,6,12,50.0
Adam Murphy,5,10,50.0
Kyle Baker,5,10,50.0
Jared Williams,8,16,50.0
Emily Walker,12,24,50.0
Tony Davis,7,14,50.0
Troy Thomas,6,12,50.0
Keith Baker,6,12,50.0
Thomas Medina,6,12,50.0
Dawn Harris,5,10,50.0
William Wheeler,6,12,50.0
Patrick Ellis,6,12,50.0
Matthew Neal,5,10,50.0
Patricia Jackson,12,24,50.0
Mark Henderson,6,12,50.0
Crystal Robinson,5,10,50.0
Tara Anderson,5,10,50.0
Diana Moore,5,10,50.0
Alicia Hall,5,10,50.0
Alexander Hall,6,12,50.0
Jennifer Cross,6,12,50.0
Rebecca Kennedy,6,12,50.0
Susan Wells,5,10,50.0
Amy Stevens,5,10,50.0
Stephanie Myers,5,10,50.0
Crystal Turner,5,10,50.0
David Neal,7,14,50.0
Laura Cruz,6,12,50.0
Robert May,6,12,50.0
David Paul,5,10,50.0
William Nichols,8,16,50.0
Penny Garcia,5,10,50.0
Jon Miller,6,12,50.0
James Lynch,8,16,50.0
Thomas Simpson,6,12,50.0
William Meyer,8,16,50.0
Kelly Parker,5,10,50.0
Laura Wagner,5,10,50.0
Joseph Harvey,5,10,50.0
John Harrison,11,22,50.0
Timothy Hunter,5,10,50.0
Amy Barnes,6,12,50.0
Jennifer Carson,5,10,50.0
Jason Wallace,6,12,50.0
Angela Freeman,6,12,50.0
Jordan Lee,8,16,50.0
Jacqueline King,5,10,50.0
Christopher Henderson,15,30,50.0
James Trujillo,6,12,50.0
John Kim,16,32,50.0
Jessica Curtis,5,10,50.0
Wanda Johnson,5,10,50.0
Mary Perry,5,10,50.0
Victoria Green,5,10,50.0
Jacob Wilson,14,28,50.0
Christina Ruiz,5,10,50.0
Tammy Thomas,9,18,50.0
Jeffrey Gordon,5,10,50.0
Ryan Arnold,5,10,50.0
David Medina,9,18,50.0
Danielle Thompson,6,12,50.0
Kathryn Adams,5,10,50.0
Amy Harris,19,38,50.0
Thomas Foster,10,20,50.0
Jeremy Gonzalez,12,24,50.0
Jose Sanchez,6,12,50.0
David Cummings,5,10,50.0
Jonathan Ross,5,10,50.0
Travis Wilson,8,16,50.0
Susan Morris,5,10,50.0
Corey Martinez,6,12,50.0
Michelle Ryan,6,12,50.0
Sandra Thomas,14,28,50.0
Kimberly Murray,5,10,50.0
Jonathan Torres,8,16,50.0
Rebecca Carpenter,5,10,50.0
Charles Perry,5,10,50.0
Richard Lewis,13,26,50.0
Michael Higgins,8,16,50.0
Matthew Romero,6,12,50.0
Christian Garcia,7,14,50.0
Christina Murphy,10,20,50.0
Megan Adams,5,10,50.0
Amy Gordon,5,10,50.0
Jason Nguyen,11,22,50.0
Courtney Hernandez,6,12,50.0
Tammy Burns,5,10,50.0
Keith Hill,6,12,50.0
Natalie Harris,7,14,50.0
Steven Bailey,6,12,50.0
John Davidson,6,12,50.0
Samantha Ray,6,12,50.0
Joseph Wood,14,28,50.0
Karen Chavez,5,10,50.0
Katie Robinson,7,14,50.0
Dana Rodriguez,9,18,50.0
Logan Johnson,5,10,50.0
Kevin Lawrence,5,10,50.0
Timothy Carter,15,30,50.0
James Powers,5,10,50.0
Nicholas James,7,14,50.0
Robert Terry,7,14,50.0
Mary Gibson,7,14,50.0
Michael Rojas,5,10,50.0
Kenneth Gutierrez,5,10,50.0
Tracy Robinson,8,16,50.0
Lisa Dunn,8,16,50.0
Julia Williams,8,16,50.0
Joseph Gordon,7,14,50.0
Danielle Phillips,6,12,50.0
Paul Simmons,5,10,50.0
Anthony Vargas,5,10,50.0
Joshua Arnold,6,12,50.0
Tony Miller,6,12,50.0
Donald Hernandez,9,18,50.0
Joshua Washington,5,10,50.0
Christopher Riley,7,14,50.0
Richard Bell,8,16,50.0
Matthew Conley,5,10,50.0
Justin Ellis,5,10,50.0
Michael Soto,9,18,50.0
Laura Rivera,9,18,50.0
Rebecca Reed,5,10,50.0
Casey Edwards,5,10,50.0
Kristin Thompson,6,12,50.0
Nancy Lee,6,12,50.0
Kathleen Hall,8,16,50.0
Jonathan Alvarez,5,10,50.0
Kathryn Ramirez,5,10,50.0
Todd Robinson,7,14,50.0
Shawn Nguyen,5,10,50.0
Raymond Jones,12,24,50.0
Jessica Gardner,8,16,50.0
Travis Ramirez,5,10,50.0
Mary Sanders,5,10,50.0
Kenneth James,5,10,50.0
Albert Williams,5,10,50.0
Katie Thomas,5,10,50.0
Morgan Davis,6,12,50.0
Steven Burns,7,14,50.0
Jessica Carr,5,10,50.0
Joseph Patel,7,14,50.0
Christina Stewart,7,14,50.0
Ryan Jordan,5,10,50.0
Jessica Gilbert,7,14,50.0
Mitchell Brown,6,12,50.0
Dana Wright,5,10,50.0
Joseph Fleming,5,10,50.0
Brooke Wilson,6,12,50.0
Michael Lucas,6,12,50.0
Kimberly Watkins,5,10,50.0
Christopher Underwood,5,10,50.0
Michael Bernard,5,10,50.0
Alexandra Baker,5,10,50.0
Christopher Flowers,5,10,50.0
Melissa Stone,5,10,50.0
Jessica Munoz,5,10,50.0
Joseph Owen,5,10,50.0
Donald Marshall,5,10,50.0
Matthew Henry,8,16,50.0
Jesse Wilson,9,18,50.0
Roger Thomas,6,12,50.0
Brian Jimenez,6,12,50.0
Brian Brooks,8,16,50.0
Lance Johnson,5,10,50.0
Christopher Rodgers,5,10,50.0
Heidi Brown,6,12,50.0
Kimberly Bailey,8,16,50.0
Bradley Martinez,6,12,50.0
Kristin Martin,7,14,50.0
Denise White,6,12,50.0
John Hardy,6,12,50.0
Michele Hernandez,8,16,50.0
Robert Mann,5,10,50.0
Matthew Adkins,5,10,50.0
Natalie Nelson,6,12,50.0
Emily Marshall,5,10,50.0
Tyler Walker,7,14,50.0
Sarah Bryant,5,10,50.0
Amanda Barrett,5,10,50.0
Robin Campbell,5,10,50.0
Raymond Moore,5,10,50.0
Sean Nguyen,5,10,50.0
Kimberly Dixon,6,12,50.0
Brandon Stewart,6,12,50.0
Kevin Kennedy,7,14,50.0
Tiffany Harris,12,24,50.0
Kyle Sanchez,5,10,50.0
Kelly Burns,6,12,50.0
Robert Mccarthy,5,10,50.0
Kevin Johnston,6,12,50.0
Charles Douglas,5,10,50.0
Lisa Sharp,5,10,50.0
Thomas Montgomery,6,12,50.0
Jennifer Jacobs,7,14,50.0
Ronald Lee,9,18,50.0
Jesse Lewis,5,10,50.0
John Cain,5,10,50.0
Juan Anderson,6,12,50.0
Amy Moreno,5,10,50.0
Michelle Kelley,8,16,50.0
Jennifer Herrera,7,14,50.0
Tammy Rodriguez,10,20,50.0
David Franklin,6,12,50.0
Matthew Aguilar,7,14,50.0
Brandi Rodriguez,6,12,50.0
Emily Wood,5,10,50.0
Jessica Wheeler,6,12,50.0
Rachel Olson,5,10,50.0
Kevin Daniels,6,12,50.0
Jennifer Bishop,8,16,50.0
Sean Lee,9,18,50.0
Emily Webb,5,10,50.0
Willie Davis,5,10,50.0
Daniel Fowler,5,10,50.0
Bryan Scott,6,12,50.0
Victoria Watson,5,10,50.0
Dana Martin,5,10,50.0
Daniel Horton,5,10,50.0
Sabrina Brown,6,12,50.0
Joseph Reyes,9,18,50.0
Jacob Myers,6,12,50.0
Bryan Williams,15,30,50.0
Tony White,5,10,50.0
David Wise,6,12,50.0
Nathan Diaz,5,10,50.0
John Christian,5,10,50.0
Richard Mendez,5,10,50.0
Angela Carlson,6,12,50.0
James Kim,12,24,50.0
Amanda Wells,8,16,50.0
Andrew Grant,5,10,50.0
Eric Dawson,5,10,50.0
Katherine Tucker,5,10,50.0
Lisa Coleman,9,18,50.0
Megan Bauer,5,10,50.0
Elizabeth Schmidt,6,12,50.0
Adam Morgan,6,12,50.0
Thomas Watts,5,10,50.0
Donna Sanchez,5,10,50.0
Kristi Jones,5,10,50.0
Caroline Johnson,5,10,50.0
Michelle Sharp,5,10,50.0
Sharon Gonzalez,5,10,50.0
Michael Chan,6,12,50.0
Luis Davis,5,10,50.0
Andrew Burke,6,12,50.0
Bruce Taylor,5,10,50.0
Michael Davidson,10,20,50.0
Erin Anderson,9,18,50.0
Brian Peters,7,14,50.0
Angela Fernandez,7,14,50.0
Robert Garrett,5,10,50.0
David Lin,6,12,50.0
Tina Lee,6,12,50.0
Charles Wells,5,10,50.0
Christine Patterson,6,12,50.0
Alexander Garcia,5,10,50.0
Zachary Lewis,5,10,50.0
Christy Davis,5,10,50.0
Mary Contreras,5,10,50.0
Ryan Morgan,5,10,50.0
Alexandra Martin,5,10,50.0
James Harvey,7,14,50.0
Sandra Nelson,6,12,50.0
Nicholas West,7,14,50.0
Kevin Carr,7,14,50.0
Thomas Davidson,5,10,50.0
Lisa Wood,14,28,50.0
Frank Allen,5,10,50.0
Steven Hopkins,5,10,50.0
Matthew Carroll,8,16,50.0
Rachel Ford,6,12,50.0
Adam Scott,5,10,50.0
Jessica Perry,10,20,50.0
Allison Brown,11,22,50.0
Erin Lee,5,10,50.0
Cheryl Garcia,9,18,50.0
George Garcia,9,18,50.0
Alyssa Taylor,5,10,50.0
Matthew Ford,8,16,50.0
Kathryn Taylor,5,10,50.0
Brandon Lopez,9,18,50.0
James Vaughn,7,14,50.0
Christine Miller,18,36,50.0
Daniel Little,5,10,50.0
Nicole Reese,5,10,50.0
David Gallagher,5,10,50.0
Timothy Benson,5,10,50.0
Brianna Rodriguez,5,10,50.0
James Ford,14,28,50.0
Mark Cook,7,14,50.0
Lisa Franklin,7,14,50.0
Christina Webb,6,12,50.0
Melissa Kelly,8,16,50.0
Jeffrey Oliver,5,10,50.0
Brian Boyd,5,10,50.0
Joshua Bennett,10,20,50.0
Brittany Flores,7,14,50.0
Jason Moore,19,38,50.0
Eric Neal,5,10,50.0
Jason Long,5,10,50.0
Kevin Jacobs,5,10,50.0
Zachary Morris,6,12,50.0
Laura Cooper,5,10,50.0
Brian Hill,9,18,50.0
Crystal Rodriguez,8,16,50.0
Sarah Schultz,6,12,50.0
Andrea Sullivan,5,10,50.0
Tara Hernandez,5,10,50.0
James Casey,5,10,50.0
Aaron Ward,5,10,50.0
Robert Matthews,8,16,50.0
Stephanie Bailey,9,18,50.0
Kelly Walker,14,28,50.0
Andrew Hughes,5,10,50.0
James Luna,6,12,50.0
Ryan Ford,6,12,50.0
Christopher Singh,5,10,50.0
Kristin Anderson,5,10,50.0
Barbara Miller,8,16,50.0
Kyle King,6,12,50.0
Cathy Jones,5,10,50.0
David Marks,5,10,50.0
Jennifer Atkinson,5,10,50.0
Steven Grant,7,14,50.0
Lauren Carter,6,12,50.0
Melissa Valentine,5,10,50.0
Hayley Johnson,5,10,50.0
Sarah Shaw,8,16,50.0
Charles Woods,5,10,50.0
Jeffrey Cook,8,16,50.0
Laura Evans,5,10,50.0
David Baldwin,6,12,50.0
Laura Lopez,10,20,50.0
David Mullins,5,10,50.0
Kimberly Barker,5,10,50.0
Natasha Johnson,6,12,50.0
Theresa Roberts,5,10,50.0
William Mitchell,20,40,50.0
Nathan Parker,5,10,50.0
Nathan Cox,5,10,50.0
Emily Sanders,5,10,50.0
Matthew Lawson,6,12,50.0
Charles Garcia,21,42,50.0
Robert Waters,6,12,50.0
Paul Edwards,8,16,50.0
Timothy Gordon,5,10,50.0
Michael Bullock,5,10,50.0
Linda Peterson,5,10,50.0
Michael Pham,5,10,50.0
Carol Clark,6,12,50.0
Jeffrey Butler,7,14,50.0
James Mccormick,5,10,50.0
Brian Palmer,5,10,50.0
Brett Williams,5,10,50.0
Kayla Green,5,10,50.0
Kimberly Holloway,5,10,50.0
Christopher Dalton,5,10,50.0
John Reid,5,10,50.0
Joshua Marshall,5,10,50.0
Ann Miller,5,10,50.0
Lisa Mills,5,10,50.0
Carolyn Jones,7,14,50.0
Gregory Perez,10,20,50.0
Jennifer Singleton,5,10,50.0
Richard Daniels,5,10,50.0
Tracy Roberts,6,12,50.0
Stephanie Contreras,5,10,50.0
Veronica Martin,5,10,50.0
Jason Soto,6,12,50.0
Jason Vasquez,5,10,50.0
Cindy Brown,11,22,50.0
Brenda Thompson,8,16,50.0
Daniel Paul,5,10,50.0
Thomas Griffin,5,10,50.0
James Wiggins,5,10,50.0
Timothy Thompson,18,36,50.0
Alexis Miller,9,18,50.0
Christine Ellis,5,10,50.0
Elizabeth Holmes,5,10,50.0
Brian Higgins,5,10,50.0
Nancy Lopez,6,12,50.0
Jennifer Flores,19,38,50.0
Samuel Thompson,6,12,50.0
Amanda Barnes,6,12,50.0
Christopher Obrien,6,12,50.0
Kimberly Palmer,5,10,50.0
Zachary Watson,5,10,50.0
Kenneth Morris,7,14,50.0
Matthew Fleming,5,10,50.0
James Hunter,10,20,50.0
Christopher Bowman,6,12,50.0
Philip Rodriguez,5,10,50.0
Laura Griffin,5,10,50.0
Kenneth Young,9,18,50.0
Kelly Graham,5,10,50.0
Brenda Diaz,5,10,50.0
Brandy Martinez,5,10,50.0
Richard Porter,6,12,50.0
Alexis Martin,6,12,50.0
Rachel Wright,10,20,50.0
Jose Garcia,12,24,50.0
Tiffany Walker,6,12,50.0
Brian Bennett,10,20,50.0
Maria Cooper,5,10,50.0
Steven Freeman,5,10,50.0
Robert Huff,6,12,50.0
Laura Perez,9,18,50.0
Donald James,7,14,50.0
Amy Bennett,6,12,50.0
Ashley Frye,5,10,50.0
Cynthia Reed,5,10,50.0
Amber Young,7,14,50.0
Carrie Davis,6,12,50.0
Lauren Stewart,6,12,50.0
Joseph Wagner,6,12,50.0
Mark Weaver,6,12,50.0
Joseph Arnold,5,10,50.0
Sarah Stevens,5,10,50.0
Robert Cannon,5,10,50.0
Michael Molina,7,14,50.0
Heather Patterson,8,16,50.0
Michele Rivera,5,10,50.0
Michelle Kelly,9,18,50.0
Jennifer Liu,7,14,50.0
Charles Barnes,5,10,50.0
Patrick Hill,9,18,50.0
Jason Medina,6,12,50.0
Peter Wilson,10,20,50.0
Thomas Barnes,5,10,50.0
Elizabeth Holt,5,10,50.0
Richard Black,5,10,50.0
Christopher Lucas,5,10,50.0
Ricky Williams,7,14,50.0
Shawn Hernandez,8,16,50.0
Terry Perez,5,10,50.0
Amanda Gomez,8,16,50.0
Jaime Jones,5,10,50.0
Jessica Gray,9,18,50.0
Justin Fisher,6,12,50.0
Kevin Ferguson,7,14,50.0
Kimberly Powell,6,12,50.0
Amanda Jordan,5,10,50.0
Debra Thomas,7,14,50.0
Jeffrey Carter,9,18,50.0
Jessica Richards,5,10,50.0
Jennifer Norton,5,10,50.0
Calvin Davis,5,10,50.0
Michael Fleming,6,12,50.0
Michael Trujillo,8,16,50.0
Christina Alvarez,6,12,50.0
Steven Myers,10,20,50.0
Stephanie Sullivan,5,10,50.0
Ryan Kim,5,10,50.0
Courtney Lee,5,10,50.0
Rebecca Cooper,5,10,50.0
Jessica Neal,5,10,50.0
Angela Long,7,14,50.0
Matthew Hawkins,5,10,50.0
Jamie Thomas,9,18,50.0
Kevin Weber,5,10,50.0
Brian Ramos,5,10,50.0
Jason Tucker,6,12,50.0
Christopher Carrillo,5,10,50.0
Jason Vaughn,5,10,50.0
Stephanie Russell,6,12,50.0
Kevin Richardson,6,12,50.0
Jennifer Dean,8,16,50.0
Sandra Flores,5,10,50.0
Michele Perez,6,12,50.0
Micheal Smith,8,16,50.0
David Campos,6,12,50.0
Patricia Flores,8,16,50.0
Kevin Cox,8,16,50.0
Matthew Lawrence,6,12,50.0
Tiffany Ramos,5,10,50.0
Wendy Reed,5,10,50.0
John Gross,5,10,50.0
David Blackwell,5,10,50.0
Sharon Allen,5,10,50.0
Cameron Brown,6,12,50.0
Christopher Hicks,8,16,50.0
David Bauer,6,12,50.0
Kendra Rodriguez,5,10,50.0
Crystal Evans,6,12,50.0
Anthony Gonzalez,13,26,50.0
Christopher Griffin,9,18,50.0
Timothy Marshall,6,12,50.0
Tracy Lewis,7,14,50.0
Derek Ramirez,5,10,50.0
David Cortez,5,10,50.0
Anna Hernandez,5,10,50.0
Angela Simpson,5,10,50.0
Stacy Wilson,10,20,50.0
Benjamin Evans,6,12,50.0
Rebecca Price,7,14,50.0
Amy Murphy,6,12,50.0
Katherine Wright,6,12,50.0
Matthew Joseph,5,10,50.0
Dylan Anderson,7,14,50.0
Linda Collins,5,10,50.0
Nancy Moore,8,16,50.0
Eric Kim,5,10,50.0
Megan Wood,7,14,50.0
Douglas Gonzalez,9,18,50.0
Christina Walker,7,14,50.0
Mary Boyd,5,10,50.0
Andrew Morgan,7,14,50.0
Scott Long,8,16,50.0
Billy Jones,5,10,50.0
Steven Caldwell,5,10,50.0
Jessica Schwartz,5,10,50.0
Anthony Jenkins,6,12,50.0
Ryan Watson,5,10,50.0
Kimberly Webb,7,14,50.0
Eric Vasquez,6,12,50.0
Gerald Brown,6,12,50.0
Melanie Robinson,5,10,50.0
Brian Jensen,5,10,50.0
Wendy Collins,5,10,50.0
Gerald Smith,11,22,50.0
Lauren Watson,5,10,50.0
Luis Jackson,7,14,50.0
Alexander Young,5,10,50.0
Brian Gordon,6,12,50.0
Brandon Tran,5,10,50.0
Nicole Fisher,7,14,50.0
Antonio Smith,11,22,50.0
Andrew Reynolds,7,14,50.0
Laura Perry,5,10,50.0
Brian West,6,12,50.0
Julie Reynolds,5,10,50.0
Jasmine Wright,5,10,50.0
Anna Lee,8,16,50.0
Jason Jenkins,6,12,50.0
Alexis Williams,15,30,50.0
Robert Carr,8,16,50.0
Brenda Cox,5,10,50.0
Jeffrey Sanders,5,10,50.0
Tiffany Hall,13,26,50.0
John Keller,6,12,50.0
Mark Freeman,5,10,50.0
Michael Velazquez,5,10,50.0
Todd Torres,5,10,50.0
Alexander Roberts,5,10,50.0
Richard Turner,8,16,50.0
Mary Sanchez,17,34,50.0
Susan Gonzales,6,12,50.0
Thomas Stevens,6,12,50.0
Ryan Leon,5,10,50.0
Anthony Curtis,5,10,50.0
Steven Butler,5,10,50.0
Kelly Jordan,6,12,50.0
Michael Boyd,15,30,50.0
David Sutton,6,12,50.0
Michael Schroeder,6,12,50.0
Megan Edwards,7,14,50.0
Cody Martin,6,12,50.0
Roger Smith,8,16,50.0
Rebecca Gray,6,12,50.0
Craig Taylor,7,14,50.0
Justin Gordon,5,10,50.0
Jacob Campbell,10,20,50.0
Christopher Gross,5,10,50.0
David Stone,13,26,50.0
Lori Robinson,5,10,50.0
Aaron Martin,10,20,50.0
Nathan Gonzalez,6,12,50.0
Jessica Delgado,5,10,50.0
Samantha Evans,6,12,50.0
Alicia Anderson,7,14,50.0
Lisa Hart,6,12,50.0
Kevin Washington,6,12,50.0
Terri Garcia,5,10,50.0
Jordan Collins,5,10,50.0
Jessica Ramirez,12,24,50.0
Amanda James,6,12,50.0
Theresa Rodriguez,7,14,50.0
Ashley Mcdaniel,5,10,50.0
Amber Reyes,5,10,50.0
Megan Ramos,7,14,50.0
Ian Smith,8,16,50.0
David Cobb,6,12,50.0
Melissa Gomez,9,18,50.0
Jason Howard,9,18,50.0
Richard Jimenez,5,10,50.0
Christopher Bishop,6,12,50.0
Sara Young,5,10,50.0
James Wang,7,14,50.0
Tiffany Diaz,5,10,50.0
Jessica Patterson,9,18,50.0
Matthew Andrews,7,14,50.0
Melissa Dixon,5,10,50.0
Cindy Anderson,6,12,50.0
Christopher Zimmerman,6,12,50.0
Kimberly Mason,5,10,50.0
Benjamin Reed,6,12,50.0
Aaron Sanders,5,10,50.0
April Hernandez,5,10,50.0
Jacob Romero,5,10,50.0
Jeffrey Wells,6,12,50.0
Mary Stevens,7,14,50.0
Paul Chavez,5,10,50.0
Robert Marquez,7,14,50.0
Kristen Moore,8,16,50.0
Julie Walker,8,16,50.0
Anthony Carroll,5,10,50.0
Michael Maxwell,7,14,50.0
Eric Greene,5,10,50.0
Seth Martinez,5,10,50.0
Carolyn Walker,5,10,50.0
Andrew Contreras,7,14,50.0
Leslie Thompson,5,10,50.0
Megan Cruz,5,10,50.0
Adam Cook,5,10,50.0
Christina Robinson,9,18,50.0
Robert Barnett,5,10,50.0
Joseph Sullivan,10,20,50.0
Melissa Carter,12,24,50.0
William Jensen,6,12,50.0
Melissa Gonzales,7,14,50.0
Jessica Bowman,5,10,50.0
Michael Sweeney,6,12,50.0
Kyle Munoz,6,12,50.0
Melissa Butler,8,16,50.0
Brandy Rodriguez,5,10,50.0
Paul Rivera,6,12,50.0
Jamie Morales,5,10,50.0
Michael Landry,5,10,50.0
Kristen Morris,6,12,50.0
Nicholas Fisher,5,10,50.0
Amy Richardson,8,16,50.0
Laura Hopkins,5,10,50.0
Nicole Rogers,6,12,50.0
Megan Little,5,10,50.0
Robert Ward,12,24,50.0
Erica Jones,14,28,50.0
Jeffrey Obrien,5,10,50.0
April Lewis,8,16,50.0
Patrick Mitchell,6,12,50.0
Melissa Reyes,6,12,50.0
Anthony Gordon,5,10,50.0
Sarah Woods,6,12,50.0
William Mcdonald,10,20,50.0
Mary Cruz,6,12,50.0
Shannon Brooks,5,10,50.0
Rebecca Murphy,8,16,50.0
Melissa Hunter,5,10,50.0
Jennifer Gallegos,5,10,50.0
Mary Pierce,6,12,50.0
Patricia Lucas,5,10,50.0
Kevin Mullins,6,12,50.0
Michael Reid,11,22,50.0
Barbara Flores,5,10,50.0
Lisa Weber,5,10,50.0
Brandon Hansen,5,10,50.0
Michelle Ward,8,16,50.0
Robert Johns,6,12,50.0
Patrick Murphy,7,14,50.0
Sara King,5,10,50.0
Cody Davis,7,14,50.0
Amber Parker,6,12,50.0
Donna Cooper,5,10,50.0
Maria Collins,5,10,50.0
Timothy Lee,17,34,50.0
Jeffrey Ward,6,12,50.0
Kristin Wilson,6,12,50.0
Eric Walters,5,10,50.0
Susan Adams,9,18,50.0
Melanie Davis,6,12,50.0
Cynthia Stewart,5,10,50.0
Jonathan Scott,12,24,50.0
David Patton,7,14,50.0
Rachel Allen,13,26,50.0
Lisa Patel,7,14,50.0
Ryan Roberts,6,12,50.0
Victor Moore,6,12,50.0
Jennifer Holland,6,12,50.0
Christopher Montgomery,5,10,50.0
Paige Smith,6,12,50.0
Cynthia Edwards,6,12,50.0
Susan George,5,10,50.0
Ashley Shaw,5,10,50.0
Cynthia James,5,10,50.0
Jessica Murray,5,10,50.0
Paul Wood,8,16,50.0
Deborah Gonzalez,8,16,50.0
Sarah Coleman,7,14,50.0
Monica Robinson,6,12,50.0
Emily Adams,9,18,50.0
James Sullivan,10,20,50.0
Annette Johnson,7,14,50.0
Michael Shaffer,7,14,50.0
Joshua Coleman,5,10,50.0
David Gentry,5,10,50.0
Tammy Clark,8,16,50.0
Scott Parker,7,14,50.0
Kenneth Richardson,6,12,50.0
Julia Baker,6,12,50.0
Brian Joseph,5,10,50.0
Daniel Oliver,5,10,50.0
Joseph Romero,6,12,50.0
Denise Adams,6,12,50.0
Benjamin Thomas,7,14,50.0
Timothy Hayes,5,10,50.0
Jessica Morgan,10,20,50.0
Patricia Berry,5,10,50.0
Nicholas Anderson,16,32,50.0
Jennifer Mccoy,7,14,50.0
Lindsay Johnson,9,18,50.0
Karen Boyd,5,10,50.0
Christine Parker,6,12,50.0
Samantha Torres,5,10,50.0
Karen Green,6,12,50.0
Laura Garcia,22,44,50.0
Gregory Ramirez,8,16,50.0
Dawn White,7,14,50.0
Christopher Green,26,53,49.06
Lisa Thompson,23,47,48.94
Brian Martin,23,47,48.94
Stephanie Gonzalez,18,37,48.65
Wendy Brown,17,35,48.57
Charles Jackson,17,35,48.57
Robin Brown,15,31,48.39
Christina Martinez,15,31,48.39
Eric Clark,14,29,48.28
Rebecca Wilson,14,29,48.28
Michael Duncan,14,29,48.28
Michael Henry,14,29,48.28
Cynthia Brown,26,54,48.15
Ashley King,13,27,48.15
Ryan Martinez,13,27,48.15
Ashley Richardson,12,25,48.0
Brandon Allen,12,25,48.0
Elizabeth Wright,12,25,48.0
Michael Howell,12,25,48.0
Charles Walker,12,25,48.0
Daniel Ward,12,25,48.0
Whitney Smith,11,23,47.83
Susan Clark,11,23,47.83
David Reynolds,11,23,47.83
Lori Garcia,11,23,47.83
John Hoffman,11,23,47.83
Sarah Lee,21,44,47.73
Jessica Stewart,10,21,47.62
William Ellis,10,21,47.62
James Ramos,10,21,47.62
Ian Johnson,10,21,47.62
David Castillo,10,21,47.62
Christine Harris,10,21,47.62
Stephanie Ramirez,10,21,47.62
Jennifer Crawford,10,21,47.62
Justin Morris,10,21,47.62
Jeffrey Campbell,10,21,47.62
Brian Jenkins,10,21,47.62
Scott Lewis,10,21,47.62
Robert Boyd,10,21,47.62
Samantha Rodriguez,9,19,47.37
Sabrina Johnson,9,19,47.37
Alan Miller,9,19,47.37
Matthew Harrison,9,19,47.37
Heather Parker,9,19,47.37
Michael Duran,9,19,47.37
Monica Garcia,9,19,47.37
Renee Johnson,9,19,47.37
James Larson,9,19,47.37
Jason Cox,9,19,47.37
Tammy Martin,9,19,47.37
Lauren Jenkins,9,19,47.37
Anthony Gray,9,19,47.37
Jessica Marshall,9,19,47.37
Austin Brown,9,19,47.37
Stephen Allen,9,19,47.37
Amanda Robinson,17,36,47.22
Matthew Ward,17,36,47.22
Michael Lang,8,17,47.06
Christopher Pierce,8,17,47.06
Andrew Campbell,8,17,47.06
Shane Brown,8,17,47.06
Lauren White,8,17,47.06
Luke Johnson,8,17,47.06
Elizabeth Butler,8,17,47.06
Michael Chase,8,17,47.06
Michael Manning,8,17,47.06
Jennifer Ruiz,8,17,47.06
Brett Brown,8,17,47.06
Justin Kelly,8,17,47.06
Matthew Butler,8,17,47.06
Suzanne Miller,8,17,47.06
Travis Jackson,8,17,47.06
Maria Mitchell,8,17,47.06
William Bennett,8,17,47.06
Robert Weaver,8,17,47.06
Joseph Sanders,8,17,47.06
Brenda King,8,17,47.06
Robert Craig,8,17,47.06
Kristen Jackson,8,17,47.06
Adam Robinson,8,17,47.06
Melissa Allen,15,32,46.88
Thomas White,15,32,46.88
Anthony Harris,15,32,46.88
Paula Smith,15,32,46.88
Catherine Green,7,15,46.67
Gerald Jones,7,15,46.67
Christopher Sherman,7,15,46.67
Andrea Mitchell,7,15,46.67
Heather Wood,7,15,46.67
Andrea Green,7,15,46.67
Kimberly Kennedy,7,15,46.67
Stephanie Morales,7,15,46.67
Richard Long,7,15,46.67
Rachel Murphy,7,15,46.67
Gary Martin,7,15,46.67
David Gross,7,15,46.67
Rebecca Wright,7,15,46.67
Kimberly Richardson,7,15,46.67
Steven Morgan,7,15,46.67
Steven Howard,7,15,46.67
Kevin Nelson,14,30,46.67
Katherine Hill,7,15,46.67
Cynthia Ramirez,7,15,46.67
Joshua Ramos,7,15,46.67
Sabrina Miller,7,15,46.67
Christopher Cunningham,7,15,46.67
Angela Gray,7,15,46.67
Bethany Smith,7,15,46.67
Anthony Turner,7,15,46.67
Amanda Morgan,7,15,46.67
Zachary Hernandez,7,15,46.67
Margaret Garcia,7,15,46.67
Victor Jones,7,15,46.67
William Hart,7,15,46.67
Laura Green,7,15,46.67
Olivia Williams,7,15,46.67
Thomas Sanders,7,15,46.67
Justin Murphy,7,15,46.67
Michael Rowe,7,15,46.67
John Fowler,7,15,46.67
Kevin Murphy,7,15,46.67
Christopher Deleon,7,15,46.67
Michelle Reed,7,15,46.67
Christina Bailey,7,15,46.67
Stacy Jones,7,15,46.67
Arthur Williams,7,15,46.67
Douglas Taylor,7,15,46.67
Bryan Martinez,7,15,46.67
Kimberly Sanders,7,15,46.67
Adam Harris,7,15,46.67
David Knight,7,15,46.67
Jeremy Robinson,7,15,46.67
Samantha Mitchell,7,15,46.67
Ronald Garcia,7,15,46.67
Monica Moore,7,15,46.67
Kimberly Holland,7,15,46.67
Terry Martin,7,15,46.67
Brian Barnes,7,15,46.67
Joseph Gutierrez,7,15,46.67
Michael Robbins,7,15,46.67
Brandy Jones,7,15,46.67
Lisa Alexander,7,15,46.67
Kristina Smith,7,15,46.67
Christopher Farmer,7,15,46.67
Shannon Lee,7,15,46.67
Melissa Walker,13,28,46.43
Dana Johnson,13,28,46.43
Sara Martinez,13,28,46.43
Rachel Anderson,13,28,46.43
Victoria Jones,13,28,46.43
Miguel Miller,6,13,46.15
Tony Jones,6,13,46.15
Pamela King,6,13,46.15
Stephanie Reed,6,13,46.15
James Barber,6,13,46.15
Jeffrey Shaw,6,13,46.15
Cynthia Williams,24,52,46.15
Jennifer Lucas,6,13,46.15
Kimberly Butler,6,13,46.15
Gregory Sanchez,6,13,46.15
Charles Flores,6,13,46.15
David Reid,6,13,46.15
Johnny Jones,6,13,46.15
Pamela Sanchez,6,13,46.15
Kelly Gomez,6,13,46.15
Denise King,6,13,46.15
Rachel Harrison,6,13,46.15
Samantha Green,6,13,46.15
John Porter,12,26,46.15
Patricia Turner,6,13,46.15
Anthony Patel,6,13,46.15
John Stanley,6,13,46.15
Christine Richardson,6,13,46.15
James Hogan,6,13,46.15
Michael Marsh,6,13,46.15
Rhonda Harris,6,13,46.15
James Lam,6,13,46.15
Eric Hill,12,26,46.15
Suzanne Garcia,6,13,46.15
Elizabeth Stephens,6,13,46.15
Erin Gomez,6,13,46.15
Emily Nelson,6,13,46.15
Andrew Willis,6,13,46.15
Lindsey Martinez,6,13,46.15
Michelle Burns,6,13,46.15
Joseph Parks,6,13,46.15
George White,6,13,46.15
James Richardson,12,26,46.15
Sarah Wheeler,6,13,46.15
Michelle Griffin,6,13,46.15
Jennifer Acosta,6,13,46.15
Justin Morales,6,13,46.15
Reginald Smith,6,13,46.15
Andrew Hamilton,6,13,46.15
Vincent Wright,6,13,46.15
Kenneth Nguyen,6,13,46.15
Mark Gomez,6,13,46.15
Christopher Watkins,6,13,46.15
Scott Bell,6,13,46.15
Richard Gray,6,13,46.15
Kathryn King,6,13,46.15
Michael Pruitt,6,13,46.15
Christopher Howell,6,13,46.15
James Benson,6,13,46.15
Hannah Martinez,6,13,46.15
Benjamin King,6,13,46.15
Stephen Campbell,6,13,46.15
John Stephens,6,13,46.15
Kyle Harris,12,26,46.15
Cheryl Moore,6,13,46.15
Jessica Hudson,6,13,46.15
David Hubbard,6,13,46.15
Misty Davis,6,13,46.15
Andrew Coleman,6,13,46.15
Maria Hall,6,13,46.15
Michael Lindsey,6,13,46.15
Jacqueline Thomas,6,13,46.15
Robin Garcia,6,13,46.15
Donald Hall,6,13,46.15
Ryan Kennedy,6,13,46.15
John Bridges,6,13,46.15
David Walton,6,13,46.15
James Weber,6,13,46.15
Anthony Ramos,6,13,46.15
Hannah Robinson,6,13,46.15
Barbara Clark,6,13,46.15
Michelle Stanley,6,13,46.15
Robert Mack,6,13,46.15
Lisa Ellis,6,13,46.15
Kathryn Thompson,6,13,46.15
Kelsey Miller,6,13,46.15
Terry Lopez,6,13,46.15
William Rhodes,6,13,46.15
John Butler,12,26,46.15
Lisa Ford,6,13,46.15
Michelle Marshall,6,13,46.15
Leslie Thomas,6,13,46.15
Logan Davis,6,13,46.15
Anna Adams,6,13,46.15
Nathan Harris,6,13,46.15
Linda Davis,17,37,45.95
Jonathan Lee,11,24,45.83
Dawn Miller,11,24,45.83
Eric Rodriguez,22,48,45.83
Samantha White,11,24,45.83
Stacey Brown,11,24,45.83
Michael Stevens,11,24,45.83
Adam Williams,16,35,45.71
Timothy Robinson,16,35,45.71
Karen Rogers,5,11,45.45
Evelyn Smith,5,11,45.45
Stacy Moore,5,11,45.45
Hannah Walker,5,11,45.45
Nicholas Morris,5,11,45.45
Joshua Hicks,5,11,45.45
Daniel Miranda,5,11,45.45
Stephen Barnes,5,11,45.45
Amanda Olson,5,11,45.45
Mark Terry,5,11,45.45
Jose Price,5,11,45.45
Melissa Beck,5,11,45.45
Joseph Austin,5,11,45.45
Whitney Brown,5,11,45.45
Carrie Fox,5,11,45.45
Sydney Brown,5,11,45.45
Jenna Anderson,5,11,45.45
Carrie Murphy,5,11,45.45
Jeremy Howard,5,11,45.45
James Mejia,5,11,45.45
Cheryl Thompson,5,11,45.45
Betty Smith,5,11,45.45
Aaron James,5,11,45.45
Matthew Sutton,5,11,45.45
Jennifer Cardenas,5,11,45.45
Caitlin Garcia,5,11,45.45
Anthony Fox,5,11,45.45
Lindsey Rodriguez,5,11,45.45
James Hartman,5,11,45.45
Jennifer Knox,5,11,45.45
Kristen Richardson,5,11,45.45
Jennifer Fields,5,11,45.45
Michael Salas,5,11,45.45
John Singh,5,11,45.45
Kristen Martinez,5,11,45.45
Jesse Wood,5,11,45.45
Juan Rodriguez,5,11,45.45
Brenda Nelson,5,11,45.45
Evan Williams,5,11,45.45
Kara Johnson,5,11,45.45
Michael Mcconnell,5,11,45.45
Noah Johnson,5,11,45.45
Christopher Goodman,5,11,45.45
Christopher Fleming,5,11,45.45
Michele Thompson,5,11,45.45
Richard Ellis,5,11,45.45
Megan Bryant,5,11,45.45
David Clarke,5,11,45.45
Susan Kennedy,5,11,45.45
Kristen King,5,11,45.45
Christopher Cameron,5,11,45.45
Ashley Vargas,5,11,45.45
Jesse King,5,11,45.45
Edward Rogers,5,11,45.45
Steven Gomez,5,11,45.45
James Ingram,5,11,45.45
Chad Evans,5,11,45.45
Steven Wood,5,11,45.45
April Garcia,5,11,45.45
Jonathan Murray,5,11,45.45
Darren Garcia,5,11,45.45
Michael Hess,5,11,45.45
Kimberly Henry,5,11,45.45
Kevin Morgan,5,11,45.45
Robin Lopez,5,11,45.45
Michael Cohen,5,11,45.45
James Hanson,5,11,45.45
Dawn Gomez,5,11,45.45
Julie Young,5,11,45.45
Katherine Murphy,5,11,45.45
Kimberly Roberts,10,22,45.45
Elizabeth Franklin,5,11,45.45
Matthew Black,5,11,45.45
Bradley White,5,11,45.45
Sarah Snyder,5,11,45.45
Michael Hines,5,11,45.45
Charles Snyder,5,11,45.45
Melissa Dunn,5,11,45.45
Jessica Palmer,5,11,45.45
Nicole Gutierrez,5,11,45.45
John Payne,10,22,45.45
Jennifer Perkins,5,11,45.45
Bryan Perry,5,11,45.45
Thomas Kelley,5,11,45.45
Garrett Jones,5,11,45.45
Jennifer Webb,10,22,45.45
John Washington,10,22,45.45
Stephen Cook,5,11,45.45
Jessica Davidson,5,11,45.45
Derek Miller,5,11,45.45
Beverly Williams,5,11,45.45
Charles Henry,5,11,45.45
James Frank,5,11,45.45
John Grant,5,11,45.45
Natalie Jackson,5,11,45.45
Scott Cruz,5,11,45.45
Sonya Brown,5,11,45.45
Martha Smith,10,22,45.45
Holly Thomas,5,11,45.45
Brenda Sanchez,5,11,45.45
Emily Andrews,5,11,45.45
Michael Hogan,5,11,45.45
Amy Edwards,5,11,45.45
Elizabeth Marshall,5,11,45.45
Robert Williamson,5,11,45.45
Daniel Lawrence,5,11,45.45
Kristen White,5,11,45.45
Amber Barnes,5,11,45.45
Melissa Tran,5,11,45.45
Steven Stone,5,11,45.45
Adam Fox,5,11,45.45
Courtney Walker,5,11,45.45
Jonathan Snyder,5,11,45.45
Catherine Young,5,11,45.45
Robert Mcgee,5,11,45.45
Robert Doyle,5,11,45.45
Jennifer Rowe,5,11,45.45
Michael Bean,5,11,45.45
Paul Torres,5,11,45.45
Ryan Butler,5,11,45.45
Rachel Baker,5,11,45.45
Zachary Robinson,10,22,45.45
Roy Smith,5,11,45.45
Melissa Ross,5,11,45.45
Tyler Hill,5,11,45.45
Bryan Clark,5,11,45.45
Daniel Aguilar,5,11,45.45
Alexis Clark,5,11,45.45
James Santiago,5,11,45.45
Lauren Nelson,5,11,45.45
Matthew Gilbert,5,11,45.45
James Leon,5,11,45.45
Jennifer Bond,5,11,45.45
Jason Barrett,5,11,45.45
Eric Mills,5,11,45.45
Joshua Oliver,5,11,45.45
Amber Garcia,10,22,45.45
Dawn Walker,5,11,45.45
David Garrison,5,11,45.45
Ronald Rivera,5,11,45.45
Sharon Green,5,11,45.45
Kevin Walker,10,22,45.45
Crystal Lee,5,11,45.45
Kristen Evans,5,11,45.45
Jennifer Valdez,5,11,45.45
Jennifer Booker,5,11,45.45
Paul Wallace,5,11,45.45
Melissa Hawkins,5,11,45.45
Daniel Freeman,5,11,45.45
James Navarro,5,11,45.45
Sherry Davis,5,11,45.45
Kelly Bennett,5,11,45.45
Paul Robinson,10,22,45.45
Jessica Weaver,5,11,45.45
Jennifer Ochoa,5,11,45.45
Heather Reid,5,11,45.45
Scott Baker,10,22,45.45
Angela Sanchez,10,22,45.45
Natalie Martinez,5,11,45.45
Jason Chavez,5,11,45.45
Richard Crawford,5,11,45.45
Daniel King,14,31,45.16
Jennifer Bennett,14,31,45.16
Tiffany Jones,14,31,45.16
Danielle Lee,9,20,45.0
Jacob Carter,9,20,45.0
Linda Anderson,9,20,45.0
Michelle Evans,9,20,45.0
Tanya Johnson,9,20,45.0
John Dixon,9,20,45.0
Amy Collins,9,20,45.0
Diana Williams,9,20,45.0
Elizabeth Rivera,9,20,45.0
Maria King,9,20,45.0
Wendy Jones,13,29,44.83
Nicole Adams,13,29,44.83
Lindsey Smith,13,29,44.83
Heather Hernandez,13,29,44.83
Rachel Martin,8,18,44.44
Ronald Thompson,8,18,44.44
John Rose,8,18,44.44
Shelley Smith,8,18,44.44
Jessica Gomez,12,27,44.44
Laura Kelly,8,18,44.44
Diane Garcia,8,18,44.44
Joel Williams,8,18,44.44
Michael Hansen,12,27,44.44
Robert Mason,8,18,44.44
Eric James,8,18,44.44
Joshua Campbell,8,18,44.44
Richard Olson,8,18,44.44
Emily Nguyen,8,18,44.44
Taylor Robinson,8,18,44.44
Philip Brown,8,18,44.44
Jose Taylor,8,18,44.44
Patrick Thomas,8,18,44.44
Anthony Taylor,19,43,44.19
James Welch,7,16,43.75
Vincent Brown,7,16,43.75
Tracy Turner,7,16,43.75
Michael Yang,7,16,43.75
James Crawford,7,16,43.75
Joshua Wells,7,16,43.75
Tiffany Anderson,7,16,43.75
Martin Williams,7,16,43.75
Jennifer Tran,7,16,43.75
Robert Hanson,7,16,43.75
Thomas Jimenez,7,16,43.75
Denise Lopez,7,16,43.75
Aaron Harris,7,16,43.75
Jacob Wright,7,16,43.75
Christopher Hansen,7,16,43.75
James Cross,7,16,43.75
Brenda Robinson,7,16,43.75
Jacqueline Lee,7,16,43.75
Kimberly Ramos,7,16,43.75
Melissa Murray,7,16,43.75
Allison Clark,7,16,43.75
John Richards,7,16,43.75
Joshua Patterson,7,16,43.75
Carolyn Brown,7,16,43.75
William Reid,7,16,43.75
Timothy Edwards,7,16,43.75
Ashley Kelly,7,16,43.75
John Dennis,7,16,43.75
Ruth Smith,7,16,43.75
Lisa Palmer,7,16,43.75
Cheryl Clark,7,16,43.75
Richard Gutierrez,7,16,43.75
James Harmon,7,16,43.75
Amy Nguyen,7,16,43.75
Michelle Simpson,7,16,43.75
Andrew Murphy,10,23,43.48
Tammy Moore,10,23,43.48
Sean Martinez,10,23,43.48
Joshua Murphy,9,21,42.86
Donald Perez,6,14,42.86
John Franco,6,14,42.86
Gary Harris,6,14,42.86
William Gomez,9,21,42.86
Eric Fisher,6,14,42.86
James Baldwin,6,14,42.86
James Bates,6,14,42.86
Amanda Patel,6,14,42.86
Ronald Harris,6,14,42.86
Erica Sanchez,6,14,42.86
Beverly Smith,6,14,42.86
Matthew Stone,6,14,42.86
Carol Brown,6,14,42.86
Kevin Gutierrez,6,14,42.86
John Wolfe,6,14,42.86
Ryan Bailey,6,14,42.86
Jeffrey Freeman,6,14,42.86
Taylor Hill,6,14,42.86
Catherine Hansen,6,14,42.86
Teresa White,6,14,42.86
Lisa Silva,6,14,42.86
Michelle Morgan,9,21,42.86
Sean Collins,6,14,42.86
Thomas Butler,6,14,42.86
Kathleen Clark,6,14,42.86
John Palmer,9,21,42.86
Alicia Moore,6,14,42.86
Marissa Smith,6,14,42.86
Paul Phillips,6,14,42.86
Richard Schmidt,6,14,42.86
Kevin Wallace,6,14,42.86
Ashley Morris,9,21,42.86
James Elliott,6,14,42.86
Samantha King,6,14,42.86
Timothy Murray,6,14,42.86
Teresa Allen,6,14,42.86
Tony Smith,11,26,42.31
Kelly Phillips,8,19,42.11
Catherine Walker,8,19,42.11
Cynthia Nelson,8,19,42.11
Robert Garza,8,19,42.11
Dylan Williams,8,19,42.11
Michelle Freeman,8,19,42.11
Scott Hill,8,19,42.11
Jennifer Knight,8,19,42.11
Laura Peterson,8,19,42.11
Joseph Bryant,8,19,42.11
David Fox,8,19,42.11
Carlos Johnson,8,19,42.11
William Kennedy,5,12,41.67
Jonathan Kennedy,5,12,41.67
Thomas Parks,5,12,41.67
James Craig,5,12,41.67
Sarah Owens,5,12,41.67
Jessica Doyle,5,12,41.67
Larry Miller,5,12,41.67
Jason Griffin,5,12,41.67
Melissa Johnston,5,12,41.67
Melissa Hart,5,12,41.67
Brian Coleman,5,12,41.67
Kyle Scott,5,12,41.67
Jason Brooks,5,12,41.67
David Buchanan,5,12,41.67
Rebecca Medina,5,12,41.67
Casey Anderson,5,12,41.67
Calvin Jones,5,12,41.67
Roy Johnson,5,12,41.67
Megan Rivera,5,12,41.67
Susan Reynolds,5,12,41.67
Sandra Hughes,5,12,41.67
Angela Kennedy,5,12,41.67
Bradley Martin,5,12,41.67
Tonya Jones,5,12,41.67
Charles Bell,5,12,41.67
Robert Norman,5,12,41.67
Janet White,5,12,41.67
Amanda Richards,5,12,41.67
Joseph Reynolds,5,12,41.67
Michael Barrera,5,12,41.67
Kimberly Castillo,5,12,41.67
Robert Garner,5,12,41.67
Danielle Robinson,5,12,41.67
Eric Nguyen,5,12,41.67
Patrick Long,5,12,41.67
Katherine Green,5,12,41.67
Ashley Daniels,5,12,41.67
Thomas Meyer,5,12,41.67
Katherine Cox,5,12,41.67
Katherine Ramirez,5,12,41.67
Kenneth Adams,5,12,41.67
Jennifer Reid,5,12,41.67
Michael Bridges,5,12,41.67
Nancy Sanchez,5,12,41.67
Christopher Floyd,5,12,41.67
Andrew Lawrence,5,12,41.67
Jessica Medina,5,12,41.67
Lisa Roberts,10,24,41.67
Ronald Davis,10,24,41.67
Daniel Hart,5,12,41.67
Melissa Munoz,5,12,41.67
Amy Alexander,5,12,41.67
Kimberly Stewart,5,12,41.67
Mary Freeman,5,12,41.67
James Moran,5,12,41.67
Lisa Hicks,5,12,41.67
Alexander Gonzalez,5,12,41.67
Mary Webb,5,12,41.67
Tanya Miller,5,12,41.67
Daniel Wheeler,5,12,41.67
Andrew Woods,5,12,41.67
Sarah Gonzales,5,12,41.67
Karen Walker,10,24,41.67
Veronica Lopez,5,12,41.67
Kyle Robinson,5,12,41.67
Jennifer Klein,5,12,41.67
Kevin Powell,5,12,41.67
Jason Coleman,5,12,41.67
Kevin Webb,5,12,41.67
Justin Edwards,5,12,41.67
Jennifer Bates,5,12,41.67
Madison Williams,5,12,41.67
Michelle Bell,5,12,41.67
Kimberly Mendoza,5,12,41.67
Carlos Davis,5,12,41.67
Lauren Walker,7,17,41.18
Jamie Clark,7,17,41.18
Lauren Thomas,7,17,41.18
Rachel Ramirez,7,17,41.18
Brian Wood,7,17,41.18
Crystal Carter,7,17,41.18
George Gonzalez,7,17,41.18
Anthony Reed,7,17,41.18
Amy King,7,17,41.18
Nicole Ramirez,7,17,41.18
Stacy Williams,7,17,41.18
Cassandra Miller,7,17,41.18
Amanda Kennedy,7,17,41.18
Brian Rivera,7,17,41.18
Jason Collins,9,22,40.91
Taylor Miller,15,37,40.54
Karen Barnes,6,15,40.0
Shannon Young,6,15,40.0
Willie Smith,6,15,40.0
John Ayala,6,15,40.0
Lisa Lane,6,15,40.0
Douglas Moore,8,20,40.0
Christina Moore,10,25,40.0
Michelle Foster,8,20,40.0
John Salazar,6,15,40.0
Mark Ramirez,8,20,40.0
Jessica Ellis,6,15,40.0
Elizabeth James,8,20,40.0
Jessica Morales,8,20,40.0
Amy Harrison,6,15,40.0
Kyle Allen,6,15,40.0
Amanda Gordon,6,15,40.0
Andrew Bennett,6,15,40.0
Amber Hill,6,15,40.0
Thomas Gibson,6,15,40.0
Mark Ramos,6,15,40.0
Frank Jones,6,15,40.0
Tiffany Ramirez,6,15,40.0
Tina Jackson,6,15,40.0
Nicholas Clark,11,28,39.29
John Kennedy,9,23,39.13
Jerry Williams,9,23,39.13
Samantha Campbell,7,18,38.89
Jeffrey Myers,7,18,38.89
Jennifer Day,7,18,38.89
Andrea Lee,7,18,38.89
Ashley Wood,7,18,38.89
Larry Jones,7,18,38.89
Tracy Anderson,7,18,38.89
Ashley Long,7,18,38.89
David Morales,10,26,38.46
Nicole Turner,5,13,38.46
Krista Brown,5,13,38.46
Joshua Ryan,5,13,38.46
Matthew Burton,5,13,38.46
David Velazquez,5,13,38.46
Joshua James,5,13,38.46
Jessica Larson,5,13,38.46
Casey Williams,5,13,38.46
Travis Lopez,5,13,38.46
Brandon Evans,5,13,38.46
Molly Garcia,5,13,38.46
Lori Davis,10,26,38.46
Aaron Peterson,5,13,38.46
George Thomas,5,13,38.46
Jeffrey Rivera,5,13,38.46
Roberto Smith,5,13,38.46
Lisa George,5,13,38.46
David Craig,5,13,38.46
Carla Brown,5,13,38.46
Shannon Hill,5,13,38.46
Michael Russo,5,13,38.46
Joshua Gonzales,5,13,38.46
April Carter,5,13,38.46
James Pierce,8,21,38.1
Stephanie Parker,8,21,38.1
Cynthia Adams,8,21,38.1
Tammy Lopez,8,21,38.1
Kathryn Davis,8,21,38.1
David Moreno,8,21,38.1
Sarah Harris,14,37,37.84
Samantha Hughes,6,16,37.5
Alexis Lee,6,16,37.5
Benjamin Adams,6,16,37.5
Lori Taylor,9,24,37.5
Kimberly Ortiz,6,16,37.5
Christopher Soto,6,16,37.5
Lauren Baker,6,16,37.5
Eric Morales,6,16,37.5
Joshua Reed,6,16,37.5
John Alexander,7,19,36.84
Barbara Wilson,7,19,36.84
Robert Stephens,7,19,36.84
Jason Young,8,22,36.36
William Robertson,5,14,35.71
Karen Adams,5,14,35.71
Karen Phillips,5,14,35.71
William Barnes,5,14,35.71
Kevin Dunn,5,14,35.71
Ryan Flores,5,14,35.71
Melissa Patterson,5,14,35.71
Corey Garcia,5,14,35.71
Julie Peterson,5,14,35.71
Stephen Evans,5,14,35.71
Samuel Lee,5,14,35.71
Lisa Gonzales,5,14,35.71
Jessica Boyd,5,14,35.71
Jason Sanders,5,14,35.71
Kelly Long,5,14,35.71
Gregory Moore,10,28,35.71
Jessica Snyder,6,17,35.29
Elizabeth Ramirez,6,17,35.29
Karen Hall,6,17,35.29
Sara Lee,6,17,35.29
Robert Foster,7,20,35.0
James Romero,8,23,34.78
Jacqueline Gonzalez,6,18,33.33
Kimberly Peterson,5,15,33.33
Nicholas Sanders,5,15,33.33
Brian Hamilton,6,18,33.33
Jonathan Cook,6,18,33.33
Amber Phillips,5,15,33.33
David Willis,6,18,33.33
Melinda Johnson,6,19,31.58
Carolyn Williams,5,16,31.25
Dylan Miller,5,16,31.25
Victor Williams,6,20,30.0
Andrew Flores,6,20,30.0
Shannon Perez,6,20,30.0
